Record;[0];[0]\[3];[1]\[3];FULL;QNAM;[2]\[2]\[0]\[0];RNAM
33658398;BYOHHouseBardRehireTopic [DIAL:030195C1];;[INFO:0301961E] (in GRUP Topic Children of BYOHHouseBardRehireTopic [DIAL:030195C1]);;;;
33658397;BYOHHouseBardRehireTopic [DIAL:030195C1];;[INFO:0301961D] (in GRUP Topic Children of BYOHHouseBardRehireTopic [DIAL:030195C1]);;;;
33658396;BYOHHouseBardRehireTopic [DIAL:030195C1];;[INFO:0301961C] (in GRUP Topic Children of BYOHHouseBardRehireTopic [DIAL:030195C1]);;;;
33658305;;BYOHHouseBardRehireTopic [DIAL:030195C1];;;BYOHHouseBuilding [QUST:0300305D];;
33658329;BYOHHouseBardRehireYes "I've changed my mind. I'd like you to stay." [DIAL:030195C0];;[INFO:030195D9] ([G]'Good! I knew you couldn't have been serious when you dismissed me. Life without music is hardly worth living, is it?' in GRUP Topic Children of BYOHHouseBardRehireYes "I've changed my mind. I'd like you to stay." [DIAL:030195C0]);;;BYOH_TIF__010195D9;
33658328;BYOHHouseBardRehireYes "I've changed my mind. I'd like you to stay." [DIAL:030195C0];;[INFO:030195D8] ([G]'As you wish. We can consider this incident nothing more than an unfortunate misunderstanding.' in GRUP Topic Children of BYOHHouseBardRehireYes "I've changed my mind. I'd like you to stay." [DIAL:030195C0]);;;BYOH_TIF__010195D8;
33658327;BYOHHouseBardRehireYes "I've changed my mind. I'd like you to stay." [DIAL:030195C0];;[INFO:030195D7] ([G]'Ah, excellent! We'll just call this a misunderstanding between friends. I've already forgotten it, myself.' in GRUP Topic Children of BYOHHouseBardRehireYes "I've changed my mind. I'd like you to stay." [DIAL:030195C0]);;;BYOH_TIF__010195D7;
33658304;;BYOHHouseBardRehireYes "I've changed my mind. I'd like you to stay." [DIAL:030195C0];;I've changed my mind. I'd like you to stay.;BYOHHouseBuilding [QUST:0300305D];;
33658310;BYOHHouseBardRehireNeverMind "No, never mind." [DIAL:030195BF];;[INFO:030195C6] ([G]'Oh. Well then, I'd best be on my way.' in GRUP Topic Children of BYOHHouseBardRehireNeverMind "No, never mind." [DIAL:030195BF]);;;;
33658303;;BYOHHouseBardRehireNeverMind "No, never mind." [DIAL:030195BF];;No, never mind.;BYOHHouseBuilding [QUST:0300305D];;
33658331;BYOHHouseBardIntroTopic [DIAL:030195BE];;[INFO:030195DB] ('Hello, my name is Oriella, the bard that you asked your steward to hire. I hope my music will be pleasing to you.' in GRUP Topic Children of BYOHHouseBardIntroTopic [DIAL:030195BE]);;;;
33658330;BYOHHouseBardIntroTopic [DIAL:030195BE];;[INFO:030195DA] ('Good day to you. I am Sonir, the bard that your steward has hired. Please let me know if there's anything specific you want to hear.' in GRUP Topic Children of BYOHHouseBardIntroTopic [DIAL:030195BE]);;;;
33656267;BYOHHouseBardIntroTopic [DIAL:030195BE];;[INFO:03018DCB] ('Allow me to introduce myself. I am the bard Llewellyn, known as "The Nightingale". Your steward has arranged for me to take service with you.' in GRUP Topic Children of BYOHHouseBardIntroTopic [DIAL:030195BE]);;;;
33658302;;BYOHHouseBardIntroTopic [DIAL:030195BE];;;BYOHHouseBuilding [QUST:0300305D];;
33657541;RelationshipAdoption_FGNameCallingBranchTopic [DIAL:030192B7];;[INFO:030192C5] (in GRUP Topic Children of RelationshipAdoption_FGNameCallingBranchTopic [DIAL:030192B7]);;;;
33657540;RelationshipAdoption_FGNameCallingBranchTopic [DIAL:030192B7];;[INFO:030192C4] (in GRUP Topic Children of RelationshipAdoption_FGNameCallingBranchTopic [DIAL:030192B7]);;;;
33657539;RelationshipAdoption_FGNameCallingBranchTopic [DIAL:030192B7];;[INFO:030192C3] (in GRUP Topic Children of RelationshipAdoption_FGNameCallingBranchTopic [DIAL:030192B7]);;;;
33657538;RelationshipAdoption_FGNameCallingBranchTopic [DIAL:030192B7];;[INFO:030192C2] (in GRUP Topic Children of RelationshipAdoption_FGNameCallingBranchTopic [DIAL:030192B7]);;;;
33657537;RelationshipAdoption_FGNameCallingBranchTopic [DIAL:030192B7];;[INFO:030192C1] (in GRUP Topic Children of RelationshipAdoption_FGNameCallingBranchTopic [DIAL:030192B7]);;;;
33657536;RelationshipAdoption_FGNameCallingBranchTopic [DIAL:030192B7];;[INFO:030192C0] (in GRUP Topic Children of RelationshipAdoption_FGNameCallingBranchTopic [DIAL:030192B7]);;;;
33657535;RelationshipAdoption_FGNameCallingBranchTopic [DIAL:030192B7];;[INFO:030192BF] (in GRUP Topic Children of RelationshipAdoption_FGNameCallingBranchTopic [DIAL:030192B7]);;;;
33657534;RelationshipAdoption_FGNameCallingBranchTopic [DIAL:030192B7];;[INFO:030192BE] (in GRUP Topic Children of RelationshipAdoption_FGNameCallingBranchTopic [DIAL:030192B7]);;;;
33657527;;RelationshipAdoption_FGNameCallingBranchTopic [DIAL:030192B7];;;BYOHRelationshipAdoption [QUST:030042B4];;
33657528;RelationshipAdoption_FGNameCallingBreakup1 "Cut it out, both of you." [DIAL:030192B6];;[INFO:030192B8] ([G] in GRUP Topic Children of RelationshipAdoption_FGNameCallingBreakup1 "Cut it out, both of you." [DIAL:030192B6]);;;BYOH_TIF__010192B8;
33657526;;RelationshipAdoption_FGNameCallingBreakup1 "Cut it out, both of you." [DIAL:030192B6];;Cut it out, both of you.;BYOHRelationshipAdoption [QUST:030042B4];;
33657533;RelationshipAdoption_FGNameCallingBreakup2 [DIAL:030192B5];;[INFO:030192BD] ([G] in GRUP Topic Children of RelationshipAdoption_FGNameCallingBreakup2 [DIAL:030192B5]);;;BYOH_TIF__010192BD;Enough. <Alias.ShortName=Child2>, go to your room.
33657532;RelationshipAdoption_FGNameCallingBreakup2 [DIAL:030192B5];;[INFO:030192BC] ([G] in GRUP Topic Children of RelationshipAdoption_FGNameCallingBreakup2 [DIAL:030192B5]);;;BYOH_TIF__010192BC;Enough. <Alias.ShortName=Child1>, go to your room.
33657531;RelationshipAdoption_FGNameCallingBreakup2 [DIAL:030192B5];;[INFO:030192BB] ([G] in GRUP Topic Children of RelationshipAdoption_FGNameCallingBreakup2 [DIAL:030192B5]);;;BYOH_TIF__010192BB;Enough. <Alias.ShortName=Child2>, go to your room.
33657530;RelationshipAdoption_FGNameCallingBreakup2 [DIAL:030192B5];;[INFO:030192BA] ([G] in GRUP Topic Children of RelationshipAdoption_FGNameCallingBreakup2 [DIAL:030192B5]);;;BYOH_TIF__010192BA;Enough. <Alias.ShortName=Child1>, go to your room.
33657525;;RelationshipAdoption_FGNameCallingBreakup2 [DIAL:030192B5];;;BYOHRelationshipAdoption [QUST:030042B4];;
33657529;RelationshipAdoption_RehirePetsTopicTopic [DIAL:030192B4];;[INFO:030192B9] ([G]'(bark)' in GRUP Topic Children of RelationshipAdoption_RehirePetsTopicTopic [DIAL:030192B4]);;;BYOH_TIF__010192B9;C'mon boy, come with me.
33657524;;RelationshipAdoption_RehirePetsTopicTopic [DIAL:030192B4];;;BYOHRelationshipAdoption [QUST:030042B4];;
33656266;BYOHHouseBardBranchTopic "I'd like to make a request." [DIAL:03018DC7];;[INFO:03018DCA] ('Of course, anything you like!' in GRUP Topic Children of BYOHHouseBardBranchTopic "I'd like to make a request." [DIAL:03018DC7]);;;BYOH_TIF__01018DCA;
33656263;;BYOHHouseBardBranchTopic "I'd like to make a request." [DIAL:03018DC7];;I'd like to make a request.;BYOHHouseBuilding [QUST:0300305D];;
33656265;BYOHHouseBardInstrumental "How about some instrumental music?" [DIAL:03018DC6];;[INFO:03018DC9] ([G]'It would be my pleasure.' in GRUP Topic Children of BYOHHouseBardInstrumental "How about some instrumental music?" [DIAL:03018DC6]);;;BYOH_TIF__01018DC9;
33656262;;BYOHHouseBardInstrumental "How about some instrumental music?" [DIAL:03018DC6];;How about some instrumental music?;BYOHHouseBuilding [QUST:0300305D];;
33656264;BYOHHouseBardTakeABreak "Can you take a break?" [DIAL:03018DC5];;[INFO:03018DC8] ([G]'Your wish is my command, as always.' in GRUP Topic Children of BYOHHouseBardTakeABreak "Can you take a break?" [DIAL:03018DC5]);;;BYOH_TIF__01018DC8;
33656261;;BYOHHouseBardTakeABreak "Can you take a break?" [DIAL:03018DC5];;Can you take a break?;BYOHHouseBuilding [QUST:0300305D];;
33656287;BYOHHouseBardDismissTopic "I don't need your services any more." [DIAL:03018DC4];;[INFO:03018DDF] ([G]'I'm sorry to hear that. It was my honor to have you as a patron. Please let your steward know if you want to hire me again.' in GRUP Topic Children of BYOHHouseBardDismissTopic "I don't need your services any more." [DIAL:03018DC4]);;;BYOH_TIF__01018DDF;
33656260;;BYOHHouseBardDismissTopic "I don't need your services any more." [DIAL:03018DC4];;I don't need your services any more.;BYOHHouseBuilding [QUST:0300305D];;
33656277;BYOHHouseBardSwitchInstrument "I'd like you to play a different instrument." [DIAL:03018DC3];;[INFO:03018DD5] ('Certainly. I am trained in the three traditional bardic instruments: lute, drum, and flute. Which would you prefer?' in GRUP Topic Children of BYOHHouseBardSwitchInstrument "I'd like you to play a different instrument." [DIAL:03018DC3]);;;;
33656259;;BYOHHouseBardSwitchInstrument "I'd like you to play a different instrument." [DIAL:03018DC3];;I'd like you to play a different instrument.;BYOHHouseBuilding [QUST:0300305D];;
33656270;BYOHHouseBardSwitchInstrumentLute "Lute." [DIAL:03018DC2];;[INFO:03018DCE] ([G] in GRUP Topic Children of BYOHHouseBardSwitchInstrumentLute "Lute." [DIAL:03018DC2]);;;BYOH_TIF__01018DCE;
33656269;BYOHHouseBardSwitchInstrumentLute "Lute." [DIAL:03018DC2];;[INFO:03018DCD] ([G] in GRUP Topic Children of BYOHHouseBardSwitchInstrumentLute "Lute." [DIAL:03018DC2]);;;BYOH_TIF__01018DCD;
33656268;BYOHHouseBardSwitchInstrumentLute "Lute." [DIAL:03018DC2];;[INFO:03018DCC] ([G]'The most elegant of instruments. The pinnacle of the bardic art.' in GRUP Topic Children of BYOHHouseBardSwitchInstrumentLute "Lute." [DIAL:03018DC2]);;;BYOH_TIF__01018DCC;
33656258;;BYOHHouseBardSwitchInstrumentLute "Lute." [DIAL:03018DC2];;Lute.;BYOHHouseBuilding [QUST:0300305D];;
33656286;BYOHHouseBardSwitchInstrumentDrum "Drum." [DIAL:03018DC1];;[INFO:03018DDE] ([G] in GRUP Topic Children of BYOHHouseBardSwitchInstrumentDrum "Drum." [DIAL:03018DC1]);;;BYOH_TIF__01018DDE;
33656285;BYOHHouseBardSwitchInstrumentDrum "Drum." [DIAL:03018DC1];;[INFO:03018DDD] ([G] in GRUP Topic Children of BYOHHouseBardSwitchInstrumentDrum "Drum." [DIAL:03018DC1]);;;BYOH_TIF__01018DDD;
33656284;BYOHHouseBardSwitchInstrumentDrum "Drum." [DIAL:03018DC1];;[INFO:03018DDC] ([G]'Sit back and enjoy some classical drumming.' in GRUP Topic Children of BYOHHouseBardSwitchInstrumentDrum "Drum." [DIAL:03018DC1]);;;BYOH_TIF__01018DDC;
33656257;;BYOHHouseBardSwitchInstrumentDrum "Drum." [DIAL:03018DC1];;Drum.;BYOHHouseBuilding [QUST:0300305D];;
33656276;BYOHHouseBardSwitchInstrumentFlute "Flute." [DIAL:03018DC0];;[INFO:03018DD4] ([G] in GRUP Topic Children of BYOHHouseBardSwitchInstrumentFlute "Flute." [DIAL:03018DC0]);;;BYOH_TIF__01018DD4;
33656275;BYOHHouseBardSwitchInstrumentFlute "Flute." [DIAL:03018DC0];;[INFO:03018DD3] ([G] in GRUP Topic Children of BYOHHouseBardSwitchInstrumentFlute "Flute." [DIAL:03018DC0]);;;BYOH_TIF__01018DD3;
33656274;BYOHHouseBardSwitchInstrumentFlute "Flute." [DIAL:03018DC0];;[INFO:03018DD2] ([G]'You're a connoisseur, indeed. Not many appreciate the subtle beauty of the flute.' in GRUP Topic Children of BYOHHouseBardSwitchInstrumentFlute "Flute." [DIAL:03018DC0]);;;BYOH_TIF__01018DD2;
33656256;;BYOHHouseBardSwitchInstrumentFlute "Flute." [DIAL:03018DC0];;Flute.;BYOHHouseBuilding [QUST:0300305D];;
33656283;BYOHHouseStewardUpgradeBard "Bard. (<Global=BYOHHPCostBard> gold)" [DIAL:03018DBF];;[INFO:03018DDB] (in GRUP Topic Children of BYOHHouseStewardUpgradeBard "Bard. (<Global=BYOHHPCostBard> gold)" [DIAL:03018DBF]);;;;
33656282;BYOHHouseStewardUpgradeBard "Bard. (<Global=BYOHHPCostBard> gold)" [DIAL:03018DBF];;[INFO:03018DDA] (in GRUP Topic Children of BYOHHouseStewardUpgradeBard "Bard. (<Global=BYOHHPCostBard> gold)" [DIAL:03018DBF]);;;BYOH_TIF__01018DDA;
33656281;BYOHHouseStewardUpgradeBard "Bard. (<Global=BYOHHPCostBard> gold)" [DIAL:03018DBF];;[INFO:03018DD9] (in GRUP Topic Children of BYOHHouseStewardUpgradeBard "Bard. (<Global=BYOHHPCostBard> gold)" [DIAL:03018DBF]);;;;
33656280;BYOHHouseStewardUpgradeBard "Bard. (<Global=BYOHHPCostBard> gold)" [DIAL:03018DBF];;[INFO:03018DD8] (in GRUP Topic Children of BYOHHouseStewardUpgradeBard "Bard. (<Global=BYOHHPCostBard> gold)" [DIAL:03018DBF]);;;BYOH_TIF__01018DD8;
33656279;BYOHHouseStewardUpgradeBard "Bard. (<Global=BYOHHPCostBard> gold)" [DIAL:03018DBF];;[INFO:03018DD7] (in GRUP Topic Children of BYOHHouseStewardUpgradeBard "Bard. (<Global=BYOHHPCostBard> gold)" [DIAL:03018DBF]);;;;
33656278;BYOHHouseStewardUpgradeBard "Bard. (<Global=BYOHHPCostBard> gold)" [DIAL:03018DBF];;[INFO:03018DD6] (in GRUP Topic Children of BYOHHouseStewardUpgradeBard "Bard. (<Global=BYOHHPCostBard> gold)" [DIAL:03018DBF]);;;BYOH_TIF__01018DD6;
33656255;;BYOHHouseStewardUpgradeBard "Bard. (<Global=BYOHHPCostBard> gold)" [DIAL:03018DBF];;Bard. (<Global=BYOHHPCostBard> gold);BYOHHouseBuilding [QUST:0300305D];;
33656254;;[DIAL:03018DBE];;;BYOHHouseBuilding [QUST:0300305D];;
33557552;BYOHHousePalePurchaseTopic "I'd like to purchase a house." [DIAL:03017709];;[INFO:03000C30] ([SO] in GRUP Topic Children of BYOHHousePalePurchaseTopic "I'd like to purchase a house." [DIAL:03017709]);;;BYOH_TIF__01000C30;I got your letter about the land for sale. Is it still available?
33650446;BYOHHousePalePurchaseTopic "I'd like to purchase a house." [DIAL:03017709];;[INFO:0301770E] ('Yes, it is. It's in the southern part of the Pale, right on the border with Whiterun Hold. All the room in the world to build your own house.' in GRUP Topic Children of BYOHHousePalePurchaseTopic "I'd like to purchase a house." [DIAL:03017709]);;;BYOH_TIF__0101770E;Is that land you mentioned still available?
33650445;BYOHHousePalePurchaseTopic "I'd like to purchase a house." [DIAL:03017709];;[INFO:0301770D] ([SO]'Sorry, no houses for sale in Dawnstar right now. But... I could sell you land in the hold where you could build your own house.' in GRUP Topic Children of BYOHHousePalePurchaseTopic "I'd like to purchase a house." [DIAL:03017709]);;;BYOH_TIF__0101770D;
33650444;BYOHHousePalePurchaseTopic "I'd like to purchase a house." [DIAL:03017709];;[INFO:0301770C] ([SO]'Land? Ah, yes. The Heljarchen estate. I thought of you immediately when it became available.' in GRUP Topic Children of BYOHHousePalePurchaseTopic "I'd like to purchase a house." [DIAL:03017709]);;;BYOH_TIF__0101770C;I got your letter about the land for sale. Is it still available?
33557554;BYOHHousePalePurchaseTopic "I'd like to purchase a house." [DIAL:03017709];;[INFO:03000C32] (in GRUP Topic Children of BYOHHousePalePurchaseTopic "I'd like to purchase a house." [DIAL:03017709]);;;BYOH_TIF__01000C32;Is that land you mentioned still available?
33557553;BYOHHousePalePurchaseTopic "I'd like to purchase a house." [DIAL:03017709];;[INFO:03000C31] ([SO]'No, I'm sorry. But there is land, available to you for purchase.' in GRUP Topic Children of BYOHHousePalePurchaseTopic "I'd like to purchase a house." [DIAL:03017709]);;;BYOH_TIF__01000C31;
33650441;;BYOHHousePalePurchaseTopic "I'd like to purchase a house." [DIAL:03017709];;I'd like to purchase a house.;BYOHHousePale [QUST:03010BEE];;
33650443;BYOHHousePalePurchaseYes "I'll take it. (<Global=BYOHHPCost> gold)" [DIAL:03017708];;[INFO:0301770B] ('Wonderful. I'll sleep better knowing you're watching the southern marches. Here's the title to your steading.' in GRUP Topic Children of BYOHHousePalePurchaseYes "I'll take it. (<Global=BYOHHPCost> gold)" [DIAL:03017708]);;;BYOH_TIF__0101770B;
33557550;BYOHHousePalePurchaseYes "I'll take it. (<Global=BYOHHPCost> gold)" [DIAL:03017708];;[INFO:03000C2E] ('Then by my right as Jarl, I grant you a title to the land.' in GRUP Topic Children of BYOHHousePalePurchaseYes "I'll take it. (<Global=BYOHHPCost> gold)" [DIAL:03017708]);;;BYOH_TIF__01000C2E;
33650440;;BYOHHousePalePurchaseYes "I'll take it. (<Global=BYOHHPCost> gold)" [DIAL:03017708];;I'll take it. (<Global=BYOHHPCost> gold);BYOHHousePale [QUST:03010BEE];;
33650442;BYOHHousePalePurchaseNoMoney "I'm a bit short of money right now. (<Global=BYOHHPCost> gold)" [DIAL:03017707];;[INFO:0301770A] ('That's unfortunate. Maybe I misjudged you.' in GRUP Topic Children of BYOHHousePalePurchaseNoMoney "I'm a bit short of money right now. (<Global=BYOHHPCost> gold)" [DIAL:03017707]);;;;
33557549;BYOHHousePalePurchaseNoMoney "I'm a bit short of money right now. (<Global=BYOHHPCost> gold)" [DIAL:03017707];;[INFO:03000C2D] ('Then stop wasting my time.' in GRUP Topic Children of BYOHHousePalePurchaseNoMoney "I'm a bit short of money right now. (<Global=BYOHHPCost> gold)" [DIAL:03017707]);;;;
33650439;;BYOHHousePalePurchaseNoMoney "I'm a bit short of money right now. (<Global=BYOHHPCost> gold)" [DIAL:03017707];;I'm a bit short of money right now. (<Global=BYOHHPCost> gold);BYOHHousePale [QUST:03010BEE];;
33650448;BYOHHousePalePurchaseNotNow "I'll have to think about it." [DIAL:03017706];;[INFO:03017710] ('Hmph. Suit yourself. I can't promise someone else won't buy it in the meantime, though.' in GRUP Topic Children of BYOHHousePalePurchaseNotNow "I'll have to think about it." [DIAL:03017706]);;;;
33557551;BYOHHousePalePurchaseNotNow "I'll have to think about it." [DIAL:03017706];;[INFO:03000C2F] ('Hm. Well, if you change your mind, come see me again.' in GRUP Topic Children of BYOHHousePalePurchaseNotNow "I'll have to think about it." [DIAL:03017706]);;;;
33650438;;BYOHHousePalePurchaseNotNow "I'll have to think about it." [DIAL:03017706];;I'll have to think about it.;BYOHHousePale [QUST:03010BEE];;
33645605;[DIAL:030163DF];;[INFO:03016425] ('Well, you smell like a Hagraven. And you look like one, too!' in GRUP Topic Children of [DIAL:030163DF]);;;;
33645535;;[DIAL:030163DF];;;BYOHRelationshipAdoption [QUST:030042B4];;
33645578;[DIAL:030163DE];;[INFO:0301640A] ('Mammoth-nose!' in GRUP Topic Children of [DIAL:030163DE]);;;;
33645534;;[DIAL:030163DE];;;BYOHRelationshipAdoption [QUST:030042B4];;
33645572;[DIAL:030163DD];;[INFO:03016404] ('Draugr-breath!' in GRUP Topic Children of [DIAL:030163DD]);;;;
33645533;;[DIAL:030163DD];;;BYOHRelationshipAdoption [QUST:030042B4];;
33645569;[DIAL:030163DC];;[INFO:03016401] ('Elf-ears!' in GRUP Topic Children of [DIAL:030163DC]);;;;
33645532;;[DIAL:030163DC];;;BYOHRelationshipAdoption [QUST:030042B4];;
33645565;[DIAL:030163DB];;[INFO:030163FD] ('Oh yeah? Well, I've seen mudcrabs that're smarter than you!' in GRUP Topic Children of [DIAL:030163DB]);;;;
33645531;;[DIAL:030163DB];;;BYOHRelationshipAdoption [QUST:030042B4];;
33645559;[DIAL:030163DA];;[INFO:030163F7] ('Horker-face!' in GRUP Topic Children of [DIAL:030163DA]);;;;
33645530;;[DIAL:030163DA];;;BYOHRelationshipAdoption [QUST:030042B4];;
33645556;[DIAL:030163D9];;[INFO:030163F4] ('Wolf-breath!' in GRUP Topic Children of [DIAL:030163D9]);;;;
33645529;;[DIAL:030163D9];;;BYOHRelationshipAdoption [QUST:030042B4];;
33645552;[DIAL:030163D8];;[INFO:030163F0] ('Skeever-brain!' in GRUP Topic Children of [DIAL:030163D8]);;;;
33645528;;[DIAL:030163D8];;;BYOHRelationshipAdoption [QUST:030042B4];;
33645549;[DIAL:030163D7];;[INFO:030163ED] ('Grr... I'm gonna get you for that!' in GRUP Topic Children of [DIAL:030163D7]);;;;
33645527;;[DIAL:030163D7];;;BYOHRelationshipAdoption [QUST:030042B4];;
33645604;[DIAL:030163D6];;[INFO:03016424] ('You can't catch me!' in GRUP Topic Children of [DIAL:030163D6]);;;;
33645526;;[DIAL:030163D6];;;BYOHRelationshipAdoption [QUST:030042B4];;
33645577;[DIAL:030163D5];;[INFO:03016409] ('You... you take that back!' in GRUP Topic Children of [DIAL:030163D5]);;;;
33645525;;[DIAL:030163D5];;;BYOHRelationshipAdoption [QUST:030042B4];;
33645571;[DIAL:030163D4];;[INFO:03016403] ('Milk-drinker.' in GRUP Topic Children of [DIAL:030163D4]);;;;
33645524;;[DIAL:030163D4];;;BYOHRelationshipAdoption [QUST:030042B4];;
33645568;[DIAL:030163D3];;[INFO:03016400] ('Waaaaaaah....' in GRUP Topic Children of [DIAL:030163D3]);;;;
33645523;;[DIAL:030163D3];;;BYOHRelationshipAdoption [QUST:030042B4];;
33644844;Favor154QuestFinishContinue [DIAL:0301612B];;[INFO:0301612C] ('You know what? I like you. You're not afraid to get your hands dirty.' in GRUP Topic Children of Favor154QuestFinishContinue [DIAL:0301612B]);;;BYOH_TIF__0101612C;
33644843;;Favor154QuestFinishContinue [DIAL:0301612B];;;Favor154 "Kill the Bandit Leader (Jarl)" [QUST:0007172A];;
33643817;[DIAL:03015D06];;[INFO:03015D29] ([R]'Onward, then.' in GRUP Topic Children of [DIAL:03015D06]);;;;
33643816;[DIAL:03015D06];;[INFO:03015D28] ([R]'I'll follow your lead, Thane.' in GRUP Topic Children of [DIAL:03015D06]);;;;
33643815;[DIAL:03015D06];;[INFO:03015D27] ([R]'Lead on, my Thane.' in GRUP Topic Children of [DIAL:03015D06]);;;;
33643814;[DIAL:03015D06];;[INFO:03015D26] ([R]'I'll wait for you here.' in GRUP Topic Children of [DIAL:03015D06]);;;;
33643813;[DIAL:03015D06];;[INFO:03015D25] ([R]'Be careful, Thane.' in GRUP Topic Children of [DIAL:03015D06]);;;;
33643812;[DIAL:03015D06];;[INFO:03015D24] ([R]'I'll stand guard here.' in GRUP Topic Children of [DIAL:03015D06]);;;;
33643782;;[DIAL:03015D06];;;BYOHHouseDialogueHousecarl [QUST:03015D5A];;
33643811;[DIAL:03015D05];;[INFO:03015D23] ('What is it, Thane?' in GRUP Topic Children of [DIAL:03015D05]);;;;
33643810;[DIAL:03015D05];;[INFO:03015D22] ('What do you need, Thane?' in GRUP Topic Children of [DIAL:03015D05]);;;;
33643809;[DIAL:03015D05];;[INFO:03015D21] ('Yes, my Thane? Do you need something?' in GRUP Topic Children of [DIAL:03015D05]);;;;
33643808;[DIAL:03015D05];;[INFO:03015D20] ('I await your command, Thane.' in GRUP Topic Children of [DIAL:03015D05]);;;;
33643807;[DIAL:03015D05];;[INFO:03015D1F] ('Is it time to move out?' in GRUP Topic Children of [DIAL:03015D05]);;;;
33643806;[DIAL:03015D05];;[INFO:03015D1E] ('I await your orders, Thane.' in GRUP Topic Children of [DIAL:03015D05]);;;;
33643781;;[DIAL:03015D05];;;BYOHHouseDialogueHousecarl [QUST:03015D5A];;
33636606;RelationshipAdoption_FGAskForGiftWhatDoYouWant "What would you like?" [DIAL:030140FC];;[INFO:030140FE] ([SO]'Well, sweets are always good. Or a new outfit. Or... or maybe a wooden sword? All my friends have swords.' in GRUP Topic Children of RelationshipAdoption_FGAskForGiftWhatDoYouWant "What would you like?" [DIAL:030140FC]);;;;
33636605;RelationshipAdoption_FGAskForGiftWhatDoYouWant "What would you like?" [DIAL:030140FC];;[INFO:030140FD] ([SO]'I'd... I'd really like a dolly. Or maybe a pretty new dress?' in GRUP Topic Children of RelationshipAdoption_FGAskForGiftWhatDoYouWant "What would you like?" [DIAL:030140FC]);;;;
33636604;;RelationshipAdoption_FGAskForGiftWhatDoYouWant "What would you like?" [DIAL:030140FC];;What would you like?;BYOHRelationshipAdoption [QUST:030042B4];;
33636615;RelationshipAdoption_FGAskForGiftWhereCouldIGet "Where would I get that?" [DIAL:030140FB];;[INFO:03014107] ([SO]'I'm sure the Khajiit would have one- their toys are the best!' in GRUP Topic Children of RelationshipAdoption_FGAskForGiftWhereCouldIGet "Where would I get that?" [DIAL:030140FB]);;;;
33636614;RelationshipAdoption_FGAskForGiftWhereCouldIGet "Where would I get that?" [DIAL:030140FB];;[INFO:03014106] ([SO]'Well... I heard there's a really nice tailor's in Solitude. And... and maybe the Khajiit sell dolls? They always have the best toys.' in GRUP Topic Children of RelationshipAdoption_FGAskForGiftWhereCouldIGet "Where would I get that?" [DIAL:030140FB]);;;;
33636603;;RelationshipAdoption_FGAskForGiftWhereCouldIGet "Where would I get that?" [DIAL:030140FB];;Where would I get that?;BYOHRelationshipAdoption [QUST:030042B4];;
33586019;RelationshipAdoption_FGChestIntroBranchTopic [DIAL:030140FA];;[INFO:03007B63] ([R][RE] in GRUP Topic Children of RelationshipAdoption_FGChestIntroBranchTopic [DIAL:030140FA]);;;;
33586018;RelationshipAdoption_FGChestIntroBranchTopic [DIAL:030140FA];;[INFO:03007B62] ([R] in GRUP Topic Children of RelationshipAdoption_FGChestIntroBranchTopic [DIAL:030140FA]);;;;
33586017;RelationshipAdoption_FGChestIntroBranchTopic [DIAL:030140FA];;[INFO:03007B61] ([R] in GRUP Topic Children of RelationshipAdoption_FGChestIntroBranchTopic [DIAL:030140FA]);;;;
33586016;RelationshipAdoption_FGChestIntroBranchTopic [DIAL:030140FA];;[INFO:03007B60] ([R] in GRUP Topic Children of RelationshipAdoption_FGChestIntroBranchTopic [DIAL:030140FA]);;;;
33586015;RelationshipAdoption_FGChestIntroBranchTopic [DIAL:030140FA];;[INFO:03007B5F] ([R] in GRUP Topic Children of RelationshipAdoption_FGChestIntroBranchTopic [DIAL:030140FA]);;;;
33586014;RelationshipAdoption_FGChestIntroBranchTopic [DIAL:030140FA];;[INFO:03007B5E] ([R] in GRUP Topic Children of RelationshipAdoption_FGChestIntroBranchTopic [DIAL:030140FA]);;;;
33586013;RelationshipAdoption_FGChestIntroBranchTopic [DIAL:030140FA];;[INFO:03007B5D] ([R] in GRUP Topic Children of RelationshipAdoption_FGChestIntroBranchTopic [DIAL:030140FA]);;;;
33586012;RelationshipAdoption_FGChestIntroBranchTopic [DIAL:030140FA];;[INFO:03007B5C] ([R] in GRUP Topic Children of RelationshipAdoption_FGChestIntroBranchTopic [DIAL:030140FA]);;;;
33586011;RelationshipAdoption_FGChestIntroBranchTopic [DIAL:030140FA];;[INFO:03007B5B] ([R] in GRUP Topic Children of RelationshipAdoption_FGChestIntroBranchTopic [DIAL:030140FA]);;;;
33586010;RelationshipAdoption_FGChestIntroBranchTopic [DIAL:030140FA];;[INFO:03007B5A] ([R] in GRUP Topic Children of RelationshipAdoption_FGChestIntroBranchTopic [DIAL:030140FA]);;;;
33636602;;RelationshipAdoption_FGChestIntroBranchTopic [DIAL:030140FA];;;BYOHRelationshipAdoption [QUST:030042B4];;
33636060;RelationshipAdoption_FGCritterTopic [DIAL:03013ECC];;[INFO:03013EDC] ('Ma! Look what followed me home!' in GRUP Topic Children of RelationshipAdoption_FGCritterTopic [DIAL:03013ECC]);;;BYOH_TIF__01013EDC;
33636059;RelationshipAdoption_FGCritterTopic [DIAL:03013ECC];;[INFO:03013EDB] ('Pa! Look what followed me home!' in GRUP Topic Children of RelationshipAdoption_FGCritterTopic [DIAL:03013ECC]);;;BYOH_TIF__01013EDB;
33636058;RelationshipAdoption_FGCritterTopic [DIAL:03013ECC];;[INFO:03013EDA] ('Look, Mama! I have a new friend!' in GRUP Topic Children of RelationshipAdoption_FGCritterTopic [DIAL:03013ECC]);;;BYOH_TIF__01013EDA;
33636057;RelationshipAdoption_FGCritterTopic [DIAL:03013ECC];;[INFO:03013ED9] ('Look, Papa! I made a new friend!' in GRUP Topic Children of RelationshipAdoption_FGCritterTopic [DIAL:03013ECC]);;;BYOH_TIF__01013ED9;
33636044;;RelationshipAdoption_FGCritterTopic [DIAL:03013ECC];;;BYOHRelationshipAdoption [QUST:030042B4];;
33636085;RelationshipAdoption_FGPetTopic [DIAL:03013ECB];;[INFO:03013EF5] ('A pet! Wow, I didn't know you had a pet!' in GRUP Topic Children of RelationshipAdoption_FGPetTopic [DIAL:03013ECB]);;;;
33636083;RelationshipAdoption_FGPetTopic [DIAL:03013ECB];;[INFO:03013EF3] ('A dog! Wow, I didn't know you had a dog!' in GRUP Topic Children of RelationshipAdoption_FGPetTopic [DIAL:03013ECB]);;;;
33636082;RelationshipAdoption_FGPetTopic [DIAL:03013ECB];;[INFO:03013EF2] ('A doggy! Mama, I didn't know you had a doggy! He's so cute...' in GRUP Topic Children of RelationshipAdoption_FGPetTopic [DIAL:03013ECB]);;;;
33636081;RelationshipAdoption_FGPetTopic [DIAL:03013ECB];;[INFO:03013EF1] ('A doggy! Papa, I didn't know you had a doggy! He's so cute...' in GRUP Topic Children of RelationshipAdoption_FGPetTopic [DIAL:03013ECB]);;;;
33645588;RelationshipAdoption_FGPetTopic [DIAL:03013ECB];;[INFO:03016414] ([G]'Is... is that your pet? Really? Wow, he looks tough!' in GRUP Topic Children of RelationshipAdoption_FGPetTopic [DIAL:03013ECB]);;;BYOH_TIF__01016414;
33645587;RelationshipAdoption_FGPetTopic [DIAL:03013ECB];;[INFO:03016413] ([G]'Is... is that your pet, Papa? He looks really scary!' in GRUP Topic Children of RelationshipAdoption_FGPetTopic [DIAL:03013ECB]);;;BYOH_TIF__01016413;
33645586;RelationshipAdoption_FGPetTopic [DIAL:03013ECB];;[INFO:03016412] ([G]'Is... is that your pet, Mama? He looks really scary!' in GRUP Topic Children of RelationshipAdoption_FGPetTopic [DIAL:03013ECB]);;;BYOH_TIF__01016412;
33636043;;RelationshipAdoption_FGPetTopic [DIAL:03013ECB];;;BYOHRelationshipAdoption [QUST:030042B4];;
33636619;RelationshipAdoption_FGInitialTopic [DIAL:03013ECA];;[INFO:0301410B] ('I... I have a home again. A family. I almost can't believe it.' in GRUP Topic Children of RelationshipAdoption_FGInitialTopic [DIAL:03013ECA]);;;;
33636618;RelationshipAdoption_FGInitialTopic [DIAL:03013ECA];;[INFO:0301410A] ('A real home. A real family. I almost can't believe it.' in GRUP Topic Children of RelationshipAdoption_FGInitialTopic [DIAL:03013ECA]);;;;
33636617;RelationshipAdoption_FGInitialTopic [DIAL:03013ECA];;[INFO:03014109] ('It's... it's everything I could have hoped for.' in GRUP Topic Children of RelationshipAdoption_FGInitialTopic [DIAL:03013ECA]);;;;
33636616;RelationshipAdoption_FGInitialTopic [DIAL:03013ECA];;[INFO:03014108] ('This is... this is great! It's everything I could have asked for!' in GRUP Topic Children of RelationshipAdoption_FGInitialTopic [DIAL:03013ECA]);;;;
33636042;;RelationshipAdoption_FGInitialTopic [DIAL:03013ECA];;;BYOHRelationshipAdoption [QUST:030042B4];;
33636628;RelationshipAdoption_FGChestTopic [DIAL:03013EC9];;[INFO:03014114] ([G]'I... I know it's not much, but... I've found a few pretty things. They're in the chest in my room.' in GRUP Topic Children of RelationshipAdoption_FGChestTopic [DIAL:03013EC9]);;;BYOH_TIF__01014114;
33636627;RelationshipAdoption_FGChestTopic [DIAL:03013EC9];;[INFO:03014113] ([G]'I... I know it's not much, but... I've found a few little things. I've put them in the chest in my room.' in GRUP Topic Children of RelationshipAdoption_FGChestTopic [DIAL:03013EC9]);;;BYOH_TIF__01014113;
33636625;RelationshipAdoption_FGChestTopic [DIAL:03013EC9];;[INFO:03014111] ([G]'Thank you. Thanks... for everything.' in GRUP Topic Children of RelationshipAdoption_FGChestTopic [DIAL:03013EC9]);;;BYOH_TIF__01014111;
33636624;RelationshipAdoption_FGChestTopic [DIAL:03013EC9];;[INFO:03014110] ([G]'This is more than I ever could have hoped for. Thanks. Thanks so much.' in GRUP Topic Children of RelationshipAdoption_FGChestTopic [DIAL:03013EC9]);;;BYOH_TIF__01014110;
33636623;RelationshipAdoption_FGChestTopic [DIAL:03013EC9];;[INFO:0301410F] ([G]'I have a family again. I... I can't thank you enough.' in GRUP Topic Children of RelationshipAdoption_FGChestTopic [DIAL:03013EC9]);;;BYOH_TIF__0101410F;
33636622;RelationshipAdoption_FGChestTopic [DIAL:03013EC9];;[INFO:0301410E] ([G]'Thanks. Thanks... for everything, Ma.' in GRUP Topic Children of RelationshipAdoption_FGChestTopic [DIAL:03013EC9]);;;BYOH_TIF__0101410E;
33636621;RelationshipAdoption_FGChestTopic [DIAL:03013EC9];;[INFO:0301410D] ([G]'Thanks. Thanks... for everything, Pa.' in GRUP Topic Children of RelationshipAdoption_FGChestTopic [DIAL:03013EC9]);;;BYOH_TIF__0101410D;
33636041;;RelationshipAdoption_FGChestTopic [DIAL:03013EC9];;;BYOHRelationshipAdoption [QUST:030042B4];;
33636055;BYOHRelationshipAdoption_AskPet [DIAL:03013EC8];;[INFO:03013ED7] (in GRUP Topic Children of BYOHRelationshipAdoption_AskPet [DIAL:03013EC8]);;;BYOH_TIF__01013ED7;
33636054;BYOHRelationshipAdoption_AskPet [DIAL:03013EC8];;[INFO:03013ED6] (in GRUP Topic Children of BYOHRelationshipAdoption_AskPet [DIAL:03013EC8]);;;BYOH_TIF__01013ED6;
33636040;;BYOHRelationshipAdoption_AskPet [DIAL:03013EC8];;;BYOHRelationshipAdoption [QUST:030042B4];;
33636047;RelationshipAdoption_AgreeKeepPet "Sure. When I don't need him, he can stay with you." [DIAL:03013EC7];;[INFO:03013ECF] ([G] in GRUP Topic Children of RelationshipAdoption_AgreeKeepPet "Sure. When I don't need him, he can stay with you." [DIAL:03013EC7]);;;BYOH_TIF__01013ECF;
33636046;RelationshipAdoption_AgreeKeepPet "Sure. When I don't need him, he can stay with you." [DIAL:03013EC7];;[INFO:03013ECE] ([G] in GRUP Topic Children of RelationshipAdoption_AgreeKeepPet "Sure. When I don't need him, he can stay with you." [DIAL:03013EC7]);;;BYOH_TIF__01013ECE;
33636045;RelationshipAdoption_AgreeKeepPet "Sure. When I don't need him, he can stay with you." [DIAL:03013EC7];;[INFO:03013ECD] ([G] in GRUP Topic Children of RelationshipAdoption_AgreeKeepPet "Sure. When I don't need him, he can stay with you." [DIAL:03013EC7]);;;BYOH_TIF__01013ECD;
33636039;;RelationshipAdoption_AgreeKeepPet "Sure. When I don't need him, he can stay with you." [DIAL:03013EC7];;Sure. When I don't need him, he can stay with you.;BYOHRelationshipAdoption [QUST:030042B4];;
33636080;RelationshipAdoption_DeclinePet "Not right now." [DIAL:03013EC6];;[INFO:03013EF0] ([G] in GRUP Topic Children of RelationshipAdoption_DeclinePet "Not right now." [DIAL:03013EC6]);;;BYOH_TIF__01013EF0;
33636038;;RelationshipAdoption_DeclinePet "Not right now." [DIAL:03013EC6];;Not right now.;BYOHRelationshipAdoption [QUST:030042B4];;
33636068;RelationshipAdoption_BanPet "No. No pets. Ever." [DIAL:03013EC5];;[INFO:03013EE4] ([G] in GRUP Topic Children of RelationshipAdoption_BanPet "No. No pets. Ever." [DIAL:03013EC5]);;;BYOH_TIF__01013EE4;
33636037;;RelationshipAdoption_BanPet "No. No pets. Ever." [DIAL:03013EC5];;No. No pets. Ever.;BYOHRelationshipAdoption [QUST:030042B4];;
33566495;RelationshipAdoption_FGPetBailoutTopic [DIAL:03013EC4];;[INFO:03002F1F] ([R][RE] in GRUP Topic Children of RelationshipAdoption_FGPetBailoutTopic [DIAL:03013EC4]);;;BYOH_TIF__01002F1F;
33636036;;RelationshipAdoption_FGPetBailoutTopic [DIAL:03013EC4];;;BYOHRelationshipAdoption [QUST:030042B4];;
33636064;RelationshipAdoption_NeverSpeakToYouAgainTopic [DIAL:03013EC3];;[INFO:03013EE0] ([G][R][RE]'Leave me alone!' in GRUP Topic Children of RelationshipAdoption_NeverSpeakToYouAgainTopic [DIAL:03013EC3]);;;;
33636063;RelationshipAdoption_NeverSpeakToYouAgainTopic [DIAL:03013EC3];;[INFO:03013EDF] ([G][R]'Why... why did you do that?' in GRUP Topic Children of RelationshipAdoption_NeverSpeakToYouAgainTopic [DIAL:03013EC3]);;;;
33636062;RelationshipAdoption_NeverSpeakToYouAgainTopic [DIAL:03013EC3];;[INFO:03013EDE] ([G][R]'I'll never speak to you again!' in GRUP Topic Children of RelationshipAdoption_NeverSpeakToYouAgainTopic [DIAL:03013EC3]);;;;
33636035;;RelationshipAdoption_NeverSpeakToYouAgainTopic [DIAL:03013EC3];;;BYOHRelationshipAdoption [QUST:030042B4];;
33636079;RelationshipAdoption_BegCritter1 [DIAL:03013EC2];;[INFO:03013EEF] (in GRUP Topic Children of RelationshipAdoption_BegCritter1 [DIAL:03013EC2]);;;;<Alias.ShortName=Child2>...
33636078;RelationshipAdoption_BegCritter1 [DIAL:03013EC2];;[INFO:03013EEE] (in GRUP Topic Children of RelationshipAdoption_BegCritter1 [DIAL:03013EC2]);;;;<Alias.ShortName=Child1>...
33636077;RelationshipAdoption_BegCritter1 [DIAL:03013EC2];;[INFO:03013EED] (in GRUP Topic Children of RelationshipAdoption_BegCritter1 [DIAL:03013EC2]);;;;<Alias.ShortName=Child2>...
33636076;RelationshipAdoption_BegCritter1 [DIAL:03013EC2];;[INFO:03013EEC] (in GRUP Topic Children of RelationshipAdoption_BegCritter1 [DIAL:03013EC2]);;;;<Alias.ShortName=Child1>...
33636075;RelationshipAdoption_BegCritter1 [DIAL:03013EC2];;[INFO:03013EEB] (in GRUP Topic Children of RelationshipAdoption_BegCritter1 [DIAL:03013EC2]);;;;<Alias.ShortName=Child2>...
33636074;RelationshipAdoption_BegCritter1 [DIAL:03013EC2];;[INFO:03013EEA] (in GRUP Topic Children of RelationshipAdoption_BegCritter1 [DIAL:03013EC2]);;;;<Alias.ShortName=Child1>...
33636034;;RelationshipAdoption_BegCritter1 [DIAL:03013EC2];;;BYOHRelationshipAdoption [QUST:030042B4];;
33636051;RelationshipAdoption_BegCritter2 [DIAL:03013EC1];;[INFO:03013ED3] (in GRUP Topic Children of RelationshipAdoption_BegCritter2 [DIAL:03013EC1]);;;;A... skeever?
33636050;RelationshipAdoption_BegCritter2 [DIAL:03013EC1];;[INFO:03013ED2] (in GRUP Topic Children of RelationshipAdoption_BegCritter2 [DIAL:03013EC1]);;;;A... mudcrab?
33636049;RelationshipAdoption_BegCritter2 [DIAL:03013EC1];;[INFO:03013ED1] (in GRUP Topic Children of RelationshipAdoption_BegCritter2 [DIAL:03013EC1]);;;;A fox?
33636048;RelationshipAdoption_BegCritter2 [DIAL:03013EC1];;[INFO:03013ED0] (in GRUP Topic Children of RelationshipAdoption_BegCritter2 [DIAL:03013EC1]);;;;A rabbit?
33636033;;RelationshipAdoption_BegCritter2 [DIAL:03013EC1];;;BYOHRelationshipAdoption [QUST:030042B4];;
33636073;RelationshipAdoption_KeepCritter "All right. But you're responsible for him." [DIAL:03013EC0];;[INFO:03013EE9] ([G] in GRUP Topic Children of RelationshipAdoption_KeepCritter "All right. But you're responsible for him." [DIAL:03013EC0]);;;BYOH_TIF__01013EE9;
33636032;;RelationshipAdoption_KeepCritter "All right. But you're responsible for him." [DIAL:03013EC0];;All right. But you're responsible for him.;BYOHRelationshipAdoption [QUST:030042B4];;
33636067;RelationshipAdoption_RejectCritter "No. Now get it out of here." [DIAL:03013EBF];;[INFO:03013EE3] ([G] in GRUP Topic Children of RelationshipAdoption_RejectCritter "No. Now get it out of here." [DIAL:03013EBF]);;;BYOH_TIF__01013EE3;
33636031;;RelationshipAdoption_RejectCritter "No. Now get it out of here." [DIAL:03013EBF];;No. Now get it out of here.;BYOHRelationshipAdoption [QUST:030042B4];;
33636061;RelationshipAdoption_BanCritter "Absolutely not. No pets. Ever." [DIAL:03013EBE];;[INFO:03013EDD] ([G] in GRUP Topic Children of RelationshipAdoption_BanCritter "Absolutely not. No pets. Ever." [DIAL:03013EBE]);;;BYOH_TIF__01013EDD;
33636030;;RelationshipAdoption_BanCritter "Absolutely not. No pets. Ever." [DIAL:03013EBE];;Absolutely not. No pets. Ever.;BYOHRelationshipAdoption [QUST:030042B4];;
33622574;BYOHHouseSkeeverInfestationTopic "What is it?" [DIAL:03010A2D];;[INFO:03010A2E] ([G][SO]'I think we may have a problem in the basement. Been hearing a lot of scurrying down there lately.' in GRUP Topic Children of BYOHHouseSkeeverInfestationTopic "What is it?" [DIAL:03010A2D]);;;;
33622573;;BYOHHouseSkeeverInfestationTopic "What is it?" [DIAL:03010A2D];;What is it?;BYOHHouseSkeeverInfestation [QUST:03010A44];;
33609060;BYOHHouseStewardFurnishNeverMind "Never mind." [DIAL:0300D562];;[INFO:0300D564] (in GRUP Topic Children of BYOHHouseStewardFurnishNeverMind "Never mind." [DIAL:0300D562]);;;;
33609059;BYOHHouseStewardFurnishNeverMind "Never mind." [DIAL:0300D562];;[INFO:0300D563] (in GRUP Topic Children of BYOHHouseStewardFurnishNeverMind "Never mind." [DIAL:0300D562]);;;;
33609058;;BYOHHouseStewardFurnishNeverMind "Never mind." [DIAL:0300D562];;Never mind.;BYOHHouseBuilding [QUST:0300305D];;
33606956;BYOHHouseStewardWhereToBuySuppliesTopic "Do you know where I can buy materials like glass or straw?" [DIAL:0300CD29];;[INFO:0300CD2C] (in GRUP Topic Children of BYOHHouseStewardWhereToBuySuppliesTopic "Do you know where I can buy materials like glass or straw?" [DIAL:0300CD29]);;;;
33606955;BYOHHouseStewardWhereToBuySuppliesTopic "Do you know where I can buy materials like glass or straw?" [DIAL:0300CD29];;[INFO:0300CD2B] (in GRUP Topic Children of BYOHHouseStewardWhereToBuySuppliesTopic "Do you know where I can buy materials like glass or straw?" [DIAL:0300CD29]);;;;
33606954;BYOHHouseStewardWhereToBuySuppliesTopic "Do you know where I can buy materials like glass or straw?" [DIAL:0300CD29];;[INFO:0300CD2A] (in GRUP Topic Children of BYOHHouseStewardWhereToBuySuppliesTopic "Do you know where I can buy materials like glass or straw?" [DIAL:0300CD29]);;;;
33606953;;BYOHHouseStewardWhereToBuySuppliesTopic "Do you know where I can buy materials like glass or straw?" [DIAL:0300CD29];;Do you know where I can buy materials like glass or straw?;BYOHHouseBuilding [QUST:0300305D];;
33603080;BYOHHouseHjaalmarchPurchaseTopic "I'd like to purchase a house." [DIAL:0300BE01];;[INFO:0300BE08] ('Yes. It's on the north coast of Hjaalmarch, with a magnificent view of Solitude on its crag. Just the place for a new manor house.' in GRUP Topic Children of BYOHHouseHjaalmarchPurchaseTopic "I'd like to purchase a house." [DIAL:0300BE01]);;;BYOH_TIF__0100BE08;Is that land you mentioned still available?
33603079;BYOHHouseHjaalmarchPurchaseTopic "I'd like to purchase a house." [DIAL:0300BE01];;[INFO:0300BE07] ([SO]'There aren't any houses for sale in Morthal. But if you're interested, I could sell you land in the hold where you could build your own house.' in GRUP Topic Children of BYOHHouseHjaalmarchPurchaseTopic "I'd like to purchase a house." [DIAL:0300BE01]);;;BYOH_TIF__0100BE07;
33603078;BYOHHouseHjaalmarchPurchaseTopic "I'd like to purchase a house." [DIAL:0300BE01];;[INFO:0300BE06] ([SO]'Yes, it is. The Jarl thought of you when it came up for sale.' in GRUP Topic Children of BYOHHouseHjaalmarchPurchaseTopic "I'd like to purchase a house." [DIAL:0300BE01]);;;BYOH_TIF__0100BE06;I got your letter about the land for sale. Is it still available?
33557588;BYOHHouseHjaalmarchPurchaseTopic "I'd like to purchase a house." [DIAL:0300BE01];;[INFO:03000C54] (in GRUP Topic Children of BYOHHouseHjaalmarchPurchaseTopic "I'd like to purchase a house." [DIAL:0300BE01]);;;BYOH_TIF__01000C54;Is that land you mentioned still available?
33557587;BYOHHouseHjaalmarchPurchaseTopic "I'd like to purchase a house." [DIAL:0300BE01];;[INFO:03000C53] ([SO]'No, I'm afraid not. But there is land if you want to buy it.' in GRUP Topic Children of BYOHHouseHjaalmarchPurchaseTopic "I'd like to purchase a house." [DIAL:0300BE01]);;;BYOH_TIF__01000C53;
33557586;BYOHHouseHjaalmarchPurchaseTopic "I'd like to purchase a house." [DIAL:0300BE01];;[INFO:03000C52] ([SO] in GRUP Topic Children of BYOHHouseHjaalmarchPurchaseTopic "I'd like to purchase a house." [DIAL:0300BE01]);;;BYOH_TIF__01000C52;I got your letter about the land for sale. Is it still available?
33603073;;BYOHHouseHjaalmarchPurchaseTopic "I'd like to purchase a house." [DIAL:0300BE01];;I'd like to purchase a house.;BYOHHouseHjaalmarch [QUST:0300BE09];;
33603075;BYOHHouseHjaalmarchPurchaseYes "I'll take it. (<Global=BYOHHPCost> gold)" [DIAL:0300BE00];;[INFO:0300BE03] ('Excellent. We're glad to have you as a landowner in Hjaalmarch. Here's the title to your steading.' in GRUP Topic Children of BYOHHouseHjaalmarchPurchaseYes "I'll take it. (<Global=BYOHHPCost> gold)" [DIAL:0300BE00]);;;BYOH_TIF__0100BE03;
33557589;BYOHHouseHjaalmarchPurchaseYes "I'll take it. (<Global=BYOHHPCost> gold)" [DIAL:0300BE00];;[INFO:03000C55] ('Excellent. Then I grant you a title to the land.' in GRUP Topic Children of BYOHHouseHjaalmarchPurchaseYes "I'll take it. (<Global=BYOHHPCost> gold)" [DIAL:0300BE00]);;;BYOH_TIF__01000C55;
33603072;;BYOHHouseHjaalmarchPurchaseYes "I'll take it. (<Global=BYOHHPCost> gold)" [DIAL:0300BE00];;I'll take it. (<Global=BYOHHPCost> gold);BYOHHouseHjaalmarch [QUST:0300BE09];;
33603074;BYOHHouseHjaalmarchPurchaseNoMoney "I'm a bit short of money right now. (<Global=BYOHHPCost> gold)" [DIAL:0300BDFF];;[INFO:0300BE02] ('Well, that's your business. Was there anything else you needed?' in GRUP Topic Children of BYOHHouseHjaalmarchPurchaseNoMoney "I'm a bit short of money right now. (<Global=BYOHHPCost> gold)" [DIAL:0300BDFF]);;;;
33557583;BYOHHouseHjaalmarchPurchaseNoMoney "I'm a bit short of money right now. (<Global=BYOHHPCost> gold)" [DIAL:0300BDFF];;[INFO:03000C4F] ('Then stop wasting my time.' in GRUP Topic Children of BYOHHouseHjaalmarchPurchaseNoMoney "I'm a bit short of money right now. (<Global=BYOHHPCost> gold)" [DIAL:0300BDFF]);;;;
33603071;;BYOHHouseHjaalmarchPurchaseNoMoney "I'm a bit short of money right now. (<Global=BYOHHPCost> gold)" [DIAL:0300BDFF];;I'm a bit short of money right now. (<Global=BYOHHPCost> gold);BYOHHouseHjaalmarch [QUST:0300BE09];;
33603076;BYOHHouseHjaalmarchPurchaseNotNow "I'll have to think about it." [DIAL:0300BDFE];;[INFO:0300BE04] ('Very well.' in GRUP Topic Children of BYOHHouseHjaalmarchPurchaseNotNow "I'll have to think about it." [DIAL:0300BDFE]);;;;
33557584;BYOHHouseHjaalmarchPurchaseNotNow "I'll have to think about it." [DIAL:0300BDFE];;[INFO:03000C50] ('Let me know if you change your mind.' in GRUP Topic Children of BYOHHouseHjaalmarchPurchaseNotNow "I'll have to think about it." [DIAL:0300BDFE]);;;;
33603070;;BYOHHouseHjaalmarchPurchaseNotNow "I'll have to think about it." [DIAL:0300BDFE];;I'll have to think about it.;BYOHHouseHjaalmarch [QUST:0300BE09];;
33643853;BYOHHouseStewardFurnishEntryRoom "Entry Room. (<Global=BYOHHPCostEntryRoom> gold)" [DIAL:0300B4C9];;[INFO:03015D4D] (in GRUP Topic Children of BYOHHouseStewardFurnishEntryRoom "Entry Room. (<Global=BYOHHPCostEntryRoom> gold)" [DIAL:0300B4C9]);;;;
33643852;BYOHHouseStewardFurnishEntryRoom "Entry Room. (<Global=BYOHHPCostEntryRoom> gold)" [DIAL:0300B4C9];;[INFO:03015D4C] (in GRUP Topic Children of BYOHHouseStewardFurnishEntryRoom "Entry Room. (<Global=BYOHHPCostEntryRoom> gold)" [DIAL:0300B4C9]);;;BYOH_TIF__01015D4C;Small House (<Global=BYOHHPCostEntryRoom> gold)
33643851;BYOHHouseStewardFurnishEntryRoom "Entry Room. (<Global=BYOHHPCostEntryRoom> gold)" [DIAL:0300B4C9];;[INFO:03015D4B] (in GRUP Topic Children of BYOHHouseStewardFurnishEntryRoom "Entry Room. (<Global=BYOHHPCostEntryRoom> gold)" [DIAL:0300B4C9]);;;BYOH_TIF__01015D4B;
33643850;BYOHHouseStewardFurnishEntryRoom "Entry Room. (<Global=BYOHHPCostEntryRoom> gold)" [DIAL:0300B4C9];;[INFO:03015D4A] (in GRUP Topic Children of BYOHHouseStewardFurnishEntryRoom "Entry Room. (<Global=BYOHHPCostEntryRoom> gold)" [DIAL:0300B4C9]);;;;
33643849;BYOHHouseStewardFurnishEntryRoom "Entry Room. (<Global=BYOHHPCostEntryRoom> gold)" [DIAL:0300B4C9];;[INFO:03015D49] (in GRUP Topic Children of BYOHHouseStewardFurnishEntryRoom "Entry Room. (<Global=BYOHHPCostEntryRoom> gold)" [DIAL:0300B4C9]);;;BYOH_TIF__01015D49;Small House (<Global=BYOHHPCostEntryRoom> gold)
33643848;BYOHHouseStewardFurnishEntryRoom "Entry Room. (<Global=BYOHHPCostEntryRoom> gold)" [DIAL:0300B4C9];;[INFO:03015D48] (in GRUP Topic Children of BYOHHouseStewardFurnishEntryRoom "Entry Room. (<Global=BYOHHPCostEntryRoom> gold)" [DIAL:0300B4C9]);;;BYOH_TIF__01015D48;
33600716;BYOHHouseStewardFurnishEntryRoom "Entry Room. (<Global=BYOHHPCostEntryRoom> gold)" [DIAL:0300B4C9];;[INFO:0300B4CC] (in GRUP Topic Children of BYOHHouseStewardFurnishEntryRoom "Entry Room. (<Global=BYOHHPCostEntryRoom> gold)" [DIAL:0300B4C9]);;;;
33600715;BYOHHouseStewardFurnishEntryRoom "Entry Room. (<Global=BYOHHPCostEntryRoom> gold)" [DIAL:0300B4C9];;[INFO:0300B4CB] (in GRUP Topic Children of BYOHHouseStewardFurnishEntryRoom "Entry Room. (<Global=BYOHHPCostEntryRoom> gold)" [DIAL:0300B4C9]);;;BYOH_TIF__0100B4CB;Small House (<Global=BYOHHPCostEntryRoom> gold)
33600714;BYOHHouseStewardFurnishEntryRoom "Entry Room. (<Global=BYOHHPCostEntryRoom> gold)" [DIAL:0300B4C9];;[INFO:0300B4CA] (in GRUP Topic Children of BYOHHouseStewardFurnishEntryRoom "Entry Room. (<Global=BYOHHPCostEntryRoom> gold)" [DIAL:0300B4C9]);;;BYOH_TIF__0100B4CA;
33600713;;BYOHHouseStewardFurnishEntryRoom "Entry Room. (<Global=BYOHHPCostEntryRoom> gold)" [DIAL:0300B4C9];;Entry Room. (<Global=BYOHHPCostEntryRoom> gold);BYOHHouseBuilding [QUST:0300305D];;
33643819;BYOHHouseStewardFurnishBranchTopic "I'd like you to buy furnishings for the house." [DIAL:0300B0A2];;[INFO:03015D2B] (in GRUP Topic Children of BYOHHouseStewardFurnishBranchTopic "I'd like you to buy furnishings for the house." [DIAL:0300B0A2]);;;;
33643818;BYOHHouseStewardFurnishBranchTopic "I'd like you to buy furnishings for the house." [DIAL:0300B0A2];;[INFO:03015D2A] (in GRUP Topic Children of BYOHHouseStewardFurnishBranchTopic "I'd like you to buy furnishings for the house." [DIAL:0300B0A2]);;;;
33599655;BYOHHouseStewardFurnishBranchTopic "I'd like you to buy furnishings for the house." [DIAL:0300B0A2];;[INFO:0300B0A7] (in GRUP Topic Children of BYOHHouseStewardFurnishBranchTopic "I'd like you to buy furnishings for the house." [DIAL:0300B0A2]);;;;
33599650;;BYOHHouseStewardFurnishBranchTopic "I'd like you to buy furnishings for the house." [DIAL:0300B0A2];;I'd like you to buy furnishings for the house.;BYOHHouseBuilding [QUST:0300305D];;
33556850;BYOHHouseStewardFurnishMainHall "Main Hall. (<Global=BYOHHPCostMainHall> gold)" [DIAL:0300B0A1];;[INFO:03000972] (in GRUP Topic Children of BYOHHouseStewardFurnishMainHall "Main Hall. (<Global=BYOHHPCostMainHall> gold)" [DIAL:0300B0A1]);;;;
33556849;BYOHHouseStewardFurnishMainHall "Main Hall. (<Global=BYOHHPCostMainHall> gold)" [DIAL:0300B0A1];;[INFO:03000971] (in GRUP Topic Children of BYOHHouseStewardFurnishMainHall "Main Hall. (<Global=BYOHHPCostMainHall> gold)" [DIAL:0300B0A1]);;;BYOH_TIF__01000971;
33556848;BYOHHouseStewardFurnishMainHall "Main Hall. (<Global=BYOHHPCostMainHall> gold)" [DIAL:0300B0A1];;[INFO:03000970] (in GRUP Topic Children of BYOHHouseStewardFurnishMainHall "Main Hall. (<Global=BYOHHPCostMainHall> gold)" [DIAL:0300B0A1]);;;;
33556847;BYOHHouseStewardFurnishMainHall "Main Hall. (<Global=BYOHHPCostMainHall> gold)" [DIAL:0300B0A1];;[INFO:0300096F] (in GRUP Topic Children of BYOHHouseStewardFurnishMainHall "Main Hall. (<Global=BYOHHPCostMainHall> gold)" [DIAL:0300B0A1]);;;BYOH_TIF__0100096F;
33599652;BYOHHouseStewardFurnishMainHall "Main Hall. (<Global=BYOHHPCostMainHall> gold)" [DIAL:0300B0A1];;[INFO:0300B0A4] (in GRUP Topic Children of BYOHHouseStewardFurnishMainHall "Main Hall. (<Global=BYOHHPCostMainHall> gold)" [DIAL:0300B0A1]);;;;
33599651;BYOHHouseStewardFurnishMainHall "Main Hall. (<Global=BYOHHPCostMainHall> gold)" [DIAL:0300B0A1];;[INFO:0300B0A3] (in GRUP Topic Children of BYOHHouseStewardFurnishMainHall "Main Hall. (<Global=BYOHHPCostMainHall> gold)" [DIAL:0300B0A1]);;;BYOH_TIF__0100B0A3;
33599649;;BYOHHouseStewardFurnishMainHall "Main Hall. (<Global=BYOHHPCostMainHall> gold)" [DIAL:0300B0A1];;Main Hall. (<Global=BYOHHPCostMainHall> gold);BYOHHouseBuilding [QUST:0300305D];;
33643805;BYOHHouseStewardFurnishBedroom "Bedroom. (<Global=BYOHHPCostBedroom> gold)" [DIAL:0300B0A0];;[INFO:03015D1D] (in GRUP Topic Children of BYOHHouseStewardFurnishBedroom "Bedroom. (<Global=BYOHHPCostBedroom> gold)" [DIAL:0300B0A0]);;;;
33643804;BYOHHouseStewardFurnishBedroom "Bedroom. (<Global=BYOHHPCostBedroom> gold)" [DIAL:0300B0A0];;[INFO:03015D1C] (in GRUP Topic Children of BYOHHouseStewardFurnishBedroom "Bedroom. (<Global=BYOHHPCostBedroom> gold)" [DIAL:0300B0A0]);;;BYOH_TIF__01015D1C;
33643803;BYOHHouseStewardFurnishBedroom "Bedroom. (<Global=BYOHHPCostBedroom> gold)" [DIAL:0300B0A0];;[INFO:03015D1B] (in GRUP Topic Children of BYOHHouseStewardFurnishBedroom "Bedroom. (<Global=BYOHHPCostBedroom> gold)" [DIAL:0300B0A0]);;;;
33643802;BYOHHouseStewardFurnishBedroom "Bedroom. (<Global=BYOHHPCostBedroom> gold)" [DIAL:0300B0A0];;[INFO:03015D1A] (in GRUP Topic Children of BYOHHouseStewardFurnishBedroom "Bedroom. (<Global=BYOHHPCostBedroom> gold)" [DIAL:0300B0A0]);;;BYOH_TIF__01015D1A;
33599674;BYOHHouseStewardFurnishBedroom "Bedroom. (<Global=BYOHHPCostBedroom> gold)" [DIAL:0300B0A0];;[INFO:0300B0BA] (in GRUP Topic Children of BYOHHouseStewardFurnishBedroom "Bedroom. (<Global=BYOHHPCostBedroom> gold)" [DIAL:0300B0A0]);;;;
33599673;BYOHHouseStewardFurnishBedroom "Bedroom. (<Global=BYOHHPCostBedroom> gold)" [DIAL:0300B0A0];;[INFO:0300B0B9] (in GRUP Topic Children of BYOHHouseStewardFurnishBedroom "Bedroom. (<Global=BYOHHPCostBedroom> gold)" [DIAL:0300B0A0]);;;BYOH_TIF__0100B0B9;
33599648;;BYOHHouseStewardFurnishBedroom "Bedroom. (<Global=BYOHHPCostBedroom> gold)" [DIAL:0300B0A0];;Bedroom. (<Global=BYOHHPCostBedroom> gold);BYOHHouseBuilding [QUST:0300305D];;
33643801;BYOHHouseStewardFurnishAlchemy "Alchemy. (<Global=BYOHHPCostAlchemy> gold)" [DIAL:0300B09F];;[INFO:03015D19] (in GRUP Topic Children of BYOHHouseStewardFurnishAlchemy "Alchemy. (<Global=BYOHHPCostAlchemy> gold)" [DIAL:0300B09F]);;;;
33643800;BYOHHouseStewardFurnishAlchemy "Alchemy. (<Global=BYOHHPCostAlchemy> gold)" [DIAL:0300B09F];;[INFO:03015D18] (in GRUP Topic Children of BYOHHouseStewardFurnishAlchemy "Alchemy. (<Global=BYOHHPCostAlchemy> gold)" [DIAL:0300B09F]);;;BYOH_TIF__01015D18;
33643799;BYOHHouseStewardFurnishAlchemy "Alchemy. (<Global=BYOHHPCostAlchemy> gold)" [DIAL:0300B09F];;[INFO:03015D17] (in GRUP Topic Children of BYOHHouseStewardFurnishAlchemy "Alchemy. (<Global=BYOHHPCostAlchemy> gold)" [DIAL:0300B09F]);;;;
33643798;BYOHHouseStewardFurnishAlchemy "Alchemy. (<Global=BYOHHPCostAlchemy> gold)" [DIAL:0300B09F];;[INFO:03015D16] (in GRUP Topic Children of BYOHHouseStewardFurnishAlchemy "Alchemy. (<Global=BYOHHPCostAlchemy> gold)" [DIAL:0300B09F]);;;BYOH_TIF__01015D16;
33599668;BYOHHouseStewardFurnishAlchemy "Alchemy. (<Global=BYOHHPCostAlchemy> gold)" [DIAL:0300B09F];;[INFO:0300B0B4] (in GRUP Topic Children of BYOHHouseStewardFurnishAlchemy "Alchemy. (<Global=BYOHHPCostAlchemy> gold)" [DIAL:0300B09F]);;;;
33599667;BYOHHouseStewardFurnishAlchemy "Alchemy. (<Global=BYOHHPCostAlchemy> gold)" [DIAL:0300B09F];;[INFO:0300B0B3] (in GRUP Topic Children of BYOHHouseStewardFurnishAlchemy "Alchemy. (<Global=BYOHHPCostAlchemy> gold)" [DIAL:0300B09F]);;;BYOH_TIF__0100B0B3;
33599647;;BYOHHouseStewardFurnishAlchemy "Alchemy. (<Global=BYOHHPCostAlchemy> gold)" [DIAL:0300B09F];;Alchemy. (<Global=BYOHHPCostAlchemy> gold);BYOHHouseBuilding [QUST:0300305D];;
33643823;BYOHHouseStewardFurnishArmory "Armory. (<Global=BYOHHPCostArmory> gold)" [DIAL:0300B09E];;[INFO:03015D2F] (in GRUP Topic Children of BYOHHouseStewardFurnishArmory "Armory. (<Global=BYOHHPCostArmory> gold)" [DIAL:0300B09E]);;;;
33643822;BYOHHouseStewardFurnishArmory "Armory. (<Global=BYOHHPCostArmory> gold)" [DIAL:0300B09E];;[INFO:03015D2E] (in GRUP Topic Children of BYOHHouseStewardFurnishArmory "Armory. (<Global=BYOHHPCostArmory> gold)" [DIAL:0300B09E]);;;BYOH_TIF__01015D2E;
33643821;BYOHHouseStewardFurnishArmory "Armory. (<Global=BYOHHPCostArmory> gold)" [DIAL:0300B09E];;[INFO:03015D2D] (in GRUP Topic Children of BYOHHouseStewardFurnishArmory "Armory. (<Global=BYOHHPCostArmory> gold)" [DIAL:0300B09E]);;;;
33643820;BYOHHouseStewardFurnishArmory "Armory. (<Global=BYOHHPCostArmory> gold)" [DIAL:0300B09E];;[INFO:03015D2C] (in GRUP Topic Children of BYOHHouseStewardFurnishArmory "Armory. (<Global=BYOHHPCostArmory> gold)" [DIAL:0300B09E]);;;BYOH_TIF__01015D2C;
33599661;BYOHHouseStewardFurnishArmory "Armory. (<Global=BYOHHPCostArmory> gold)" [DIAL:0300B09E];;[INFO:0300B0AD] (in GRUP Topic Children of BYOHHouseStewardFurnishArmory "Armory. (<Global=BYOHHPCostArmory> gold)" [DIAL:0300B09E]);;;;
33599660;BYOHHouseStewardFurnishArmory "Armory. (<Global=BYOHHPCostArmory> gold)" [DIAL:0300B09E];;[INFO:0300B0AC] (in GRUP Topic Children of BYOHHouseStewardFurnishArmory "Armory. (<Global=BYOHHPCostArmory> gold)" [DIAL:0300B09E]);;;BYOH_TIF__0100B0AC;
33599646;;BYOHHouseStewardFurnishArmory "Armory. (<Global=BYOHHPCostArmory> gold)" [DIAL:0300B09E];;Armory. (<Global=BYOHHPCostArmory> gold);BYOHHouseBuilding [QUST:0300305D];;
33643797;BYOHHouseStewardFurnishEnchanting "Enchanter's Tower. (<Global=BYOHHPCostEnchanting> gold)" [DIAL:0300B09D];;[INFO:03015D15] (in GRUP Topic Children of BYOHHouseStewardFurnishEnchanting "Enchanter's Tower. (<Global=BYOHHPCostEnchanting> gold)" [DIAL:0300B09D]);;;;
33643796;BYOHHouseStewardFurnishEnchanting "Enchanter's Tower. (<Global=BYOHHPCostEnchanting> gold)" [DIAL:0300B09D];;[INFO:03015D14] (in GRUP Topic Children of BYOHHouseStewardFurnishEnchanting "Enchanter's Tower. (<Global=BYOHHPCostEnchanting> gold)" [DIAL:0300B09D]);;;BYOH_TIF__01015D14;
33643795;BYOHHouseStewardFurnishEnchanting "Enchanter's Tower. (<Global=BYOHHPCostEnchanting> gold)" [DIAL:0300B09D];;[INFO:03015D13] (in GRUP Topic Children of BYOHHouseStewardFurnishEnchanting "Enchanter's Tower. (<Global=BYOHHPCostEnchanting> gold)" [DIAL:0300B09D]);;;;
33643794;BYOHHouseStewardFurnishEnchanting "Enchanter's Tower. (<Global=BYOHHPCostEnchanting> gold)" [DIAL:0300B09D];;[INFO:03015D12] (in GRUP Topic Children of BYOHHouseStewardFurnishEnchanting "Enchanter's Tower. (<Global=BYOHHPCostEnchanting> gold)" [DIAL:0300B09D]);;;BYOH_TIF__01015D12;
33599654;BYOHHouseStewardFurnishEnchanting "Enchanter's Tower. (<Global=BYOHHPCostEnchanting> gold)" [DIAL:0300B09D];;[INFO:0300B0A6] (in GRUP Topic Children of BYOHHouseStewardFurnishEnchanting "Enchanter's Tower. (<Global=BYOHHPCostEnchanting> gold)" [DIAL:0300B09D]);;;;
33599653;BYOHHouseStewardFurnishEnchanting "Enchanter's Tower. (<Global=BYOHHPCostEnchanting> gold)" [DIAL:0300B09D];;[INFO:0300B0A5] (in GRUP Topic Children of BYOHHouseStewardFurnishEnchanting "Enchanter's Tower. (<Global=BYOHHPCostEnchanting> gold)" [DIAL:0300B09D]);;;BYOH_TIF__0100B0A5;
33599645;;BYOHHouseStewardFurnishEnchanting "Enchanter's Tower. (<Global=BYOHHPCostEnchanting> gold)" [DIAL:0300B09D];;Enchanter's Tower. (<Global=BYOHHPCostEnchanting> gold);BYOHHouseBuilding [QUST:0300305D];;
33643827;BYOHHouseStewardFurnishGreenhouse "Greenhouse. (<Global=BYOHHPCostGreenhouse> gold)" [DIAL:0300B09C];;[INFO:03015D33] (in GRUP Topic Children of BYOHHouseStewardFurnishGreenhouse "Greenhouse. (<Global=BYOHHPCostGreenhouse> gold)" [DIAL:0300B09C]);;;;
33643826;BYOHHouseStewardFurnishGreenhouse "Greenhouse. (<Global=BYOHHPCostGreenhouse> gold)" [DIAL:0300B09C];;[INFO:03015D32] (in GRUP Topic Children of BYOHHouseStewardFurnishGreenhouse "Greenhouse. (<Global=BYOHHPCostGreenhouse> gold)" [DIAL:0300B09C]);;;BYOH_TIF__01015D32;
33643825;BYOHHouseStewardFurnishGreenhouse "Greenhouse. (<Global=BYOHHPCostGreenhouse> gold)" [DIAL:0300B09C];;[INFO:03015D31] (in GRUP Topic Children of BYOHHouseStewardFurnishGreenhouse "Greenhouse. (<Global=BYOHHPCostGreenhouse> gold)" [DIAL:0300B09C]);;;;
33643824;BYOHHouseStewardFurnishGreenhouse "Greenhouse. (<Global=BYOHHPCostGreenhouse> gold)" [DIAL:0300B09C];;[INFO:03015D30] (in GRUP Topic Children of BYOHHouseStewardFurnishGreenhouse "Greenhouse. (<Global=BYOHHPCostGreenhouse> gold)" [DIAL:0300B09C]);;;BYOH_TIF__01015D30;
33599672;BYOHHouseStewardFurnishGreenhouse "Greenhouse. (<Global=BYOHHPCostGreenhouse> gold)" [DIAL:0300B09C];;[INFO:0300B0B8] (in GRUP Topic Children of BYOHHouseStewardFurnishGreenhouse "Greenhouse. (<Global=BYOHHPCostGreenhouse> gold)" [DIAL:0300B09C]);;;;
33599671;BYOHHouseStewardFurnishGreenhouse "Greenhouse. (<Global=BYOHHPCostGreenhouse> gold)" [DIAL:0300B09C];;[INFO:0300B0B7] (in GRUP Topic Children of BYOHHouseStewardFurnishGreenhouse "Greenhouse. (<Global=BYOHHPCostGreenhouse> gold)" [DIAL:0300B09C]);;;BYOH_TIF__0100B0B7;
33599644;;BYOHHouseStewardFurnishGreenhouse "Greenhouse. (<Global=BYOHHPCostGreenhouse> gold)" [DIAL:0300B09C];;Greenhouse. (<Global=BYOHHPCostGreenhouse> gold);BYOHHouseBuilding [QUST:0300305D];;
33643839;BYOHHouseStewardFurnishKitchen "Kitchen. (<Global=BYOHHPCostKitchen> gold)" [DIAL:0300B09B];;[INFO:03015D3F] (in GRUP Topic Children of BYOHHouseStewardFurnishKitchen "Kitchen. (<Global=BYOHHPCostKitchen> gold)" [DIAL:0300B09B]);;;;
33643838;BYOHHouseStewardFurnishKitchen "Kitchen. (<Global=BYOHHPCostKitchen> gold)" [DIAL:0300B09B];;[INFO:03015D3E] (in GRUP Topic Children of BYOHHouseStewardFurnishKitchen "Kitchen. (<Global=BYOHHPCostKitchen> gold)" [DIAL:0300B09B]);;;BYOH_TIF__01015D3E;
33643837;BYOHHouseStewardFurnishKitchen "Kitchen. (<Global=BYOHHPCostKitchen> gold)" [DIAL:0300B09B];;[INFO:03015D3D] (in GRUP Topic Children of BYOHHouseStewardFurnishKitchen "Kitchen. (<Global=BYOHHPCostKitchen> gold)" [DIAL:0300B09B]);;;;
33643836;BYOHHouseStewardFurnishKitchen "Kitchen. (<Global=BYOHHPCostKitchen> gold)" [DIAL:0300B09B];;[INFO:03015D3C] (in GRUP Topic Children of BYOHHouseStewardFurnishKitchen "Kitchen. (<Global=BYOHHPCostKitchen> gold)" [DIAL:0300B09B]);;;BYOH_TIF__01015D3C;
33599670;BYOHHouseStewardFurnishKitchen "Kitchen. (<Global=BYOHHPCostKitchen> gold)" [DIAL:0300B09B];;[INFO:0300B0B6] (in GRUP Topic Children of BYOHHouseStewardFurnishKitchen "Kitchen. (<Global=BYOHHPCostKitchen> gold)" [DIAL:0300B09B]);;;;
33599669;BYOHHouseStewardFurnishKitchen "Kitchen. (<Global=BYOHHPCostKitchen> gold)" [DIAL:0300B09B];;[INFO:0300B0B5] (in GRUP Topic Children of BYOHHouseStewardFurnishKitchen "Kitchen. (<Global=BYOHHPCostKitchen> gold)" [DIAL:0300B09B]);;;BYOH_TIF__0100B0B5;
33599643;;BYOHHouseStewardFurnishKitchen "Kitchen. (<Global=BYOHHPCostKitchen> gold)" [DIAL:0300B09B];;Kitchen. (<Global=BYOHHPCostKitchen> gold);BYOHHouseBuilding [QUST:0300305D];;
33643831;BYOHHouseStewardFurnishLibrary "Library. (<Global=BYOHHPCostLibrary> gold)" [DIAL:0300B09A];;[INFO:03015D37] (in GRUP Topic Children of BYOHHouseStewardFurnishLibrary "Library. (<Global=BYOHHPCostLibrary> gold)" [DIAL:0300B09A]);;;;
33643830;BYOHHouseStewardFurnishLibrary "Library. (<Global=BYOHHPCostLibrary> gold)" [DIAL:0300B09A];;[INFO:03015D36] (in GRUP Topic Children of BYOHHouseStewardFurnishLibrary "Library. (<Global=BYOHHPCostLibrary> gold)" [DIAL:0300B09A]);;;BYOH_TIF__01015D36;
33643829;BYOHHouseStewardFurnishLibrary "Library. (<Global=BYOHHPCostLibrary> gold)" [DIAL:0300B09A];;[INFO:03015D35] (in GRUP Topic Children of BYOHHouseStewardFurnishLibrary "Library. (<Global=BYOHHPCostLibrary> gold)" [DIAL:0300B09A]);;;;
33643828;BYOHHouseStewardFurnishLibrary "Library. (<Global=BYOHHPCostLibrary> gold)" [DIAL:0300B09A];;[INFO:03015D34] (in GRUP Topic Children of BYOHHouseStewardFurnishLibrary "Library. (<Global=BYOHHPCostLibrary> gold)" [DIAL:0300B09A]);;;BYOH_TIF__01015D34;
33599663;BYOHHouseStewardFurnishLibrary "Library. (<Global=BYOHHPCostLibrary> gold)" [DIAL:0300B09A];;[INFO:0300B0AF] (in GRUP Topic Children of BYOHHouseStewardFurnishLibrary "Library. (<Global=BYOHHPCostLibrary> gold)" [DIAL:0300B09A]);;;;
33599662;BYOHHouseStewardFurnishLibrary "Library. (<Global=BYOHHPCostLibrary> gold)" [DIAL:0300B09A];;[INFO:0300B0AE] (in GRUP Topic Children of BYOHHouseStewardFurnishLibrary "Library. (<Global=BYOHHPCostLibrary> gold)" [DIAL:0300B09A]);;;BYOH_TIF__0100B0AE;
33599642;;BYOHHouseStewardFurnishLibrary "Library. (<Global=BYOHHPCostLibrary> gold)" [DIAL:0300B09A];;Library. (<Global=BYOHHPCostLibrary> gold);BYOHHouseBuilding [QUST:0300305D];;
33643789;BYOHHouseStewardFurnishStorageRoom "Storage Room. (<Global=BYOHHPCostStorageRm> gold)" [DIAL:0300B099];;[INFO:03015D0D] (in GRUP Topic Children of BYOHHouseStewardFurnishStorageRoom "Storage Room. (<Global=BYOHHPCostStorageRm> gold)" [DIAL:0300B099]);;;;
33643788;BYOHHouseStewardFurnishStorageRoom "Storage Room. (<Global=BYOHHPCostStorageRm> gold)" [DIAL:0300B099];;[INFO:03015D0C] (in GRUP Topic Children of BYOHHouseStewardFurnishStorageRoom "Storage Room. (<Global=BYOHHPCostStorageRm> gold)" [DIAL:0300B099]);;;BYOH_TIF__01015D0C;
33643787;BYOHHouseStewardFurnishStorageRoom "Storage Room. (<Global=BYOHHPCostStorageRm> gold)" [DIAL:0300B099];;[INFO:03015D0B] (in GRUP Topic Children of BYOHHouseStewardFurnishStorageRoom "Storage Room. (<Global=BYOHHPCostStorageRm> gold)" [DIAL:0300B099]);;;;
33643786;BYOHHouseStewardFurnishStorageRoom "Storage Room. (<Global=BYOHHPCostStorageRm> gold)" [DIAL:0300B099];;[INFO:03015D0A] (in GRUP Topic Children of BYOHHouseStewardFurnishStorageRoom "Storage Room. (<Global=BYOHHPCostStorageRm> gold)" [DIAL:0300B099]);;;BYOH_TIF__01015D0A;
33599659;BYOHHouseStewardFurnishStorageRoom "Storage Room. (<Global=BYOHHPCostStorageRm> gold)" [DIAL:0300B099];;[INFO:0300B0AB] (in GRUP Topic Children of BYOHHouseStewardFurnishStorageRoom "Storage Room. (<Global=BYOHHPCostStorageRm> gold)" [DIAL:0300B099]);;;;
33599658;BYOHHouseStewardFurnishStorageRoom "Storage Room. (<Global=BYOHHPCostStorageRm> gold)" [DIAL:0300B099];;[INFO:0300B0AA] (in GRUP Topic Children of BYOHHouseStewardFurnishStorageRoom "Storage Room. (<Global=BYOHHPCostStorageRm> gold)" [DIAL:0300B099]);;;BYOH_TIF__0100B0AA;
33599641;;BYOHHouseStewardFurnishStorageRoom "Storage Room. (<Global=BYOHHPCostStorageRm> gold)" [DIAL:0300B099];;Storage Room. (<Global=BYOHHPCostStorageRm> gold);BYOHHouseBuilding [QUST:0300305D];;
33643843;BYOHHouseStewardFurnishTrophyRoom "Trophy Room. (<Global=BYOHHPCostTrophyRm> gold)" [DIAL:0300B098];;[INFO:03015D43] (in GRUP Topic Children of BYOHHouseStewardFurnishTrophyRoom "Trophy Room. (<Global=BYOHHPCostTrophyRm> gold)" [DIAL:0300B098]);;;;
33643842;BYOHHouseStewardFurnishTrophyRoom "Trophy Room. (<Global=BYOHHPCostTrophyRm> gold)" [DIAL:0300B098];;[INFO:03015D42] (in GRUP Topic Children of BYOHHouseStewardFurnishTrophyRoom "Trophy Room. (<Global=BYOHHPCostTrophyRm> gold)" [DIAL:0300B098]);;;BYOH_TIF__01015D42;
33643841;BYOHHouseStewardFurnishTrophyRoom "Trophy Room. (<Global=BYOHHPCostTrophyRm> gold)" [DIAL:0300B098];;[INFO:03015D41] (in GRUP Topic Children of BYOHHouseStewardFurnishTrophyRoom "Trophy Room. (<Global=BYOHHPCostTrophyRm> gold)" [DIAL:0300B098]);;;;
33643840;BYOHHouseStewardFurnishTrophyRoom "Trophy Room. (<Global=BYOHHPCostTrophyRm> gold)" [DIAL:0300B098];;[INFO:03015D40] (in GRUP Topic Children of BYOHHouseStewardFurnishTrophyRoom "Trophy Room. (<Global=BYOHHPCostTrophyRm> gold)" [DIAL:0300B098]);;;BYOH_TIF__01015D40;
33599657;BYOHHouseStewardFurnishTrophyRoom "Trophy Room. (<Global=BYOHHPCostTrophyRm> gold)" [DIAL:0300B098];;[INFO:0300B0A9] (in GRUP Topic Children of BYOHHouseStewardFurnishTrophyRoom "Trophy Room. (<Global=BYOHHPCostTrophyRm> gold)" [DIAL:0300B098]);;;;
33599656;BYOHHouseStewardFurnishTrophyRoom "Trophy Room. (<Global=BYOHHPCostTrophyRm> gold)" [DIAL:0300B098];;[INFO:0300B0A8] (in GRUP Topic Children of BYOHHouseStewardFurnishTrophyRoom "Trophy Room. (<Global=BYOHHPCostTrophyRm> gold)" [DIAL:0300B098]);;;BYOH_TIF__0100B0A8;
33599640;;BYOHHouseStewardFurnishTrophyRoom "Trophy Room. (<Global=BYOHHPCostTrophyRm> gold)" [DIAL:0300B098];;Trophy Room. (<Global=BYOHHPCostTrophyRm> gold);BYOHHouseBuilding [QUST:0300305D];;
33592575;BYOHHouseStewardBuyMaterialsTopic "I'd like you to buy some building materials for me." [DIAL:030094F3];;[INFO:030094FF] (in GRUP Topic Children of BYOHHouseStewardBuyMaterialsTopic "I'd like you to buy some building materials for me." [DIAL:030094F3]);;;;
33592563;;BYOHHouseStewardBuyMaterialsTopic "I'd like you to buy some building materials for me." [DIAL:030094F3];;I'd like you to buy some building materials for me.;BYOHHouseBuilding [QUST:0300305D];;
33592574;BYOHHouseStewardBuyLumber "Lumber. (<Global=BYOHHPAmountLogs> for <Global=BYOHHPCostLogs> gold)" [DIAL:030094F2];;[INFO:030094FE] (in GRUP Topic Children of BYOHHouseStewardBuyLumber "Lumber. (<Global=BYOHHPAmountLogs> for <Global=BYOHHPCostLogs> gold)" [DIAL:030094F2]);;;;
33566719;BYOHHouseStewardBuyLumber "Lumber. (<Global=BYOHHPAmountLogs> for <Global=BYOHHPCostLogs> gold)" [DIAL:030094F2];;[INFO:03002FFF] (in GRUP Topic Children of BYOHHouseStewardBuyLumber "Lumber. (<Global=BYOHHPAmountLogs> for <Global=BYOHHPCostLogs> gold)" [DIAL:030094F2]);;;BYOH_TIF__01002FFF;
33592562;;BYOHHouseStewardBuyLumber "Lumber. (<Global=BYOHHPAmountLogs> for <Global=BYOHHPCostLogs> gold)" [DIAL:030094F2];;Lumber. (<Global=BYOHHPAmountLogs> for <Global=BYOHHPCostLogs> gold);BYOHHouseBuilding [QUST:0300305D];;
33592568;BYOHHouseStewardBuyStone "Stone. (<Global=BYOHHPAmountStone> for <Global=BYOHHPCostStone> gold)" [DIAL:030094F1];;[INFO:030094F8] (in GRUP Topic Children of BYOHHouseStewardBuyStone "Stone. (<Global=BYOHHPAmountStone> for <Global=BYOHHPCostStone> gold)" [DIAL:030094F1]);;;;
33592567;BYOHHouseStewardBuyStone "Stone. (<Global=BYOHHPAmountStone> for <Global=BYOHHPCostStone> gold)" [DIAL:030094F1];;[INFO:030094F7] (in GRUP Topic Children of BYOHHouseStewardBuyStone "Stone. (<Global=BYOHHPAmountStone> for <Global=BYOHHPCostStone> gold)" [DIAL:030094F1]);;;BYOH_TIF__010094F7;
33592561;;BYOHHouseStewardBuyStone "Stone. (<Global=BYOHHPAmountStone> for <Global=BYOHHPCostStone> gold)" [DIAL:030094F1];;Stone. (<Global=BYOHHPAmountStone> for <Global=BYOHHPCostStone> gold);BYOHHouseBuilding [QUST:0300305D];;
33592566;BYOHHouseStewardBuyClay "Clay. (<Global=BYOHHPAmountClay> for <Global=BYOHHPCostClay> gold)" [DIAL:030094F0];;[INFO:030094F6] (in GRUP Topic Children of BYOHHouseStewardBuyClay "Clay. (<Global=BYOHHPAmountClay> for <Global=BYOHHPCostClay> gold)" [DIAL:030094F0]);;;;
33592565;BYOHHouseStewardBuyClay "Clay. (<Global=BYOHHPAmountClay> for <Global=BYOHHPCostClay> gold)" [DIAL:030094F0];;[INFO:030094F5] (in GRUP Topic Children of BYOHHouseStewardBuyClay "Clay. (<Global=BYOHHPAmountClay> for <Global=BYOHHPCostClay> gold)" [DIAL:030094F0]);;;BYOH_TIF__010094F5;
33592560;;BYOHHouseStewardBuyClay "Clay. (<Global=BYOHHPAmountClay> for <Global=BYOHHPCostClay> gold)" [DIAL:030094F0];;Clay. (<Global=BYOHHPAmountClay> for <Global=BYOHHPCostClay> gold);BYOHHouseBuilding [QUST:0300305D];;
33592564;BYOHHouseStewardBuyMaterialsLoop [DIAL:030094EF];;[INFO:030094F4] (in GRUP Topic Children of BYOHHouseStewardBuyMaterialsLoop [DIAL:030094EF]);;;;
33592559;;BYOHHouseStewardBuyMaterialsLoop [DIAL:030094EF];;;BYOHHouseBuilding [QUST:0300305D];;
33592580;BYOHHouseStewardBuyMaterialsExit "I don't need anything else." [DIAL:030094EE];;[INFO:03009504] (in GRUP Topic Children of BYOHHouseStewardBuyMaterialsExit "I don't need anything else." [DIAL:030094EE]);;;;
33592579;BYOHHouseStewardBuyMaterialsExit "I don't need anything else." [DIAL:030094EE];;[INFO:03009503] (in GRUP Topic Children of BYOHHouseStewardBuyMaterialsExit "I don't need anything else." [DIAL:030094EE]);;;;
33592558;;BYOHHouseStewardBuyMaterialsExit "I don't need anything else." [DIAL:030094EE];;I don't need anything else.;BYOHHouseBuilding [QUST:0300305D];;
33589515;BYOHRelationshipAdoptionCWSiegeHandler_ChildBranchTopic [DIAL:03008908];;[INFO:0300890B] ([G]'I... I'll be all right. Please, just... just make it stop!' in GRUP Topic Children of BYOHRelationshipAdoptionCWSiegeHandler_ChildBranchTopic [DIAL:03008908]);;;;
33589513;BYOHRelationshipAdoptionCWSiegeHandler_ChildBranchTopic [DIAL:03008908];;[INFO:03008909] ([G]'Make it stop! Please, make it stop!' in GRUP Topic Children of BYOHRelationshipAdoptionCWSiegeHandler_ChildBranchTopic [DIAL:03008908]);;;;
33589512;;BYOHRelationshipAdoptionCWSiegeHandler_ChildBranchTopic [DIAL:03008908];;;BYOHRelationshipAdoptionCWSiegeHandler [QUST:03003F7E];;
33590050;RelationshipAdoption_AskKidsTopic [DIAL:03008772];;[INFO:03008B22] (in GRUP Topic Children of RelationshipAdoption_AskKidsTopic [DIAL:03008772]);;;;How are the kids?
33590049;RelationshipAdoption_AskKidsTopic [DIAL:03008772];;[INFO:03008B21] (in GRUP Topic Children of RelationshipAdoption_AskKidsTopic [DIAL:03008772]);;;;How are the kids?
33590048;RelationshipAdoption_AskKidsTopic [DIAL:03008772];;[INFO:03008B20] (in GRUP Topic Children of RelationshipAdoption_AskKidsTopic [DIAL:03008772]);;;;How are the kids?
33590047;RelationshipAdoption_AskKidsTopic [DIAL:03008772];;[INFO:03008B1F] (in GRUP Topic Children of RelationshipAdoption_AskKidsTopic [DIAL:03008772]);;;;How are the kids?
33590046;RelationshipAdoption_AskKidsTopic [DIAL:03008772];;[INFO:03008B1E] (in GRUP Topic Children of RelationshipAdoption_AskKidsTopic [DIAL:03008772]);;;;How are the kids?
33590045;RelationshipAdoption_AskKidsTopic [DIAL:03008772];;[INFO:03008B1D] (in GRUP Topic Children of RelationshipAdoption_AskKidsTopic [DIAL:03008772]);;;;How are the kids?
33590044;RelationshipAdoption_AskKidsTopic [DIAL:03008772];;[INFO:03008B1C] (in GRUP Topic Children of RelationshipAdoption_AskKidsTopic [DIAL:03008772]);;;;How are the kids?
33590043;RelationshipAdoption_AskKidsTopic [DIAL:03008772];;[INFO:03008B1B] (in GRUP Topic Children of RelationshipAdoption_AskKidsTopic [DIAL:03008772]);;;;How are the kids?
33590042;RelationshipAdoption_AskKidsTopic [DIAL:03008772];;[INFO:03008B1A] (in GRUP Topic Children of RelationshipAdoption_AskKidsTopic [DIAL:03008772]);;;;How are the kids?
33590041;RelationshipAdoption_AskKidsTopic [DIAL:03008772];;[INFO:03008B19] (in GRUP Topic Children of RelationshipAdoption_AskKidsTopic [DIAL:03008772]);;;;How are the kids?
33590040;RelationshipAdoption_AskKidsTopic [DIAL:03008772];;[INFO:03008B18] (in GRUP Topic Children of RelationshipAdoption_AskKidsTopic [DIAL:03008772]);;;;How are the kids?
33590039;RelationshipAdoption_AskKidsTopic [DIAL:03008772];;[INFO:03008B17] (in GRUP Topic Children of RelationshipAdoption_AskKidsTopic [DIAL:03008772]);;;;How are the kids?
33590038;RelationshipAdoption_AskKidsTopic [DIAL:03008772];;[INFO:03008B16] (in GRUP Topic Children of RelationshipAdoption_AskKidsTopic [DIAL:03008772]);;;;How are the kids?
33590037;RelationshipAdoption_AskKidsTopic [DIAL:03008772];;[INFO:03008B15] (in GRUP Topic Children of RelationshipAdoption_AskKidsTopic [DIAL:03008772]);;;;How are the kids?
33590036;RelationshipAdoption_AskKidsTopic [DIAL:03008772];;[INFO:03008B14] (in GRUP Topic Children of RelationshipAdoption_AskKidsTopic [DIAL:03008772]);;;;How are the kids?
33590035;RelationshipAdoption_AskKidsTopic [DIAL:03008772];;[INFO:03008B13] (in GRUP Topic Children of RelationshipAdoption_AskKidsTopic [DIAL:03008772]);;;;How are the kids?
33590034;RelationshipAdoption_AskKidsTopic [DIAL:03008772];;[INFO:03008B12] (in GRUP Topic Children of RelationshipAdoption_AskKidsTopic [DIAL:03008772]);;;;How are the kids?
33590033;RelationshipAdoption_AskKidsTopic [DIAL:03008772];;[INFO:03008B11] (in GRUP Topic Children of RelationshipAdoption_AskKidsTopic [DIAL:03008772]);;;;How are the kids?
33590032;RelationshipAdoption_AskKidsTopic [DIAL:03008772];;[INFO:03008B10] (in GRUP Topic Children of RelationshipAdoption_AskKidsTopic [DIAL:03008772]);;;;How are the kids?
33590031;RelationshipAdoption_AskKidsTopic [DIAL:03008772];;[INFO:03008B0F] (in GRUP Topic Children of RelationshipAdoption_AskKidsTopic [DIAL:03008772]);;;;How are the kids?
33590030;RelationshipAdoption_AskKidsTopic [DIAL:03008772];;[INFO:03008B0E] (in GRUP Topic Children of RelationshipAdoption_AskKidsTopic [DIAL:03008772]);;;;How are the kids?
33590029;RelationshipAdoption_AskKidsTopic [DIAL:03008772];;[INFO:03008B0D] (in GRUP Topic Children of RelationshipAdoption_AskKidsTopic [DIAL:03008772]);;;;How are the kids?
33590028;RelationshipAdoption_AskKidsTopic [DIAL:03008772];;[INFO:03008B0C] (in GRUP Topic Children of RelationshipAdoption_AskKidsTopic [DIAL:03008772]);;;;How are the kids?
33590027;RelationshipAdoption_AskKidsTopic [DIAL:03008772];;[INFO:03008B0B] (in GRUP Topic Children of RelationshipAdoption_AskKidsTopic [DIAL:03008772]);;;;How are the kids?
33590026;RelationshipAdoption_AskKidsTopic [DIAL:03008772];;[INFO:03008B0A] (in GRUP Topic Children of RelationshipAdoption_AskKidsTopic [DIAL:03008772]);;;;How's <Alias.ShortName=Child1> doing?
33590025;RelationshipAdoption_AskKidsTopic [DIAL:03008772];;[INFO:03008B09] (in GRUP Topic Children of RelationshipAdoption_AskKidsTopic [DIAL:03008772]);;;;How's <Alias.ShortName=Child1> doing?
33590024;RelationshipAdoption_AskKidsTopic [DIAL:03008772];;[INFO:03008B08] (in GRUP Topic Children of RelationshipAdoption_AskKidsTopic [DIAL:03008772]);;;;How's <Alias.ShortName=Child1> doing?
33590023;RelationshipAdoption_AskKidsTopic [DIAL:03008772];;[INFO:03008B07] (in GRUP Topic Children of RelationshipAdoption_AskKidsTopic [DIAL:03008772]);;;;How's <Alias.ShortName=Child1> doing?
33590022;RelationshipAdoption_AskKidsTopic [DIAL:03008772];;[INFO:03008B06] (in GRUP Topic Children of RelationshipAdoption_AskKidsTopic [DIAL:03008772]);;;;How's <Alias.ShortName=Child1> doing?
33590021;RelationshipAdoption_AskKidsTopic [DIAL:03008772];;[INFO:03008B05] (in GRUP Topic Children of RelationshipAdoption_AskKidsTopic [DIAL:03008772]);;;;How's <Alias.ShortName=Child1> doing?
33590020;RelationshipAdoption_AskKidsTopic [DIAL:03008772];;[INFO:03008B04] (in GRUP Topic Children of RelationshipAdoption_AskKidsTopic [DIAL:03008772]);;;;How's <Alias.ShortName=Child1> doing?
33590019;RelationshipAdoption_AskKidsTopic [DIAL:03008772];;[INFO:03008B03] (in GRUP Topic Children of RelationshipAdoption_AskKidsTopic [DIAL:03008772]);;;;How's <Alias.ShortName=Child1> doing?
33590018;RelationshipAdoption_AskKidsTopic [DIAL:03008772];;[INFO:03008B02] (in GRUP Topic Children of RelationshipAdoption_AskKidsTopic [DIAL:03008772]);;;;How's <Alias.ShortName=Child1> doing?
33590017;RelationshipAdoption_AskKidsTopic [DIAL:03008772];;[INFO:03008B01] (in GRUP Topic Children of RelationshipAdoption_AskKidsTopic [DIAL:03008772]);;;;How's <Alias.ShortName=Child1> doing?
33590016;RelationshipAdoption_AskKidsTopic [DIAL:03008772];;[INFO:03008B00] (in GRUP Topic Children of RelationshipAdoption_AskKidsTopic [DIAL:03008772]);;;;How's <Alias.ShortName=Child1> doing?
33590015;RelationshipAdoption_AskKidsTopic [DIAL:03008772];;[INFO:03008AFF] (in GRUP Topic Children of RelationshipAdoption_AskKidsTopic [DIAL:03008772]);;;;How's <Alias.ShortName=Child1> doing?
33590014;RelationshipAdoption_AskKidsTopic [DIAL:03008772];;[INFO:03008AFE] (in GRUP Topic Children of RelationshipAdoption_AskKidsTopic [DIAL:03008772]);;;;How's <Alias.ShortName=Child1> doing?
33590013;RelationshipAdoption_AskKidsTopic [DIAL:03008772];;[INFO:03008AFD] (in GRUP Topic Children of RelationshipAdoption_AskKidsTopic [DIAL:03008772]);;;;How's <Alias.ShortName=Child1> doing?
33590012;RelationshipAdoption_AskKidsTopic [DIAL:03008772];;[INFO:03008AFC] (in GRUP Topic Children of RelationshipAdoption_AskKidsTopic [DIAL:03008772]);;;;How's <Alias.ShortName=Child1> doing?
33590011;RelationshipAdoption_AskKidsTopic [DIAL:03008772];;[INFO:03008AFB] (in GRUP Topic Children of RelationshipAdoption_AskKidsTopic [DIAL:03008772]);;;;How's <Alias.ShortName=Child1> doing?
33590010;RelationshipAdoption_AskKidsTopic [DIAL:03008772];;[INFO:03008AFA] (in GRUP Topic Children of RelationshipAdoption_AskKidsTopic [DIAL:03008772]);;;;How's <Alias.ShortName=Child1> doing?
33590009;RelationshipAdoption_AskKidsTopic [DIAL:03008772];;[INFO:03008AF9] (in GRUP Topic Children of RelationshipAdoption_AskKidsTopic [DIAL:03008772]);;;;How's <Alias.ShortName=Child1> doing?
33590008;RelationshipAdoption_AskKidsTopic [DIAL:03008772];;[INFO:03008AF8] (in GRUP Topic Children of RelationshipAdoption_AskKidsTopic [DIAL:03008772]);;;;How's <Alias.ShortName=Child1> doing?
33590007;RelationshipAdoption_AskKidsTopic [DIAL:03008772];;[INFO:03008AF7] (in GRUP Topic Children of RelationshipAdoption_AskKidsTopic [DIAL:03008772]);;;;How's <Alias.ShortName=Child1> doing?
33590006;RelationshipAdoption_AskKidsTopic [DIAL:03008772];;[INFO:03008AF6] (in GRUP Topic Children of RelationshipAdoption_AskKidsTopic [DIAL:03008772]);;;;How's <Alias.ShortName=Child1> doing?
33590005;RelationshipAdoption_AskKidsTopic [DIAL:03008772];;[INFO:03008AF5] (in GRUP Topic Children of RelationshipAdoption_AskKidsTopic [DIAL:03008772]);;;;How's <Alias.ShortName=Child1> doing?
33590004;RelationshipAdoption_AskKidsTopic [DIAL:03008772];;[INFO:03008AF4] (in GRUP Topic Children of RelationshipAdoption_AskKidsTopic [DIAL:03008772]);;;;How's <Alias.ShortName=Child1> doing?
33590003;RelationshipAdoption_AskKidsTopic [DIAL:03008772];;[INFO:03008AF3] (in GRUP Topic Children of RelationshipAdoption_AskKidsTopic [DIAL:03008772]);;;;How's <Alias.ShortName=Child1> doing?
33589106;;RelationshipAdoption_AskKidsTopic [DIAL:03008772];;;BYOHRelationshipAdoption [QUST:030042B4];;
33566485;RelationshipAdoption_FGGameIntro [DIAL:03007F2E];;[INFO:03002F15] ([R][RE] in GRUP Topic Children of RelationshipAdoption_FGGameIntro [DIAL:03007F2E]);;;;
33566484;RelationshipAdoption_FGGameIntro [DIAL:03007F2E];;[INFO:03002F14] ([R] in GRUP Topic Children of RelationshipAdoption_FGGameIntro [DIAL:03007F2E]);;;;
33566483;RelationshipAdoption_FGGameIntro [DIAL:03007F2E];;[INFO:03002F13] ([R] in GRUP Topic Children of RelationshipAdoption_FGGameIntro [DIAL:03007F2E]);;;;
33566482;RelationshipAdoption_FGGameIntro [DIAL:03007F2E];;[INFO:03002F12] ([R] in GRUP Topic Children of RelationshipAdoption_FGGameIntro [DIAL:03007F2E]);;;;
33566481;RelationshipAdoption_FGGameIntro [DIAL:03007F2E];;[INFO:03002F11] ([R] in GRUP Topic Children of RelationshipAdoption_FGGameIntro [DIAL:03007F2E]);;;;
33566480;RelationshipAdoption_FGGameIntro [DIAL:03007F2E];;[INFO:03002F10] ([R] in GRUP Topic Children of RelationshipAdoption_FGGameIntro [DIAL:03007F2E]);;;;
33566479;RelationshipAdoption_FGGameIntro [DIAL:03007F2E];;[INFO:03002F0F] ([R] in GRUP Topic Children of RelationshipAdoption_FGGameIntro [DIAL:03007F2E]);;;;
33566478;RelationshipAdoption_FGGameIntro [DIAL:03007F2E];;[INFO:03002F0E] ([R] in GRUP Topic Children of RelationshipAdoption_FGGameIntro [DIAL:03007F2E]);;;;
33566477;RelationshipAdoption_FGGameIntro [DIAL:03007F2E];;[INFO:03002F0D] ([R] in GRUP Topic Children of RelationshipAdoption_FGGameIntro [DIAL:03007F2E]);;;;
33566476;RelationshipAdoption_FGGameIntro [DIAL:03007F2E];;[INFO:03002F0C] ([R] in GRUP Topic Children of RelationshipAdoption_FGGameIntro [DIAL:03007F2E]);;;;
33586990;;RelationshipAdoption_FGGameIntro [DIAL:03007F2E];;;BYOHRelationshipAdoption [QUST:030042B4];;
33586996;RelationshipAdoption_FGGameAsk [DIAL:03007F2D];;[INFO:03007F34] ([R][RE]'Let's play a game!' in GRUP Topic Children of RelationshipAdoption_FGGameAsk [DIAL:03007F2D]);;;BYOH_TIF__01007F34;
33586995;RelationshipAdoption_FGGameAsk [DIAL:03007F2D];;[INFO:03007F33] ([R]'Want to play a game?' in GRUP Topic Children of RelationshipAdoption_FGGameAsk [DIAL:03007F2D]);;;BYOH_TIF__01007F33;
33586989;;RelationshipAdoption_FGGameAsk [DIAL:03007F2D];;;BYOHRelationshipAdoption [QUST:030042B4];;
33586994;RelationshipAdoptionFGGameSure [DIAL:03007F2C];;[INFO:03007F32] (in GRUP Topic Children of RelationshipAdoptionFGGameSure [DIAL:03007F2C]);;;;Sure.
33586988;;RelationshipAdoptionFGGameSure [DIAL:03007F2C];;;BYOHRelationshipAdoption [QUST:030042B4];;
33586993;RelationshipAdoptionFGGameNo "Not right now." [DIAL:03007F2B];;[INFO:03007F31] ([G] in GRUP Topic Children of RelationshipAdoptionFGGameNo "Not right now." [DIAL:03007F2B]);;;;
33586987;;RelationshipAdoptionFGGameNo "Not right now." [DIAL:03007F2B];;Not right now.;BYOHRelationshipAdoption [QUST:030042B4];;
33586992;RelationshipAdoptionFGGamePastBedtime [DIAL:03007F2A];;[INFO:03007F30] ([G] in GRUP Topic Children of RelationshipAdoptionFGGamePastBedtime [DIAL:03007F2A]);;;BYOH_TIF__01007F30;Go back to bed.
33586991;RelationshipAdoptionFGGamePastBedtime [DIAL:03007F2A];;[INFO:03007F2F] ([G] in GRUP Topic Children of RelationshipAdoptionFGGamePastBedtime [DIAL:03007F2A]);;;BYOH_TIF__01007F2F;Isn't it past your bedtime?
33586986;;RelationshipAdoptionFGGamePastBedtime [DIAL:03007F2A];;;BYOHRelationshipAdoption [QUST:030042B4];;
33586009;RelationshipAdoption_GiveGift [DIAL:03007B2E];;[INFO:03007B59] ([R][RE] in GRUP Topic Children of RelationshipAdoption_GiveGift [DIAL:03007B2E]);;;BYOH_TIF__01007B59;I've got something for you, <Alias.ShortName=Child2>.
33586008;RelationshipAdoption_GiveGift [DIAL:03007B2E];;[INFO:03007B58] ([R] in GRUP Topic Children of RelationshipAdoption_GiveGift [DIAL:03007B2E]);;;BYOH_TIF__01007B58;I've got something for you, <Alias.ShortName=Child1>.
33586007;RelationshipAdoption_GiveGift [DIAL:03007B2E];;[INFO:03007B57] ([R] in GRUP Topic Children of RelationshipAdoption_GiveGift [DIAL:03007B2E]);;;BYOH_TIF__01007B57;I've got something for you, <Alias.ShortName=Child2>.
33586006;RelationshipAdoption_GiveGift [DIAL:03007B2E];;[INFO:03007B56] ([R] in GRUP Topic Children of RelationshipAdoption_GiveGift [DIAL:03007B2E]);;;BYOH_TIF__01007B56;I've got something for you, <Alias.ShortName=Child1>.
33586005;RelationshipAdoption_GiveGift [DIAL:03007B2E];;[INFO:03007B55] ([R] in GRUP Topic Children of RelationshipAdoption_GiveGift [DIAL:03007B2E]);;;BYOH_TIF__01007B55;I've got something for you, <Alias.ShortName=Child2>.
33586004;RelationshipAdoption_GiveGift [DIAL:03007B2E];;[INFO:03007B54] ([R] in GRUP Topic Children of RelationshipAdoption_GiveGift [DIAL:03007B2E]);;;BYOH_TIF__01007B54;I've got something for you, <Alias.ShortName=Child1>.
33586003;RelationshipAdoption_GiveGift [DIAL:03007B2E];;[INFO:03007B53] ([R] in GRUP Topic Children of RelationshipAdoption_GiveGift [DIAL:03007B2E]);;;BYOH_TIF__01007B53;I've got something for you, <Alias.ShortName=Child2>.
33586002;RelationshipAdoption_GiveGift [DIAL:03007B2E];;[INFO:03007B52] ([R] in GRUP Topic Children of RelationshipAdoption_GiveGift [DIAL:03007B2E]);;;BYOH_TIF__01007B52;I've got something for you, <Alias.ShortName=Child1>.
33586001;RelationshipAdoption_GiveGift [DIAL:03007B2E];;[INFO:03007B51] ([R] in GRUP Topic Children of RelationshipAdoption_GiveGift [DIAL:03007B2E]);;;BYOH_TIF__01007B51;I've got something for you, <Alias.ShortName=Child2>.
33586000;RelationshipAdoption_GiveGift [DIAL:03007B2E];;[INFO:03007B50] ([R] in GRUP Topic Children of RelationshipAdoption_GiveGift [DIAL:03007B2E]);;;BYOH_TIF__01007B50;I've got something for you, <Alias.ShortName=Child1>.
33585999;RelationshipAdoption_GiveGift [DIAL:03007B2E];;[INFO:03007B4F] ([R] in GRUP Topic Children of RelationshipAdoption_GiveGift [DIAL:03007B2E]);;;BYOH_TIF__01007B4F;I've got something for you, <Alias.ShortName=Child2>.
33585998;RelationshipAdoption_GiveGift [DIAL:03007B2E];;[INFO:03007B4E] ([R] in GRUP Topic Children of RelationshipAdoption_GiveGift [DIAL:03007B2E]);;;BYOH_TIF__01007B4E;I've got something for you, <Alias.ShortName=Child1>.
33585997;RelationshipAdoption_GiveGift [DIAL:03007B2E];;[INFO:03007B4D] ([R] in GRUP Topic Children of RelationshipAdoption_GiveGift [DIAL:03007B2E]);;;BYOH_TIF__01007B4D;I've got something for you, <Alias.ShortName=Child2>.
33585996;RelationshipAdoption_GiveGift [DIAL:03007B2E];;[INFO:03007B4C] ([R] in GRUP Topic Children of RelationshipAdoption_GiveGift [DIAL:03007B2E]);;;BYOH_TIF__01007B4C;I've got something for you, <Alias.ShortName=Child1>.
33585966;;RelationshipAdoption_GiveGift [DIAL:03007B2E];;;BYOHRelationshipAdoption [QUST:030042B4];;
33586021;RelationshipAdoption_OrderBedTopicPostMidnight [DIAL:03007B2D];;[INFO:03007B65] ([G][R][RE] in GRUP Topic Children of RelationshipAdoption_OrderBedTopicPostMidnight [DIAL:03007B2D]);;;BYOH_TIF__01007B65;It's time for bed, <Alias.ShortName=Child2>.
33586020;RelationshipAdoption_OrderBedTopicPostMidnight [DIAL:03007B2D];;[INFO:03007B64] ([G][R] in GRUP Topic Children of RelationshipAdoption_OrderBedTopicPostMidnight [DIAL:03007B2D]);;;BYOH_TIF__01007B64;It's time for bed, <Alias.ShortName=Child1>.
33570448;RelationshipAdoption_OrderBedTopicPostMidnight [DIAL:03007B2D];;[INFO:03003E90] ([G][R] in GRUP Topic Children of RelationshipAdoption_OrderBedTopicPostMidnight [DIAL:03007B2D]);;;BYOH_TIF__01003E90;It's time for bed, <Alias.ShortName=Child2>.
33570447;RelationshipAdoption_OrderBedTopicPostMidnight [DIAL:03007B2D];;[INFO:03003E8F] ([G][R] in GRUP Topic Children of RelationshipAdoption_OrderBedTopicPostMidnight [DIAL:03007B2D]);;;BYOH_TIF__01003E8F;It's time for bed, <Alias.ShortName=Child1>.
33570446;RelationshipAdoption_OrderBedTopicPostMidnight [DIAL:03007B2D];;[INFO:03003E8E] ([R] in GRUP Topic Children of RelationshipAdoption_OrderBedTopicPostMidnight [DIAL:03007B2D]);;;BYOH_TIF__01003E8E;It's time for bed, <Alias.ShortName=Child2>.
33570445;RelationshipAdoption_OrderBedTopicPostMidnight [DIAL:03007B2D];;[INFO:03003E8D] ([R] in GRUP Topic Children of RelationshipAdoption_OrderBedTopicPostMidnight [DIAL:03007B2D]);;;BYOH_TIF__01003E8D;It's time for bed, <Alias.ShortName=Child1>.
33585965;;RelationshipAdoption_OrderBedTopicPostMidnight [DIAL:03007B2D];;;BYOHRelationshipAdoption [QUST:030042B4];;
33585995;RelationshipAdoption_RespondToGift [DIAL:03007B2C];;[INFO:03007B4B] ([G] in GRUP Topic Children of RelationshipAdoption_RespondToGift [DIAL:03007B2C]);;;BYOH_TIF__01007B4B;
33585994;RelationshipAdoption_RespondToGift [DIAL:03007B2C];;[INFO:03007B4A] ([G] in GRUP Topic Children of RelationshipAdoption_RespondToGift [DIAL:03007B2C]);;;BYOH_TIF__01007B4A;
33585993;RelationshipAdoption_RespondToGift [DIAL:03007B2C];;[INFO:03007B49] ([G] in GRUP Topic Children of RelationshipAdoption_RespondToGift [DIAL:03007B2C]);;;BYOH_TIF__01007B49;
33585992;RelationshipAdoption_RespondToGift [DIAL:03007B2C];;[INFO:03007B48] ([G] in GRUP Topic Children of RelationshipAdoption_RespondToGift [DIAL:03007B2C]);;;;
33585964;;RelationshipAdoption_RespondToGift [DIAL:03007B2C];;;BYOHRelationshipAdoption [QUST:030042B4];;
33636066;RelationshipAdoption_FGAskForGiftIntro [DIAL:03007B2B];;[INFO:03013EE2] ([R][RE] in GRUP Topic Children of RelationshipAdoption_FGAskForGiftIntro [DIAL:03007B2B]);;;;
33566494;RelationshipAdoption_FGAskForGiftIntro [DIAL:03007B2B];;[INFO:03002F1E] ([R] in GRUP Topic Children of RelationshipAdoption_FGAskForGiftIntro [DIAL:03007B2B]);;;;
33566493;RelationshipAdoption_FGAskForGiftIntro [DIAL:03007B2B];;[INFO:03002F1D] ([R] in GRUP Topic Children of RelationshipAdoption_FGAskForGiftIntro [DIAL:03007B2B]);;;;
33566492;RelationshipAdoption_FGAskForGiftIntro [DIAL:03007B2B];;[INFO:03002F1C] ([R] in GRUP Topic Children of RelationshipAdoption_FGAskForGiftIntro [DIAL:03007B2B]);;;;
33566491;RelationshipAdoption_FGAskForGiftIntro [DIAL:03007B2B];;[INFO:03002F1B] ([R] in GRUP Topic Children of RelationshipAdoption_FGAskForGiftIntro [DIAL:03007B2B]);;;;
33566490;RelationshipAdoption_FGAskForGiftIntro [DIAL:03007B2B];;[INFO:03002F1A] ([R] in GRUP Topic Children of RelationshipAdoption_FGAskForGiftIntro [DIAL:03007B2B]);;;;
33566489;RelationshipAdoption_FGAskForGiftIntro [DIAL:03007B2B];;[INFO:03002F19] ([R] in GRUP Topic Children of RelationshipAdoption_FGAskForGiftIntro [DIAL:03007B2B]);;;;
33566488;RelationshipAdoption_FGAskForGiftIntro [DIAL:03007B2B];;[INFO:03002F18] ([R] in GRUP Topic Children of RelationshipAdoption_FGAskForGiftIntro [DIAL:03007B2B]);;;;
33566487;RelationshipAdoption_FGAskForGiftIntro [DIAL:03007B2B];;[INFO:03002F17] ([R] in GRUP Topic Children of RelationshipAdoption_FGAskForGiftIntro [DIAL:03007B2B]);;;;
33566486;RelationshipAdoption_FGAskForGiftIntro [DIAL:03007B2B];;[INFO:03002F16] ([R] in GRUP Topic Children of RelationshipAdoption_FGAskForGiftIntro [DIAL:03007B2B]);;;;
33585963;;RelationshipAdoption_FGAskForGiftIntro [DIAL:03007B2B];;;BYOHRelationshipAdoption [QUST:030042B4];;
33585991;RelationshipAdoption_FGAskForGiftResponse "Yes, I did." [DIAL:03007B2A];;[INFO:03007B47] ([R][RE] in GRUP Topic Children of RelationshipAdoption_FGAskForGiftResponse "Yes, I did." [DIAL:03007B2A]);;;BYOH_TIF__01007B47;
33585990;RelationshipAdoption_FGAskForGiftResponse "Yes, I did." [DIAL:03007B2A];;[INFO:03007B46] ([R] in GRUP Topic Children of RelationshipAdoption_FGAskForGiftResponse "Yes, I did." [DIAL:03007B2A]);;;BYOH_TIF__01007B46;
33585989;RelationshipAdoption_FGAskForGiftResponse "Yes, I did." [DIAL:03007B2A];;[INFO:03007B45] ([R] in GRUP Topic Children of RelationshipAdoption_FGAskForGiftResponse "Yes, I did." [DIAL:03007B2A]);;;BYOH_TIF__01007B45;
33585988;RelationshipAdoption_FGAskForGiftResponse "Yes, I did." [DIAL:03007B2A];;[INFO:03007B44] ([R] in GRUP Topic Children of RelationshipAdoption_FGAskForGiftResponse "Yes, I did." [DIAL:03007B2A]);;;BYOH_TIF__01007B44;
33585987;RelationshipAdoption_FGAskForGiftResponse "Yes, I did." [DIAL:03007B2A];;[INFO:03007B43] ([R] in GRUP Topic Children of RelationshipAdoption_FGAskForGiftResponse "Yes, I did." [DIAL:03007B2A]);;;BYOH_TIF__01007B43;
33585986;RelationshipAdoption_FGAskForGiftResponse "Yes, I did." [DIAL:03007B2A];;[INFO:03007B42] ([R] in GRUP Topic Children of RelationshipAdoption_FGAskForGiftResponse "Yes, I did." [DIAL:03007B2A]);;;BYOH_TIF__01007B42;
33585985;RelationshipAdoption_FGAskForGiftResponse "Yes, I did." [DIAL:03007B2A];;[INFO:03007B41] ([R] in GRUP Topic Children of RelationshipAdoption_FGAskForGiftResponse "Yes, I did." [DIAL:03007B2A]);;;BYOH_TIF__01007B41;
33585984;RelationshipAdoption_FGAskForGiftResponse "Yes, I did." [DIAL:03007B2A];;[INFO:03007B40] ([R] in GRUP Topic Children of RelationshipAdoption_FGAskForGiftResponse "Yes, I did." [DIAL:03007B2A]);;;BYOH_TIF__01007B40;
33585983;RelationshipAdoption_FGAskForGiftResponse "Yes, I did." [DIAL:03007B2A];;[INFO:03007B3F] ([R] in GRUP Topic Children of RelationshipAdoption_FGAskForGiftResponse "Yes, I did." [DIAL:03007B2A]);;;BYOH_TIF__01007B3F;
33585982;RelationshipAdoption_FGAskForGiftResponse "Yes, I did." [DIAL:03007B2A];;[INFO:03007B3E] ([R] in GRUP Topic Children of RelationshipAdoption_FGAskForGiftResponse "Yes, I did." [DIAL:03007B2A]);;;BYOH_TIF__01007B3E;
33585962;;RelationshipAdoption_FGAskForGiftResponse "Yes, I did." [DIAL:03007B2A];;Yes, I did.;BYOHRelationshipAdoption [QUST:030042B4];;
33585973;RelationshipAdoption_FGAskForGiftReact [DIAL:03007B29];;[INFO:03007B35] ([G] in GRUP Topic Children of RelationshipAdoption_FGAskForGiftReact [DIAL:03007B29]);;;BYOH_TIF__01007B35;
33585972;RelationshipAdoption_FGAskForGiftReact [DIAL:03007B29];;[INFO:03007B34] ([G] in GRUP Topic Children of RelationshipAdoption_FGAskForGiftReact [DIAL:03007B29]);;;BYOH_TIF__01007B34;
33585971;RelationshipAdoption_FGAskForGiftReact [DIAL:03007B29];;[INFO:03007B33] ([G] in GRUP Topic Children of RelationshipAdoption_FGAskForGiftReact [DIAL:03007B29]);;;BYOH_TIF__01007B33;
33585970;RelationshipAdoption_FGAskForGiftReact [DIAL:03007B29];;[INFO:03007B32] ([G] in GRUP Topic Children of RelationshipAdoption_FGAskForGiftReact [DIAL:03007B29]);;;;
33585961;;RelationshipAdoption_FGAskForGiftReact [DIAL:03007B29];;;BYOHRelationshipAdoption [QUST:030042B4];;
33585969;RelationshipAdoption_NoGift "Not this time." [DIAL:03007B28];;[INFO:03007B31] ([G] in GRUP Topic Children of RelationshipAdoption_NoGift "Not this time." [DIAL:03007B28]);;;;
33585960;;RelationshipAdoption_NoGift "Not this time." [DIAL:03007B28];;Not this time.;BYOHRelationshipAdoption [QUST:030042B4];;
33585968;RelationshipAdoption_NoGiftRude "No. Stop pestering me." [DIAL:03007B27];;[INFO:03007B30] ([G] in GRUP Topic Children of RelationshipAdoption_NoGiftRude "No. Stop pestering me." [DIAL:03007B27]);;;;
33585967;RelationshipAdoption_NoGiftRude "No. Stop pestering me." [DIAL:03007B27];;[INFO:03007B2F] ([G] in GRUP Topic Children of RelationshipAdoption_NoGiftRude "No. Stop pestering me." [DIAL:03007B27]);;;;
33585959;;RelationshipAdoption_NoGiftRude "No. Stop pestering me." [DIAL:03007B27];;No. Stop pestering me.;BYOHRelationshipAdoption [QUST:030042B4];;
33585979;RelationshipAdoption_FGAskForGiftTopic [DIAL:03007B26];;[INFO:03007B3B] ([R]'Did you get me a present?' in GRUP Topic Children of RelationshipAdoption_FGAskForGiftTopic [DIAL:03007B26]);;;BYOH_TIF__01007B3B;
33585978;RelationshipAdoption_FGAskForGiftTopic [DIAL:03007B26];;[INFO:03007B3A] ([R]'Did you bring me anything?' in GRUP Topic Children of RelationshipAdoption_FGAskForGiftTopic [DIAL:03007B26]);;;BYOH_TIF__01007B3A;
33585958;;RelationshipAdoption_FGAskForGiftTopic [DIAL:03007B26];;;BYOHRelationshipAdoption [QUST:030042B4];;
33650847;BYOHHouseStewardUpgradeChicken "Chicken. (<Global=BYOHHPCostChicken> gold)" [DIAL:03007A6E];;[INFO:0301789F] (in GRUP Topic Children of BYOHHouseStewardUpgradeChicken "Chicken. (<Global=BYOHHPCostChicken> gold)" [DIAL:03007A6E]);;;;
33650846;BYOHHouseStewardUpgradeChicken "Chicken. (<Global=BYOHHPCostChicken> gold)" [DIAL:03007A6E];;[INFO:0301789E] (in GRUP Topic Children of BYOHHouseStewardUpgradeChicken "Chicken. (<Global=BYOHHPCostChicken> gold)" [DIAL:03007A6E]);;;;
33650845;BYOHHouseStewardUpgradeChicken "Chicken. (<Global=BYOHHPCostChicken> gold)" [DIAL:03007A6E];;[INFO:0301789D] (in GRUP Topic Children of BYOHHouseStewardUpgradeChicken "Chicken. (<Global=BYOHHPCostChicken> gold)" [DIAL:03007A6E]);;;BYOH_TIF__0101789D;
33650844;BYOHHouseStewardUpgradeChicken "Chicken. (<Global=BYOHHPCostChicken> gold)" [DIAL:03007A6E];;[INFO:0301789C] (in GRUP Topic Children of BYOHHouseStewardUpgradeChicken "Chicken. (<Global=BYOHHPCostChicken> gold)" [DIAL:03007A6E]);;;;
33650843;BYOHHouseStewardUpgradeChicken "Chicken. (<Global=BYOHHPCostChicken> gold)" [DIAL:03007A6E];;[INFO:0301789B] (in GRUP Topic Children of BYOHHouseStewardUpgradeChicken "Chicken. (<Global=BYOHHPCostChicken> gold)" [DIAL:03007A6E]);;;;
33650842;BYOHHouseStewardUpgradeChicken "Chicken. (<Global=BYOHHPCostChicken> gold)" [DIAL:03007A6E];;[INFO:0301789A] (in GRUP Topic Children of BYOHHouseStewardUpgradeChicken "Chicken. (<Global=BYOHHPCostChicken> gold)" [DIAL:03007A6E]);;;BYOH_TIF__0101789A;
33618343;BYOHHouseStewardUpgradeChicken "Chicken. (<Global=BYOHHPCostChicken> gold)" [DIAL:03007A6E];;[INFO:0300F9A7] (in GRUP Topic Children of BYOHHouseStewardUpgradeChicken "Chicken. (<Global=BYOHHPCostChicken> gold)" [DIAL:03007A6E]);;;;
33592577;BYOHHouseStewardUpgradeChicken "Chicken. (<Global=BYOHHPCostChicken> gold)" [DIAL:03007A6E];;[INFO:03009501] (in GRUP Topic Children of BYOHHouseStewardUpgradeChicken "Chicken. (<Global=BYOHHPCostChicken> gold)" [DIAL:03007A6E]);;;;
33585798;BYOHHouseStewardUpgradeChicken "Chicken. (<Global=BYOHHPCostChicken> gold)" [DIAL:03007A6E];;[INFO:03007A86] (in GRUP Topic Children of BYOHHouseStewardUpgradeChicken "Chicken. (<Global=BYOHHPCostChicken> gold)" [DIAL:03007A6E]);;;BYOH_TIF__01007A86;
33585774;;BYOHHouseStewardUpgradeChicken "Chicken. (<Global=BYOHHPCostChicken> gold)" [DIAL:03007A6E];;Chicken. (<Global=BYOHHPCostChicken> gold);BYOHHouseBuilding [QUST:0300305D];;
33650853;BYOHHouseStewardUpgradeHorse "Horse. (<Global=HorseCost> gold)" [DIAL:03007A6D];;[INFO:030178A5] (in GRUP Topic Children of BYOHHouseStewardUpgradeHorse "Horse. (<Global=HorseCost> gold)" [DIAL:03007A6D]);;;;
33650852;BYOHHouseStewardUpgradeHorse "Horse. (<Global=HorseCost> gold)" [DIAL:03007A6D];;[INFO:030178A4] (in GRUP Topic Children of BYOHHouseStewardUpgradeHorse "Horse. (<Global=HorseCost> gold)" [DIAL:03007A6D]);;;;
33650851;BYOHHouseStewardUpgradeHorse "Horse. (<Global=HorseCost> gold)" [DIAL:03007A6D];;[INFO:030178A3] (in GRUP Topic Children of BYOHHouseStewardUpgradeHorse "Horse. (<Global=HorseCost> gold)" [DIAL:03007A6D]);;;BYOH_TIF__010178A3;
33650850;BYOHHouseStewardUpgradeHorse "Horse. (<Global=HorseCost> gold)" [DIAL:03007A6D];;[INFO:030178A2] (in GRUP Topic Children of BYOHHouseStewardUpgradeHorse "Horse. (<Global=HorseCost> gold)" [DIAL:03007A6D]);;;;
33650849;BYOHHouseStewardUpgradeHorse "Horse. (<Global=HorseCost> gold)" [DIAL:03007A6D];;[INFO:030178A1] (in GRUP Topic Children of BYOHHouseStewardUpgradeHorse "Horse. (<Global=HorseCost> gold)" [DIAL:03007A6D]);;;;
33650848;BYOHHouseStewardUpgradeHorse "Horse. (<Global=HorseCost> gold)" [DIAL:03007A6D];;[INFO:030178A0] (in GRUP Topic Children of BYOHHouseStewardUpgradeHorse "Horse. (<Global=HorseCost> gold)" [DIAL:03007A6D]);;;BYOH_TIF__010178A0;
33618340;BYOHHouseStewardUpgradeHorse "Horse. (<Global=HorseCost> gold)" [DIAL:03007A6D];;[INFO:0300F9A4] (in GRUP Topic Children of BYOHHouseStewardUpgradeHorse "Horse. (<Global=HorseCost> gold)" [DIAL:03007A6D]);;;;
33592581;BYOHHouseStewardUpgradeHorse "Horse. (<Global=HorseCost> gold)" [DIAL:03007A6D];;[INFO:03009505] (in GRUP Topic Children of BYOHHouseStewardUpgradeHorse "Horse. (<Global=HorseCost> gold)" [DIAL:03007A6D]);;;;
33585793;BYOHHouseStewardUpgradeHorse "Horse. (<Global=HorseCost> gold)" [DIAL:03007A6D];;[INFO:03007A81] (in GRUP Topic Children of BYOHHouseStewardUpgradeHorse "Horse. (<Global=HorseCost> gold)" [DIAL:03007A6D]);;;BYOH_TIF__01007A81;
33585773;;BYOHHouseStewardUpgradeHorse "Horse. (<Global=HorseCost> gold)" [DIAL:03007A6D];;Horse. (<Global=HorseCost> gold);BYOHHouseBuilding [QUST:0300305D];;
33585268;BYOHHouseCarriageBranchTopic "I need a ride." [DIAL:03007873];;[INFO:03007874] (in GRUP Topic Children of BYOHHouseCarriageBranchTopic "I need a ride." [DIAL:03007873]);;;;
33585267;;BYOHHouseCarriageBranchTopic "I need a ride." [DIAL:03007873];;I need a ride.;DialogueCarriageSystem "Carriage system dialogue" [QUST:00017F01];;
33585280;BYOHHouse1CarriageMorthal "Morthal." [DIAL:03007872];;[INFO:03007880] ([G] in GRUP Topic Children of BYOHHouse1CarriageMorthal "Morthal." [DIAL:03007872]);;;BYOH_TIF__01007880;
33585279;BYOHHouse1CarriageMorthal "Morthal." [DIAL:03007872];;[INFO:0300787F] ([G] in GRUP Topic Children of BYOHHouse1CarriageMorthal "Morthal." [DIAL:03007872]);;;BYOH_TIF__0100787F;
33585266;;BYOHHouse1CarriageMorthal "Morthal." [DIAL:03007872];;Morthal.;DialogueCarriageSystem "Carriage system dialogue" [QUST:00017F01];;
33585274;BYOHHouse1CarriageDawnstar "Dawnstar." [DIAL:03007871];;[INFO:0300787A] ([G] in GRUP Topic Children of BYOHHouse1CarriageDawnstar "Dawnstar." [DIAL:03007871]);;;BYOH_TIF__0100787A;
33585273;BYOHHouse1CarriageDawnstar "Dawnstar." [DIAL:03007871];;[INFO:03007879] ([G] in GRUP Topic Children of BYOHHouse1CarriageDawnstar "Dawnstar." [DIAL:03007871]);;;BYOH_TIF__01007879;
33585265;;BYOHHouse1CarriageDawnstar "Dawnstar." [DIAL:03007871];;Dawnstar.;DialogueCarriageSystem "Carriage system dialogue" [QUST:00017F01];;
33585272;BYOHHouse1CarriageDarkwaterCrossing "Darkwater Crossing." [DIAL:03007870];;[INFO:03007878] ([G] in GRUP Topic Children of BYOHHouse1CarriageDarkwaterCrossing "Darkwater Crossing." [DIAL:03007870]);;;BYOH_TIF__01007878;
33585271;BYOHHouse1CarriageDarkwaterCrossing "Darkwater Crossing." [DIAL:03007870];;[INFO:03007877] ([G] in GRUP Topic Children of BYOHHouse1CarriageDarkwaterCrossing "Darkwater Crossing." [DIAL:03007870]);;;BYOH_TIF__01007877;
33585264;;BYOHHouse1CarriageDarkwaterCrossing "Darkwater Crossing." [DIAL:03007870];;Darkwater Crossing.;DialogueCarriageSystem "Carriage system dialogue" [QUST:00017F01];;
33585270;BYOHHouse1CarriageDragonBridge "Dragon Bridge." [DIAL:0300786F];;[INFO:03007876] ([G] in GRUP Topic Children of BYOHHouse1CarriageDragonBridge "Dragon Bridge." [DIAL:0300786F]);;;BYOH_TIF__01007876;
33585269;BYOHHouse1CarriageDragonBridge "Dragon Bridge." [DIAL:0300786F];;[INFO:03007875] ([G] in GRUP Topic Children of BYOHHouse1CarriageDragonBridge "Dragon Bridge." [DIAL:0300786F]);;;BYOH_TIF__01007875;
33585263;;BYOHHouse1CarriageDragonBridge "Dragon Bridge." [DIAL:0300786F];;Dragon Bridge.;DialogueCarriageSystem "Carriage system dialogue" [QUST:00017F01];;
33585776;BYOHHouse1CarriageWhiterun "Whiterun." [DIAL:0300786E];;[INFO:03007A70] ([G] in GRUP Topic Children of BYOHHouse1CarriageWhiterun "Whiterun." [DIAL:0300786E]);;;BYOH_TIF__01007A70;
33585775;BYOHHouse1CarriageWhiterun "Whiterun." [DIAL:0300786E];;[INFO:03007A6F] ([G] in GRUP Topic Children of BYOHHouse1CarriageWhiterun "Whiterun." [DIAL:0300786E]);;;BYOH_TIF__01007A6F;
33585262;;BYOHHouse1CarriageWhiterun "Whiterun." [DIAL:0300786E];;Whiterun.;DialogueCarriageSystem "Carriage system dialogue" [QUST:00017F01];;
33585782;BYOHHouse1CarriageSolitude "Solitude." [DIAL:0300786D];;[INFO:03007A76] ([G] in GRUP Topic Children of BYOHHouse1CarriageSolitude "Solitude." [DIAL:0300786D]);;;BYOH_TIF__01007A76;
33585781;BYOHHouse1CarriageSolitude "Solitude." [DIAL:0300786D];;[INFO:03007A75] ([G] in GRUP Topic Children of BYOHHouse1CarriageSolitude "Solitude." [DIAL:0300786D]);;;BYOH_TIF__01007A75;
33585261;;BYOHHouse1CarriageSolitude "Solitude." [DIAL:0300786D];;Solitude.;DialogueCarriageSystem "Carriage system dialogue" [QUST:00017F01];;
33585788;BYOHHouse1CarriageMarkarth "Markarth." [DIAL:0300786C];;[INFO:03007A7C] ([G] in GRUP Topic Children of BYOHHouse1CarriageMarkarth "Markarth." [DIAL:0300786C]);;;BYOH_TIF__01007A7C;
33585787;BYOHHouse1CarriageMarkarth "Markarth." [DIAL:0300786C];;[INFO:03007A7B] ([G] in GRUP Topic Children of BYOHHouse1CarriageMarkarth "Markarth." [DIAL:0300786C]);;;BYOH_TIF__01007A7B;
33585260;;BYOHHouse1CarriageMarkarth "Markarth." [DIAL:0300786C];;Markarth.;DialogueCarriageSystem "Carriage system dialogue" [QUST:00017F01];;
33585795;BYOHHouse1CarriageRiften "Riften." [DIAL:0300786B];;[INFO:03007A83] ([G] in GRUP Topic Children of BYOHHouse1CarriageRiften "Riften." [DIAL:0300786B]);;;BYOH_TIF__01007A83;
33585794;BYOHHouse1CarriageRiften "Riften." [DIAL:0300786B];;[INFO:03007A82] ([G] in GRUP Topic Children of BYOHHouse1CarriageRiften "Riften." [DIAL:0300786B]);;;BYOH_TIF__01007A82;
33585259;;BYOHHouse1CarriageRiften "Riften." [DIAL:0300786B];;Riften.;DialogueCarriageSystem "Carriage system dialogue" [QUST:00017F01];;
33585800;BYOHHouse1CarriageWindhelm "Windhelm." [DIAL:0300786A];;[INFO:03007A88] ([G] in GRUP Topic Children of BYOHHouse1CarriageWindhelm "Windhelm." [DIAL:0300786A]);;;BYOH_TIF__01007A88;
33585799;BYOHHouse1CarriageWindhelm "Windhelm." [DIAL:0300786A];;[INFO:03007A87] ([G] in GRUP Topic Children of BYOHHouse1CarriageWindhelm "Windhelm." [DIAL:0300786A]);;;BYOH_TIF__01007A87;
33585258;;BYOHHouse1CarriageWindhelm "Windhelm." [DIAL:0300786A];;Windhelm.;DialogueCarriageSystem "Carriage system dialogue" [QUST:00017F01];;
33585278;BYOHHouse1CarriageFalkreath "Falkreath." [DIAL:03007869];;[INFO:0300787E] ([G] in GRUP Topic Children of BYOHHouse1CarriageFalkreath "Falkreath." [DIAL:03007869]);;;BYOH_TIF__0100787E;
33585277;BYOHHouse1CarriageFalkreath "Falkreath." [DIAL:03007869];;[INFO:0300787D] ([G] in GRUP Topic Children of BYOHHouse1CarriageFalkreath "Falkreath." [DIAL:03007869]);;;BYOH_TIF__0100787D;
33585257;;BYOHHouse1CarriageFalkreath "Falkreath." [DIAL:03007869];;Falkreath.;DialogueCarriageSystem "Carriage system dialogue" [QUST:00017F01];;
33585780;BYOHHouse1CarriageWinterhold "Winterhold." [DIAL:03007868];;[INFO:03007A74] ([G] in GRUP Topic Children of BYOHHouse1CarriageWinterhold "Winterhold." [DIAL:03007868]);;;BYOH_TIF__01007A74;
33585779;BYOHHouse1CarriageWinterhold "Winterhold." [DIAL:03007868];;[INFO:03007A73] ([G] in GRUP Topic Children of BYOHHouse1CarriageWinterhold "Winterhold." [DIAL:03007868]);;;BYOH_TIF__01007A73;
33585256;;BYOHHouse1CarriageWinterhold "Winterhold." [DIAL:03007868];;Winterhold.;DialogueCarriageSystem "Carriage system dialogue" [QUST:00017F01];;
33585786;BYOHHouse1CarriageIvarstead "Ivarstead." [DIAL:03007867];;[INFO:03007A7A] ([G] in GRUP Topic Children of BYOHHouse1CarriageIvarstead "Ivarstead." [DIAL:03007867]);;;BYOH_TIF__01007A7A;
33585785;BYOHHouse1CarriageIvarstead "Ivarstead." [DIAL:03007867];;[INFO:03007A79] ([G] in GRUP Topic Children of BYOHHouse1CarriageIvarstead "Ivarstead." [DIAL:03007867]);;;BYOH_TIF__01007A79;
33585255;;BYOHHouse1CarriageIvarstead "Ivarstead." [DIAL:03007867];;Ivarstead.;DialogueCarriageSystem "Carriage system dialogue" [QUST:00017F01];;
33585276;BYOHHouse1CarriageKarthwasten "Karthwasten." [DIAL:03007866];;[INFO:0300787C] ([G] in GRUP Topic Children of BYOHHouse1CarriageKarthwasten "Karthwasten." [DIAL:03007866]);;;BYOH_TIF__0100787C;
33585275;BYOHHouse1CarriageKarthwasten "Karthwasten." [DIAL:03007866];;[INFO:0300787B] ([G] in GRUP Topic Children of BYOHHouse1CarriageKarthwasten "Karthwasten." [DIAL:03007866]);;;BYOH_TIF__0100787B;
33585254;;BYOHHouse1CarriageKarthwasten "Karthwasten." [DIAL:03007866];;Karthwasten.;DialogueCarriageSystem "Carriage system dialogue" [QUST:00017F01];;
33585792;BYOHHouse1CarriageKynesgrove "Kynesgrove." [DIAL:03007865];;[INFO:03007A80] ([G] in GRUP Topic Children of BYOHHouse1CarriageKynesgrove "Kynesgrove." [DIAL:03007865]);;;BYOH_TIF__01007A80;
33585791;BYOHHouse1CarriageKynesgrove "Kynesgrove." [DIAL:03007865];;[INFO:03007A7F] ([G] in GRUP Topic Children of BYOHHouse1CarriageKynesgrove "Kynesgrove." [DIAL:03007865]);;;BYOH_TIF__01007A7F;
33585253;;BYOHHouse1CarriageKynesgrove "Kynesgrove." [DIAL:03007865];;Kynesgrove.;DialogueCarriageSystem "Carriage system dialogue" [QUST:00017F01];;
33585802;BYOHHouse1CarriageOldHroldan "Old Hroldan." [DIAL:03007864];;[INFO:03007A8A] ([G] in GRUP Topic Children of BYOHHouse1CarriageOldHroldan "Old Hroldan." [DIAL:03007864]);;;BYOH_TIF__01007A8A;
33585801;BYOHHouse1CarriageOldHroldan "Old Hroldan." [DIAL:03007864];;[INFO:03007A89] ([G] in GRUP Topic Children of BYOHHouse1CarriageOldHroldan "Old Hroldan." [DIAL:03007864]);;;BYOH_TIF__01007A89;
33585252;;BYOHHouse1CarriageOldHroldan "Old Hroldan." [DIAL:03007864];;Old Hroldan.;DialogueCarriageSystem "Carriage system dialogue" [QUST:00017F01];;
33585778;BYOHHouse1CarriageRiverwood "Riverwood." [DIAL:03007863];;[INFO:03007A72] ([G] in GRUP Topic Children of BYOHHouse1CarriageRiverwood "Riverwood." [DIAL:03007863]);;;BYOH_TIF__01007A72;
33585777;BYOHHouse1CarriageRiverwood "Riverwood." [DIAL:03007863];;[INFO:03007A71] ([G] in GRUP Topic Children of BYOHHouse1CarriageRiverwood "Riverwood." [DIAL:03007863]);;;BYOH_TIF__01007A71;
33585251;;BYOHHouse1CarriageRiverwood "Riverwood." [DIAL:03007863];;Riverwood.;DialogueCarriageSystem "Carriage system dialogue" [QUST:00017F01];;
33585784;BYOHHouse1CarriageRorikstead "Rorikstead." [DIAL:03007862];;[INFO:03007A78] ([G] in GRUP Topic Children of BYOHHouse1CarriageRorikstead "Rorikstead." [DIAL:03007862]);;;BYOH_TIF__01007A78;
33585783;BYOHHouse1CarriageRorikstead "Rorikstead." [DIAL:03007862];;[INFO:03007A77] ([G] in GRUP Topic Children of BYOHHouse1CarriageRorikstead "Rorikstead." [DIAL:03007862]);;;BYOH_TIF__01007A77;
33585250;;BYOHHouse1CarriageRorikstead "Rorikstead." [DIAL:03007862];;Rorikstead.;DialogueCarriageSystem "Carriage system dialogue" [QUST:00017F01];;
33585790;BYOHHouse1CarriageShorsStone "Shor's Stone." [DIAL:03007861];;[INFO:03007A7E] ([G] in GRUP Topic Children of BYOHHouse1CarriageShorsStone "Shor's Stone." [DIAL:03007861]);;;BYOH_TIF__01007A7E;
33585789;BYOHHouse1CarriageShorsStone "Shor's Stone." [DIAL:03007861];;[INFO:03007A7D] ([G] in GRUP Topic Children of BYOHHouse1CarriageShorsStone "Shor's Stone." [DIAL:03007861]);;;BYOH_TIF__01007A7D;
33585249;;BYOHHouse1CarriageShorsStone "Shor's Stone." [DIAL:03007861];;Shor's Stone.;DialogueCarriageSystem "Carriage system dialogue" [QUST:00017F01];;
33585797;BYOHHouse1CarriageStonehills "Stonehills." [DIAL:03007860];;[INFO:03007A85] ([G] in GRUP Topic Children of BYOHHouse1CarriageStonehills "Stonehills." [DIAL:03007860]);;;BYOH_TIF__01007A85;
33585796;BYOHHouse1CarriageStonehills "Stonehills." [DIAL:03007860];;[INFO:03007A84] ([G] in GRUP Topic Children of BYOHHouse1CarriageStonehills "Stonehills." [DIAL:03007860]);;;BYOH_TIF__01007A84;
33585248;;BYOHHouse1CarriageStonehills "Stonehills." [DIAL:03007860];;Stonehills.;DialogueCarriageSystem "Carriage system dialogue" [QUST:00017F01];;
33599664;[DIAL:03007016];;BYOHHouseStewardFurnishingsIntro [INFO:0300B0B0] ('Of course. What room would you like me to furnish?' in GRUP Topic Children of [DIAL:03007016]);;;;
33594247;[DIAL:03007016];;BYOHHouseBuyLumberNotFriend [INFO:03009B87] ('I can't just give away good timber.' in GRUP Topic Children of [DIAL:03007016]);;;;
33594246;[DIAL:03007016];;BYOHHouseBuyLumberSureThingDeliver [INFO:03009B86] ('Sure thing, friend. I'll even have it delivered to your building site, no charge.' in GRUP Topic Children of [DIAL:03007016]);;;;
33594245;[DIAL:03007016];;BYOHHouseBuyLumberSureThingFriend [INFO:03009B85] ('Sure thing, friend. I can use a break anyway.' in GRUP Topic Children of [DIAL:03007016]);;;;
33594244;[DIAL:03007016];;BYOHHouseBuyLumberNeverMind [INFO:03009B84] ('That's fine.' in GRUP Topic Children of [DIAL:03007016]);;;;
33594243;[DIAL:03007016];;BYOHHouseBuyLumberBuy [INFO:03009B83] ('I'll have them hauled over right away.' in GRUP Topic Children of [DIAL:03007016]);;;;
33594242;[DIAL:03007016];;BYOHHouseBuyLumberNoMoney [INFO:03009B82] ('When you've actually got the coin, we can do business.' in GRUP Topic Children of [DIAL:03007016]);;;;
33594241;[DIAL:03007016];;BYOHHouseBuyLumberIntro [INFO:03009B81] ('Doing some building, eh? We can deliver it wherever you need.' in GRUP Topic Children of [DIAL:03007016]);;;;
33592573;[DIAL:03007016];;BYOHHouseStewardShortOfGold [INFO:030094FD] ('Ah. Unfortunately, I'm afraid you're a bit short of funds at the moment.' in GRUP Topic Children of [DIAL:03007016]);;;;
33592572;[DIAL:03007016];;BYOHHouseStewardVeryGoodMaam [INFO:030094FC] ('Very good, ma'am.' in GRUP Topic Children of [DIAL:03007016]);;;;
33592571;[DIAL:03007016];;BYOHHouseStewardVeryGoodSir [INFO:030094FB] ('Very good, sir.' in GRUP Topic Children of [DIAL:03007016]);;;;
33592570;[DIAL:03007016];;BYOHHouseStewardIsThereAnythingElse [INFO:030094FA] ('Is there anything else you need?' in GRUP Topic Children of [DIAL:03007016]);;;;
33592569;[DIAL:03007016];;BYOHHouseStewardBuyMaterialsShared [INFO:030094F9] ('Of course. What are we running short of?' in GRUP Topic Children of [DIAL:03007016]);;;;
33587772;[DIAL:03007016];;BYOHHouseStewardUpgrade [INFO:0300823C] ('Certainly. What did you have in mind?' in GRUP Topic Children of [DIAL:03007016]);;;;
33585803;[DIAL:03007016];;BYOHHouseStewardPurchaseHorse [INFO:03007A8B] ('Ah, good. There's one I've had my eye on. I'll see if it's still for sale.' in GRUP Topic Children of [DIAL:03007016]);;;;
33656271;[DIAL:03007016];;BYOHHouseStewardHireBard [INFO:03018DCF] ('It would be pleasant to have some music in the house. I'll make inquiries about retaining the services of a bard.' in GRUP Topic Children of [DIAL:03007016]);;;;
33583142;[DIAL:03007016];;BYOHHouseStewardHireCarriage [INFO:03007026] ('Very good. I'll see about hiring a carriage driver at once.' in GRUP Topic Children of [DIAL:03007016]);;;;
33618341;[DIAL:03007016];;BYOHHouseStewardPurchaseCowNeedPen [INFO:0300F9A5] ('You'll need to build a pen for it first.' in GRUP Topic Children of [DIAL:03007016]);;;;
33618342;[DIAL:03007016];;BYOHHouseStewardPurchaseHorseNeedStable [INFO:0300F9A6] ('I think you'll want a stable before we spend good coin on a horse.' in GRUP Topic Children of [DIAL:03007016]);;;;
33599666;[DIAL:03007016];;BYOHHouseStewardFurnishingsNoGold [INFO:0300B0B2] ('I'm sorry, but you can't afford that right now.' in GRUP Topic Children of [DIAL:03007016]);;;;
33599665;[DIAL:03007016];;BYOHHouseStewardFurnishingsBuy [INFO:0300B0B1] ('Very good, I'll make all the arrangements.' in GRUP Topic Children of [DIAL:03007016]);;;;
33658306;[DIAL:03007016];;BYOHHouseBardRehireBlocking [INFO:030195C2] ('Yes? Did you change your mind?' in GRUP Topic Children of [DIAL:03007016]);;;;
33656273;[DIAL:03007016];;BYOHHouseBardOfCourseFemale [INFO:03018DD1] ('Of course, ma'am.' in GRUP Topic Children of [DIAL:03007016]);;;;
33656272;[DIAL:03007016];;BYOHHouseBardOfCourseMale [INFO:03018DD0] ('Of course, sir.' in GRUP Topic Children of [DIAL:03007016]);;;;
33583141;[DIAL:03007016];;BYOHHouseStewardPurchaseCow [INFO:03007025] ('I'll keep an eye out for a good cow to purchase.' in GRUP Topic Children of [DIAL:03007016]);;;;
33606961;[DIAL:03007016];;BYOHHouseStewardWhereToBuySuppliesPale [INFO:0300CD31] ('You know Belethor's shop in Whiterun? That'd be a good place to start. He carries all sorts of things like that.' in GRUP Topic Children of [DIAL:03007016]);;;;
33606960;[DIAL:03007016];;BYOHHouseStewardWhereToBuySuppliesHjaalmarch [INFO:0300CD30] ('Bits and Pieces in Solitude is probably the place to start. They sell all sorts of things like that.' in GRUP Topic Children of [DIAL:03007016]);;;;
33606959;[DIAL:03007016];;BYOHHouseStewardWhereToBuySuppliesFalkreath [INFO:0300CD2F] ('Hmm. You might try Gray Pine Goods in Falkreath. They carry all sorts of things like that.' in GRUP Topic Children of [DIAL:03007016]);;;;
33606958;[DIAL:03007016];;BYOHHouseStewardPutSuppliesInChest [INFO:0300CD2E] ('Certainly. I'll have it delivered to the chest near your workbenches.' in GRUP Topic Children of [DIAL:03007016]);;;;
33583140;[DIAL:03007016];;BYOHHouseStewardSeeToItAtOnce [INFO:03007024] ('I'll see to it at once.' in GRUP Topic Children of [DIAL:03007016]);;;;
33583139;[DIAL:03007016];;BYOHHouseStewardAccept [INFO:03007023] ('I'd be honored to be your steward. You've built a fine steading here.' in GRUP Topic Children of [DIAL:03007016]);;;;
33583126;;[DIAL:03007016];;;BYOHHouseBuilding [QUST:0300305D];;
33570420;WIChangeLocation08ForceGreetAdoptionTopic [DIAL:03003D7F];;[INFO:03003E74] ('Mama! We're playing a game. Do you want to play?' in GRUP Topic Children of WIChangeLocation08ForceGreetAdoptionTopic [DIAL:03003D7F]);;;;
33570419;WIChangeLocation08ForceGreetAdoptionTopic [DIAL:03003D7F];;[INFO:03003E73] ('Papa! We're playing a game. Do you want to play?' in GRUP Topic Children of WIChangeLocation08ForceGreetAdoptionTopic [DIAL:03003D7F]);;;;
33570418;WIChangeLocation08ForceGreetAdoptionTopic [DIAL:03003D7F];;[INFO:03003E72] ('Hey, Ma! Want to play a game with us?' in GRUP Topic Children of WIChangeLocation08ForceGreetAdoptionTopic [DIAL:03003D7F]);;;;
33570417;WIChangeLocation08ForceGreetAdoptionTopic [DIAL:03003D7F];;[INFO:03003E71] ('Hey, Pa! You want to play a game with us?' in GRUP Topic Children of WIChangeLocation08ForceGreetAdoptionTopic [DIAL:03003D7F]);;;;
33570416;WIChangeLocation08ForceGreetAdoptionTopic [DIAL:03003D7F];;[INFO:03003E70] ('Hey, Ma! Want to play a game with us?' in GRUP Topic Children of WIChangeLocation08ForceGreetAdoptionTopic [DIAL:03003D7F]);;;;
33570415;WIChangeLocation08ForceGreetAdoptionTopic [DIAL:03003D7F];;[INFO:03003E6F] ('Hey, Pa! You want to play a game with us?' in GRUP Topic Children of WIChangeLocation08ForceGreetAdoptionTopic [DIAL:03003D7F]);;;;
33570175;;WIChangeLocation08ForceGreetAdoptionTopic [DIAL:03003D7F];;;WIChangeLocation08 "Kid Games" [QUST:0004BCF1];;
33570222;BYOHRelationshipAdoption_OrderWhiningRelent [DIAL:03003D7E];;[INFO:03003DAE] ([G][R][RE] in GRUP Topic Children of BYOHRelationshipAdoption_OrderWhiningRelent [DIAL:03003D7E]);;;;Well... all right.
33570221;BYOHRelationshipAdoption_OrderWhiningRelent [DIAL:03003D7E];;[INFO:03003DAD] ([G][R] in GRUP Topic Children of BYOHRelationshipAdoption_OrderWhiningRelent [DIAL:03003D7E]);;;;Well... all right.
33570220;BYOHRelationshipAdoption_OrderWhiningRelent [DIAL:03003D7E];;[INFO:03003DAC] ([G][R] in GRUP Topic Children of BYOHRelationshipAdoption_OrderWhiningRelent [DIAL:03003D7E]);;;;Well... all right.
33570174;;BYOHRelationshipAdoption_OrderWhiningRelent [DIAL:03003D7E];;;BYOHRelationshipAdoption [QUST:030042B4];;
33570323;BYOHRelationshipAdoption_OrderWhiningReject [DIAL:03003D7D];;[INFO:03003E13] ([G] in GRUP Topic Children of BYOHRelationshipAdoption_OrderWhiningReject [DIAL:03003D7D]);;;BYOH_TIF__01003E13;<Alias.ShortName=Child2>...
33570322;BYOHRelationshipAdoption_OrderWhiningReject [DIAL:03003D7D];;[INFO:03003E12] ([G] in GRUP Topic Children of BYOHRelationshipAdoption_OrderWhiningReject [DIAL:03003D7D]);;;BYOH_TIF__01003E12;<Alias.ShortName=Child1>...
33570321;BYOHRelationshipAdoption_OrderWhiningReject [DIAL:03003D7D];;[INFO:03003E11] ([G] in GRUP Topic Children of BYOHRelationshipAdoption_OrderWhiningReject [DIAL:03003D7D]);;;BYOH_TIF__01003E11;<Alias.ShortName=Child2>...
33570320;BYOHRelationshipAdoption_OrderWhiningReject [DIAL:03003D7D];;[INFO:03003E10] ([G] in GRUP Topic Children of BYOHRelationshipAdoption_OrderWhiningReject [DIAL:03003D7D]);;;BYOH_TIF__01003E10;<Alias.ShortName=Child1>...
33570173;;BYOHRelationshipAdoption_OrderWhiningReject [DIAL:03003D7D];;;BYOHRelationshipAdoption [QUST:030042B4];;
33570427;RelationshipAdoption_OrderChoresTopicTopic [DIAL:03003D7C];;[INFO:03003E7B] ([G][R][RE] in GRUP Topic Children of RelationshipAdoption_OrderChoresTopicTopic [DIAL:03003D7C]);;;BYOH_TIF__01003E7B;Go do your chores, <Alias.ShortName=Child2>.
33570426;RelationshipAdoption_OrderChoresTopicTopic [DIAL:03003D7C];;[INFO:03003E7A] ([G][R] in GRUP Topic Children of RelationshipAdoption_OrderChoresTopicTopic [DIAL:03003D7C]);;;BYOH_TIF__01003E7A;Go do your chores, <Alias.ShortName=Child1>.
33570425;RelationshipAdoption_OrderChoresTopicTopic [DIAL:03003D7C];;[INFO:03003E79] ([G][R] in GRUP Topic Children of RelationshipAdoption_OrderChoresTopicTopic [DIAL:03003D7C]);;;BYOH_TIF__01003E79;Go do your chores, <Alias.ShortName=Child2>.
33570424;RelationshipAdoption_OrderChoresTopicTopic [DIAL:03003D7C];;[INFO:03003E78] ([G][R] in GRUP Topic Children of RelationshipAdoption_OrderChoresTopicTopic [DIAL:03003D7C]);;;BYOH_TIF__01003E78;Go do your chores, <Alias.ShortName=Child1>.
33570423;RelationshipAdoption_OrderChoresTopicTopic [DIAL:03003D7C];;[INFO:03003E77] ([R] in GRUP Topic Children of RelationshipAdoption_OrderChoresTopicTopic [DIAL:03003D7C]);;;BYOH_TIF__01003E77;Go do your chores, <Alias.ShortName=Child2>.
33570422;RelationshipAdoption_OrderChoresTopicTopic [DIAL:03003D7C];;[INFO:03003E76] ([R] in GRUP Topic Children of RelationshipAdoption_OrderChoresTopicTopic [DIAL:03003D7C]);;;BYOH_TIF__01003E76;Go do your chores, <Alias.ShortName=Child1>.
33570172;;RelationshipAdoption_OrderChoresTopicTopic [DIAL:03003D7C];;;BYOHRelationshipAdoption [QUST:030042B4];;
33570450;RelationshipAdoption_OrderBedTopicPreMidnight [DIAL:03003D7B];;[INFO:03003E92] ([G][R][RE] in GRUP Topic Children of RelationshipAdoption_OrderBedTopicPreMidnight [DIAL:03003D7B]);;;BYOH_TIF__01003E92;It's time for bed, <Alias.ShortName=Child2>.
33570449;RelationshipAdoption_OrderBedTopicPreMidnight [DIAL:03003D7B];;[INFO:03003E91] ([G][R] in GRUP Topic Children of RelationshipAdoption_OrderBedTopicPreMidnight [DIAL:03003D7B]);;;BYOH_TIF__01003E91;It's time for bed, <Alias.ShortName=Child1>.
33585977;RelationshipAdoption_OrderBedTopicPreMidnight [DIAL:03003D7B];;[INFO:03007B39] ([G][R] in GRUP Topic Children of RelationshipAdoption_OrderBedTopicPreMidnight [DIAL:03003D7B]);;;BYOH_TIF__01007B39;It's time for bed, <Alias.ShortName=Child2>.
33585976;RelationshipAdoption_OrderBedTopicPreMidnight [DIAL:03003D7B];;[INFO:03007B38] ([G][R] in GRUP Topic Children of RelationshipAdoption_OrderBedTopicPreMidnight [DIAL:03003D7B]);;;BYOH_TIF__01007B38;It's time for bed, <Alias.ShortName=Child1>.
33585975;RelationshipAdoption_OrderBedTopicPreMidnight [DIAL:03003D7B];;[INFO:03007B37] ([R] in GRUP Topic Children of RelationshipAdoption_OrderBedTopicPreMidnight [DIAL:03003D7B]);;;BYOH_TIF__01007B37;It's time for bed, <Alias.ShortName=Child2>.
33585974;RelationshipAdoption_OrderBedTopicPreMidnight [DIAL:03003D7B];;[INFO:03007B36] ([R] in GRUP Topic Children of RelationshipAdoption_OrderBedTopicPreMidnight [DIAL:03003D7B]);;;BYOH_TIF__01007B36;It's time for bed, <Alias.ShortName=Child1>.
33570444;RelationshipAdoption_OrderBedTopicPreMidnight [DIAL:03003D7B];;[INFO:03003E8C] ([R] in GRUP Topic Children of RelationshipAdoption_OrderBedTopicPreMidnight [DIAL:03003D7B]);;;BYOH_TIF__01003E8C;It's time for bed, <Alias.ShortName=Child2>.
33570443;RelationshipAdoption_OrderBedTopicPreMidnight [DIAL:03003D7B];;[INFO:03003E8B] ([R] in GRUP Topic Children of RelationshipAdoption_OrderBedTopicPreMidnight [DIAL:03003D7B]);;;BYOH_TIF__01003E8B;It's time for bed, <Alias.ShortName=Child1>.
33570171;;RelationshipAdoption_OrderBedTopicPreMidnight [DIAL:03003D7B];;;BYOHRelationshipAdoption [QUST:030042B4];;
33570460;RelationshipAdoption_OrderHomeTopic [DIAL:03003D7A];;[INFO:03003E9C] ([G][R][RE] in GRUP Topic Children of RelationshipAdoption_OrderHomeTopic [DIAL:03003D7A]);;;BYOH_TIF__01003E9C;Time to go home, <Alias.ShortName=Child2>.
33570459;RelationshipAdoption_OrderHomeTopic [DIAL:03003D7A];;[INFO:03003E9B] ([G][R] in GRUP Topic Children of RelationshipAdoption_OrderHomeTopic [DIAL:03003D7A]);;;BYOH_TIF__01003E9B;Time to go home, <Alias.ShortName=Child1>.
33570458;RelationshipAdoption_OrderHomeTopic [DIAL:03003D7A];;[INFO:03003E9A] ([G][R] in GRUP Topic Children of RelationshipAdoption_OrderHomeTopic [DIAL:03003D7A]);;;BYOH_TIF__01003E9A;Time to go home, <Alias.ShortName=Child2>.
33570457;RelationshipAdoption_OrderHomeTopic [DIAL:03003D7A];;[INFO:03003E99] ([G][R] in GRUP Topic Children of RelationshipAdoption_OrderHomeTopic [DIAL:03003D7A]);;;BYOH_TIF__01003E99;Time to go home, <Alias.ShortName=Child1>.
33570456;RelationshipAdoption_OrderHomeTopic [DIAL:03003D7A];;[INFO:03003E98] ([R] in GRUP Topic Children of RelationshipAdoption_OrderHomeTopic [DIAL:03003D7A]);;;BYOH_TIF__01003E98;Time to go home, <Alias.ShortName=Child2>.
33570455;RelationshipAdoption_OrderHomeTopic [DIAL:03003D7A];;[INFO:03003E97] ([R] in GRUP Topic Children of RelationshipAdoption_OrderHomeTopic [DIAL:03003D7A]);;;BYOH_TIF__01003E97;Time to go home, <Alias.ShortName=Child1>.
33570454;RelationshipAdoption_OrderHomeTopic [DIAL:03003D7A];;[INFO:03003E96] ([R] in GRUP Topic Children of RelationshipAdoption_OrderHomeTopic [DIAL:03003D7A]);;;BYOH_TIF__01003E96;Time to go home, <Alias.ShortName=Child2>.
33570453;RelationshipAdoption_OrderHomeTopic [DIAL:03003D7A];;[INFO:03003E95] ([R] in GRUP Topic Children of RelationshipAdoption_OrderHomeTopic [DIAL:03003D7A]);;;BYOH_TIF__01003E95;Time to go home, <Alias.ShortName=Child1>.
33570452;RelationshipAdoption_OrderHomeTopic [DIAL:03003D7A];;[INFO:03003E94] ([R] in GRUP Topic Children of RelationshipAdoption_OrderHomeTopic [DIAL:03003D7A]);;;BYOH_TIF__01003E94;Time to go home, <Alias.ShortName=Child2>.
33570451;RelationshipAdoption_OrderHomeTopic [DIAL:03003D7A];;[INFO:03003E93] ([R] in GRUP Topic Children of RelationshipAdoption_OrderHomeTopic [DIAL:03003D7A]);;;BYOH_TIF__01003E93;Time to go home, <Alias.ShortName=Child1>.
33570170;;RelationshipAdoption_OrderHomeTopic [DIAL:03003D7A];;;BYOHRelationshipAdoption [QUST:030042B4];;
33570291;BYOHRelationshipAdoptableUrchins_SorryForWhatTopic [DIAL:03003D79];;[INFO:03003DF3] (in GRUP Topic Children of BYOHRelationshipAdoptableUrchins_SorryForWhatTopic [DIAL:03003D79]);;;;What was your story again?
33570290;BYOHRelationshipAdoptableUrchins_SorryForWhatTopic [DIAL:03003D79];;[INFO:03003DF2] (in GRUP Topic Children of BYOHRelationshipAdoptableUrchins_SorryForWhatTopic [DIAL:03003D79]);;;BYOH_TIF__01003DF2;Sorry? For what?
33570169;;BYOHRelationshipAdoptableUrchins_SorryForWhatTopic [DIAL:03003D79];;;BYOHRelationshipAdoptableUrchins [QUST:03004100];;
33570326;BYOHRelationshipAdoptableUrchins_BlaiseHelloTopic [DIAL:03003D78];;[INFO:03003E16] ('I hate it. Everyone feels sorry for me, so they don't treat me too bad, but...' in GRUP Topic Children of BYOHRelationshipAdoptableUrchins_BlaiseHelloTopic [DIAL:03003D78]);;;BYOH_TIF__01003E16;How do you like the farm?
33570168;;BYOHRelationshipAdoptableUrchins_BlaiseHelloTopic [DIAL:03003D78];;;BYOHRelationshipAdoptableUrchins [QUST:03004100];;
33570470;BYOHRelationshipAdoptableUrchins_LuciaNameTopic "Why are you begging?" [DIAL:03003D77];;[INFO:03003EA6] ('It's... it's what Brenuin said I should do. He's the only one that's been nice to me since... since mama...' in GRUP Topic Children of BYOHRelationshipAdoptableUrchins_LuciaNameTopic "Why are you begging?" [DIAL:03003D77]);;;BYOH_TIF__01003EA6;
33570167;;BYOHRelationshipAdoptableUrchins_LuciaNameTopic "Why are you begging?" [DIAL:03003D77];;Why are you begging?;BYOHRelationshipAdoptableUrchins [QUST:03004100];;
33570182;BYOHRelationshipAdoptableUrchins_AlesanWhatDoYouDoTopic [DIAL:03003D76];;[INFO:03003D86] ('I'm running food and supplies to the miners.' in GRUP Topic Children of BYOHRelationshipAdoptableUrchins_AlesanWhatDoYouDoTopic [DIAL:03003D76]);;;;What's the hurry?
33570166;;BYOHRelationshipAdoptableUrchins_AlesanWhatDoYouDoTopic [DIAL:03003D76];;;BYOHRelationshipAdoptableUrchins [QUST:03004100];;
33570232;RelationshipAdoption_MoveToPale "Heljarchen Hall, my house in the Pale." [DIAL:03003D75];;[INFO:03003DB8] ([G] in GRUP Topic Children of RelationshipAdoption_MoveToPale "Heljarchen Hall, my house in the Pale." [DIAL:03003D75]);;;BYOH_TIF__01003DB8;
33570231;RelationshipAdoption_MoveToPale "Heljarchen Hall, my house in the Pale." [DIAL:03003D75];;[INFO:03003DB7] ([G] in GRUP Topic Children of RelationshipAdoption_MoveToPale "Heljarchen Hall, my house in the Pale." [DIAL:03003D75]);;;BYOH_TIF__01003DB7;
33570165;;RelationshipAdoption_MoveToPale "Heljarchen Hall, my house in the Pale." [DIAL:03003D75];;Heljarchen Hall, my house in the Pale.;BYOHRelationshipAdoption [QUST:030042B4];;
33570296;RelationshipAdoption_MoveToHjaalmarch "Windstad Manor, my house in Hjaalmarch." [DIAL:03003D74];;[INFO:03003DF8] ([G] in GRUP Topic Children of RelationshipAdoption_MoveToHjaalmarch "Windstad Manor, my house in Hjaalmarch." [DIAL:03003D74]);;;BYOH_TIF__01003DF8;
33570295;RelationshipAdoption_MoveToHjaalmarch "Windstad Manor, my house in Hjaalmarch." [DIAL:03003D74];;[INFO:03003DF7] ([G] in GRUP Topic Children of RelationshipAdoption_MoveToHjaalmarch "Windstad Manor, my house in Hjaalmarch." [DIAL:03003D74]);;;BYOH_TIF__01003DF7;
33570164;;RelationshipAdoption_MoveToHjaalmarch "Windstad Manor, my house in Hjaalmarch." [DIAL:03003D74];;Windstad Manor, my house in Hjaalmarch.;BYOHRelationshipAdoption [QUST:030042B4];;
33570487;RelationshipAdoption_MoveToFalkreath "Lakeview Manor, my house in Falkreath." [DIAL:03003D73];;[INFO:03003EB7] ([G] in GRUP Topic Children of RelationshipAdoption_MoveToFalkreath "Lakeview Manor, my house in Falkreath." [DIAL:03003D73]);;;BYOH_TIF__01003EB7;
33570486;RelationshipAdoption_MoveToFalkreath "Lakeview Manor, my house in Falkreath." [DIAL:03003D73];;[INFO:03003EB6] ([G] in GRUP Topic Children of RelationshipAdoption_MoveToFalkreath "Lakeview Manor, my house in Falkreath." [DIAL:03003D73]);;;BYOH_TIF__01003EB6;
33570163;;RelationshipAdoption_MoveToFalkreath "Lakeview Manor, my house in Falkreath." [DIAL:03003D73];;Lakeview Manor, my house in Falkreath.;BYOHRelationshipAdoption [QUST:030042B4];;
33570492;RelationshipMarriageAdoptionLimiterTopic [DIAL:03003D72];;[INFO:03003EBC] ('But you have kids, right? We should find a home where we can live together.' in GRUP Topic Children of RelationshipMarriageAdoptionLimiterTopic [DIAL:03003D72]);;;;
33570491;RelationshipMarriageAdoptionLimiterTopic [DIAL:03003D72];;[INFO:03003EBB] ('You have children, though, don't you? We'll have to find somewhere with room for them, too.' in GRUP Topic Children of RelationshipMarriageAdoptionLimiterTopic [DIAL:03003D72]);;;;
33570490;RelationshipMarriageAdoptionLimiterTopic [DIAL:03003D72];;[INFO:03003EBA] ('Oh, but... you have children, don't you? We'll have to find somewhere with room for them.' in GRUP Topic Children of RelationshipMarriageAdoptionLimiterTopic [DIAL:03003D72]);;;;
33570495;RelationshipMarriageAdoptionLimiterTopic [DIAL:03003D72];;[INFO:03003EBF] ('We should find a place with room for your kids, though.' in GRUP Topic Children of RelationshipMarriageAdoptionLimiterTopic [DIAL:03003D72]);;;;
33570162;;RelationshipMarriageAdoptionLimiterTopic [DIAL:03003D72];;;RelationshipMarriageFIN [QUST:00021382];;
33653151;RelationshipMarriageCeremonyPostLoveInterestBlockingWithAdoptionTopic [DIAL:03003D71];;[INFO:0301819F] ('Married. It doesn't feel like I thought it would, but I'm happy. Where should we live? You could stay with me....' in GRUP Topic Children of RelationshipMarriageCeremonyPostLoveInterestBlockingWithAdoptionTopic [DIAL:03003D71]);;;BYOH_TIF__0101819F;
841229;RelationshipMarriageCeremonyPostLoveInterestBlockingWithAdoptionTopic [DIAL:03003D71];;[INFO:000CD60D] ('We face the world together now. Where should we live? My home is yours.' in GRUP Topic Children of RelationshipMarriageCeremonyPostLoveInterestBlockingWithAdoptionTopic [DIAL:03003D71]);;;TIF__0002E11A;
33570354;RelationshipMarriageCeremonyPostLoveInterestBlockingWithAdoptionTopic [DIAL:03003D71];;[INFO:03003E32] ('I guess we have our entire lives together, now. Where should we live? You could stay with me....' in GRUP Topic Children of RelationshipMarriageCeremonyPostLoveInterestBlockingWithAdoptionTopic [DIAL:03003D71]);;;BYOH_TIF__01003E32;
33570353;RelationshipMarriageCeremonyPostLoveInterestBlockingWithAdoptionTopic [DIAL:03003D71];;[INFO:03003E31] ('We're married. I guess we'll need to decide where we're living, won't we? You can always stay with me.' in GRUP Topic Children of RelationshipMarriageCeremonyPostLoveInterestBlockingWithAdoptionTopic [DIAL:03003D71]);;;BYOH_TIF__01003E31;
841232;RelationshipMarriageCeremonyPostLoveInterestBlockingWithAdoptionTopic [DIAL:03003D71];;[INFO:000CD610] ('This is the happiest day of my life. Where should we live? My home is your home now, of course.' in GRUP Topic Children of RelationshipMarriageCeremonyPostLoveInterestBlockingWithAdoptionTopic [DIAL:03003D71]);;;TIF__0002E11A;
33570161;;RelationshipMarriageCeremonyPostLoveInterestBlockingWithAdoptionTopic [DIAL:03003D71];;;RelationshipMarriageFIN [QUST:00021382];;
33570504;RelationshipMarriageWeddingPaleHouse "I have a house in the Pale." [DIAL:03003D70];;[INFO:03003EC8] ([G] in GRUP Topic Children of RelationshipMarriageWeddingPaleHouse "I have a house in the Pale." [DIAL:03003D70]);;;BYOH_TIF__01003EC8;
33570503;RelationshipMarriageWeddingPaleHouse "I have a house in the Pale." [DIAL:03003D70];;[INFO:03003EC7] ([G] in GRUP Topic Children of RelationshipMarriageWeddingPaleHouse "I have a house in the Pale." [DIAL:03003D70]);;;BYOH_TIF__01003EC7;
33570502;RelationshipMarriageWeddingPaleHouse "I have a house in the Pale." [DIAL:03003D70];;[INFO:03003EC6] ([G] in GRUP Topic Children of RelationshipMarriageWeddingPaleHouse "I have a house in the Pale." [DIAL:03003D70]);;;BYOH_TIF__01003EC6;
33570501;RelationshipMarriageWeddingPaleHouse "I have a house in the Pale." [DIAL:03003D70];;[INFO:03003EC5] ([G] in GRUP Topic Children of RelationshipMarriageWeddingPaleHouse "I have a house in the Pale." [DIAL:03003D70]);;;BYOH_TIF__01003EC5;
33570500;RelationshipMarriageWeddingPaleHouse "I have a house in the Pale." [DIAL:03003D70];;[INFO:03003EC4] ([G] in GRUP Topic Children of RelationshipMarriageWeddingPaleHouse "I have a house in the Pale." [DIAL:03003D70]);;;BYOH_TIF__01003EC4;
33570499;RelationshipMarriageWeddingPaleHouse "I have a house in the Pale." [DIAL:03003D70];;[INFO:03003EC3] ([G] in GRUP Topic Children of RelationshipMarriageWeddingPaleHouse "I have a house in the Pale." [DIAL:03003D70]);;;BYOH_TIF__01003EC3;
33570498;RelationshipMarriageWeddingPaleHouse "I have a house in the Pale." [DIAL:03003D70];;[INFO:03003EC2] ([G] in GRUP Topic Children of RelationshipMarriageWeddingPaleHouse "I have a house in the Pale." [DIAL:03003D70]);;;BYOH_TIF__01003EC2;
33570160;;RelationshipMarriageWeddingPaleHouse "I have a house in the Pale." [DIAL:03003D70];;I have a house in the Pale.;RelationshipMarriageFIN [QUST:00021382];;
841120;RelationshipMarriageWeddingHjaalmarchHouse "We could live in my house in Hjaalmarch." [DIAL:03003D6F];;[INFO:000CD5A0] ([G] in GRUP Topic Children of RelationshipMarriageWeddingHjaalmarchHouse "We could live in my house in Hjaalmarch." [DIAL:03003D6F]);;;TIF__000CD5A0;
33570538;RelationshipMarriageWeddingHjaalmarchHouse "We could live in my house in Hjaalmarch." [DIAL:03003D6F];;[INFO:03003EEA] ([G] in GRUP Topic Children of RelationshipMarriageWeddingHjaalmarchHouse "We could live in my house in Hjaalmarch." [DIAL:03003D6F]);;;BYOH_TIF__01003EEA;
33570537;RelationshipMarriageWeddingHjaalmarchHouse "We could live in my house in Hjaalmarch." [DIAL:03003D6F];;[INFO:03003EE9] ([G] in GRUP Topic Children of RelationshipMarriageWeddingHjaalmarchHouse "We could live in my house in Hjaalmarch." [DIAL:03003D6F]);;;BYOH_TIF__01003EE9;
33570536;RelationshipMarriageWeddingHjaalmarchHouse "We could live in my house in Hjaalmarch." [DIAL:03003D6F];;[INFO:03003EE8] ([G] in GRUP Topic Children of RelationshipMarriageWeddingHjaalmarchHouse "We could live in my house in Hjaalmarch." [DIAL:03003D6F]);;;BYOH_TIF__01003EE8;
33570535;RelationshipMarriageWeddingHjaalmarchHouse "We could live in my house in Hjaalmarch." [DIAL:03003D6F];;[INFO:03003EE7] ([G] in GRUP Topic Children of RelationshipMarriageWeddingHjaalmarchHouse "We could live in my house in Hjaalmarch." [DIAL:03003D6F]);;;BYOH_TIF__01003EE7;
33570534;RelationshipMarriageWeddingHjaalmarchHouse "We could live in my house in Hjaalmarch." [DIAL:03003D6F];;[INFO:03003EE6] ([G] in GRUP Topic Children of RelationshipMarriageWeddingHjaalmarchHouse "We could live in my house in Hjaalmarch." [DIAL:03003D6F]);;;BYOH_TIF__01003EE6;
808948;RelationshipMarriageWeddingHjaalmarchHouse "We could live in my house in Hjaalmarch." [DIAL:03003D6F];;[INFO:000C57F4] ([G] in GRUP Topic Children of RelationshipMarriageWeddingHjaalmarchHouse "We could live in my house in Hjaalmarch." [DIAL:03003D6F]);;;TIF__000C57F4;
33570159;;RelationshipMarriageWeddingHjaalmarchHouse "We could live in my house in Hjaalmarch." [DIAL:03003D6F];;We could live in my house in Hjaalmarch.;RelationshipMarriageFIN [QUST:00021382];;
33570557;RelationshipMarriageWeddingFalkreathHouse "How about my house in Falkreath?" [DIAL:03003D6E];;[INFO:03003EFD] ([G] in GRUP Topic Children of RelationshipMarriageWeddingFalkreathHouse "How about my house in Falkreath?" [DIAL:03003D6E]);;;BYOH_TIF__01003EFD;
841118;RelationshipMarriageWeddingFalkreathHouse "How about my house in Falkreath?" [DIAL:03003D6E];;[INFO:000CD59E] ([G] in GRUP Topic Children of RelationshipMarriageWeddingFalkreathHouse "How about my house in Falkreath?" [DIAL:03003D6E]);;;TIF__000CD59E;
841117;RelationshipMarriageWeddingFalkreathHouse "How about my house in Falkreath?" [DIAL:03003D6E];;[INFO:000CD59D] ([G] in GRUP Topic Children of RelationshipMarriageWeddingFalkreathHouse "How about my house in Falkreath?" [DIAL:03003D6E]);;;TIF__000CD59D;
841114;RelationshipMarriageWeddingFalkreathHouse "How about my house in Falkreath?" [DIAL:03003D6E];;[INFO:000CD59A] ([G] in GRUP Topic Children of RelationshipMarriageWeddingFalkreathHouse "How about my house in Falkreath?" [DIAL:03003D6E]);;;TIF__000CD59A;
841113;RelationshipMarriageWeddingFalkreathHouse "How about my house in Falkreath?" [DIAL:03003D6E];;[INFO:000CD599] ([G] in GRUP Topic Children of RelationshipMarriageWeddingFalkreathHouse "How about my house in Falkreath?" [DIAL:03003D6E]);;;TIF__000CD599;
841109;RelationshipMarriageWeddingFalkreathHouse "How about my house in Falkreath?" [DIAL:03003D6E];;[INFO:000CD595] ([G] in GRUP Topic Children of RelationshipMarriageWeddingFalkreathHouse "How about my house in Falkreath?" [DIAL:03003D6E]);;;TIF__000CD595;
33570556;RelationshipMarriageWeddingFalkreathHouse "How about my house in Falkreath?" [DIAL:03003D6E];;[INFO:03003EFC] ([G] in GRUP Topic Children of RelationshipMarriageWeddingFalkreathHouse "How about my house in Falkreath?" [DIAL:03003D6E]);;;BYOH_TIF__01003EFC;
33570158;;RelationshipMarriageWeddingFalkreathHouse "How about my house in Falkreath?" [DIAL:03003D6E];;How about my house in Falkreath?;RelationshipMarriageFIN [QUST:00021382];;
33570570;RelationshipMarriageFINPaleHouse "Heljarchen Hall, my house in the Pale." [DIAL:03003D6D];;[INFO:03003F0A] (in GRUP Topic Children of RelationshipMarriageFINPaleHouse "Heljarchen Hall, my house in the Pale." [DIAL:03003D6D]);;;BYOH_TIF__01003F0A;
33570569;RelationshipMarriageFINPaleHouse "Heljarchen Hall, my house in the Pale." [DIAL:03003D6D];;[INFO:03003F09] (in GRUP Topic Children of RelationshipMarriageFINPaleHouse "Heljarchen Hall, my house in the Pale." [DIAL:03003D6D]);;;BYOH_TIF__01003F09;
33570568;RelationshipMarriageFINPaleHouse "Heljarchen Hall, my house in the Pale." [DIAL:03003D6D];;[INFO:03003F08] (in GRUP Topic Children of RelationshipMarriageFINPaleHouse "Heljarchen Hall, my house in the Pale." [DIAL:03003D6D]);;;BYOH_TIF__01003F08;
33570567;RelationshipMarriageFINPaleHouse "Heljarchen Hall, my house in the Pale." [DIAL:03003D6D];;[INFO:03003F07] (in GRUP Topic Children of RelationshipMarriageFINPaleHouse "Heljarchen Hall, my house in the Pale." [DIAL:03003D6D]);;;BYOH_TIF__01003F07;
33570566;RelationshipMarriageFINPaleHouse "Heljarchen Hall, my house in the Pale." [DIAL:03003D6D];;[INFO:03003F06] (in GRUP Topic Children of RelationshipMarriageFINPaleHouse "Heljarchen Hall, my house in the Pale." [DIAL:03003D6D]);;;BYOH_TIF__01003F06;
33570565;RelationshipMarriageFINPaleHouse "Heljarchen Hall, my house in the Pale." [DIAL:03003D6D];;[INFO:03003F05] (in GRUP Topic Children of RelationshipMarriageFINPaleHouse "Heljarchen Hall, my house in the Pale." [DIAL:03003D6D]);;;BYOH_TIF__01003F05;
33570564;RelationshipMarriageFINPaleHouse "Heljarchen Hall, my house in the Pale." [DIAL:03003D6D];;[INFO:03003F04] (in GRUP Topic Children of RelationshipMarriageFINPaleHouse "Heljarchen Hall, my house in the Pale." [DIAL:03003D6D]);;;BYOH_TIF__01003F04;
33570157;;RelationshipMarriageFINPaleHouse "Heljarchen Hall, my house in the Pale." [DIAL:03003D6D];;Heljarchen Hall, my house in the Pale.;RelationshipMarriageFIN [QUST:00021382];;
33570306;RelationshipMarriageFINHjaalmarchHouse "Windstad Manor, my house in Hjaalmarch." [DIAL:03003D6C];;[INFO:03003E02] (in GRUP Topic Children of RelationshipMarriageFINHjaalmarchHouse "Windstad Manor, my house in Hjaalmarch." [DIAL:03003D6C]);;;BYOH_TIF__01003E02;
33570305;RelationshipMarriageFINHjaalmarchHouse "Windstad Manor, my house in Hjaalmarch." [DIAL:03003D6C];;[INFO:03003E01] (in GRUP Topic Children of RelationshipMarriageFINHjaalmarchHouse "Windstad Manor, my house in Hjaalmarch." [DIAL:03003D6C]);;;BYOH_TIF__01003E01;
33570304;RelationshipMarriageFINHjaalmarchHouse "Windstad Manor, my house in Hjaalmarch." [DIAL:03003D6C];;[INFO:03003E00] (in GRUP Topic Children of RelationshipMarriageFINHjaalmarchHouse "Windstad Manor, my house in Hjaalmarch." [DIAL:03003D6C]);;;BYOH_TIF__01003E00;
33570303;RelationshipMarriageFINHjaalmarchHouse "Windstad Manor, my house in Hjaalmarch." [DIAL:03003D6C];;[INFO:03003DFF] (in GRUP Topic Children of RelationshipMarriageFINHjaalmarchHouse "Windstad Manor, my house in Hjaalmarch." [DIAL:03003D6C]);;;BYOH_TIF__01003DFF;
33570302;RelationshipMarriageFINHjaalmarchHouse "Windstad Manor, my house in Hjaalmarch." [DIAL:03003D6C];;[INFO:03003DFE] (in GRUP Topic Children of RelationshipMarriageFINHjaalmarchHouse "Windstad Manor, my house in Hjaalmarch." [DIAL:03003D6C]);;;BYOH_TIF__01003DFE;
33570301;RelationshipMarriageFINHjaalmarchHouse "Windstad Manor, my house in Hjaalmarch." [DIAL:03003D6C];;[INFO:03003DFD] (in GRUP Topic Children of RelationshipMarriageFINHjaalmarchHouse "Windstad Manor, my house in Hjaalmarch." [DIAL:03003D6C]);;;BYOH_TIF__01003DFD;
33570300;RelationshipMarriageFINHjaalmarchHouse "Windstad Manor, my house in Hjaalmarch." [DIAL:03003D6C];;[INFO:03003DFC] (in GRUP Topic Children of RelationshipMarriageFINHjaalmarchHouse "Windstad Manor, my house in Hjaalmarch." [DIAL:03003D6C]);;;BYOH_TIF__01003DFC;
33570156;;RelationshipMarriageFINHjaalmarchHouse "Windstad Manor, my house in Hjaalmarch." [DIAL:03003D6C];;Windstad Manor, my house in Hjaalmarch.;RelationshipMarriageFIN [QUST:00021382];;
838576;RelationshipMarriageFINFalkreathHouse "Lakeview Manor, my house in Falkreath." [DIAL:03003D6B];;[INFO:000CCBB0] (in GRUP Topic Children of RelationshipMarriageFINFalkreathHouse "Lakeview Manor, my house in Falkreath." [DIAL:03003D6B]);;;TIF__000CCBB0;
838575;RelationshipMarriageFINFalkreathHouse "Lakeview Manor, my house in Falkreath." [DIAL:03003D6B];;[INFO:000CCBAF] (in GRUP Topic Children of RelationshipMarriageFINFalkreathHouse "Lakeview Manor, my house in Falkreath." [DIAL:03003D6B]);;;TIF__000CCBAF;
838574;RelationshipMarriageFINFalkreathHouse "Lakeview Manor, my house in Falkreath." [DIAL:03003D6B];;[INFO:000CCBAE] (in GRUP Topic Children of RelationshipMarriageFINFalkreathHouse "Lakeview Manor, my house in Falkreath." [DIAL:03003D6B]);;;TIF__000CCBAE;
838573;RelationshipMarriageFINFalkreathHouse "Lakeview Manor, my house in Falkreath." [DIAL:03003D6B];;[INFO:000CCBAD] (in GRUP Topic Children of RelationshipMarriageFINFalkreathHouse "Lakeview Manor, my house in Falkreath." [DIAL:03003D6B]);;;TIF__000CCBAD;
838568;RelationshipMarriageFINFalkreathHouse "Lakeview Manor, my house in Falkreath." [DIAL:03003D6B];;[INFO:000CCBA8] (in GRUP Topic Children of RelationshipMarriageFINFalkreathHouse "Lakeview Manor, my house in Falkreath." [DIAL:03003D6B]);;;TIF__000CCBA8;
838488;RelationshipMarriageFINFalkreathHouse "Lakeview Manor, my house in Falkreath." [DIAL:03003D6B];;[INFO:000CCB58] (in GRUP Topic Children of RelationshipMarriageFINFalkreathHouse "Lakeview Manor, my house in Falkreath." [DIAL:03003D6B]);;;TIF__000CCB58;
808946;RelationshipMarriageFINFalkreathHouse "Lakeview Manor, my house in Falkreath." [DIAL:03003D6B];;[INFO:000C57F2] (in GRUP Topic Children of RelationshipMarriageFINFalkreathHouse "Lakeview Manor, my house in Falkreath." [DIAL:03003D6B]);;;TIF__000C57F2;
33570155;;RelationshipMarriageFINFalkreathHouse "Lakeview Manor, my house in Falkreath." [DIAL:03003D6B];;Lakeview Manor, my house in Falkreath.;RelationshipMarriageFIN [QUST:00021382];;
33570200;BYOHRelationshipAdoptableUrchins_AlesanWhoAreYouTopic [DIAL:03003D6A];;[INFO:03003D98] ('They're... dead.' in GRUP Topic Children of BYOHRelationshipAdoptableUrchins_AlesanWhoAreYouTopic [DIAL:03003D6A]);;;BYOH_TIF__01003D98;Where are your parents, kid?
33570154;;BYOHRelationshipAdoptableUrchins_AlesanWhoAreYouTopic [DIAL:03003D6A];;;BYOHRelationshipAdoptableUrchins [QUST:03004100];;
33570274;BYOHRelationshipAdoptableUrchins_Goodbyes [DIAL:03003D69];;[INFO:03003DE2] ('Nice talkin' with you.' in GRUP Topic Children of BYOHRelationshipAdoptableUrchins_Goodbyes [DIAL:03003D69]);;;;
33570273;BYOHRelationshipAdoptableUrchins_Goodbyes [DIAL:03003D69];;[INFO:03003DE1] ('I'm late! Gotta run!' in GRUP Topic Children of BYOHRelationshipAdoptableUrchins_Goodbyes [DIAL:03003D69]);;;;
33570272;BYOHRelationshipAdoptableUrchins_Goodbyes [DIAL:03003D69];;[INFO:03003DE0] ([R][RE]'Stop by again!' in GRUP Topic Children of BYOHRelationshipAdoptableUrchins_Goodbyes [DIAL:03003D69]);;;;
33570271;BYOHRelationshipAdoptableUrchins_Goodbyes [DIAL:03003D69];;[INFO:03003DDF] ([R]'Thanks... thanks for talking to me.' in GRUP Topic Children of BYOHRelationshipAdoptableUrchins_Goodbyes [DIAL:03003D69]);;;;
33570153;;BYOHRelationshipAdoptableUrchins_Goodbyes [DIAL:03003D69];;;BYOHRelationshipAdoptableUrchins [QUST:03004100];;
33570370;BYOHRelationshipAdoptableUrchins_Hellos [DIAL:03003D68];;[INFO:03003E42] ([R][RE]'You probably want someone else. I'm just the stable boy.' in GRUP Topic Children of BYOHRelationshipAdoptableUrchins_Hellos [DIAL:03003D68]);;;;
33570369;BYOHRelationshipAdoptableUrchins_Hellos [DIAL:03003D68];;[INFO:03003E41] ([R]'I take care of the horses. And the goats. And the chickens. And the garden.' in GRUP Topic Children of BYOHRelationshipAdoptableUrchins_Hellos [DIAL:03003D68]);;;;
33570368;BYOHRelationshipAdoptableUrchins_Hellos [DIAL:03003D68];;[INFO:03003E40] ([R]'Talk to Geimund if you want a horse, or Katla if you're looking for work. I can't help you.' in GRUP Topic Children of BYOHRelationshipAdoptableUrchins_Hellos [DIAL:03003D68]);;;;
33570367;BYOHRelationshipAdoptableUrchins_Hellos [DIAL:03003D68];;[INFO:03003E3F] ([R][RE]'Just one gold? Please?' in GRUP Topic Children of BYOHRelationshipAdoptableUrchins_Hellos [DIAL:03003D68]);;;;
33570366;BYOHRelationshipAdoptableUrchins_Hellos [DIAL:03003D68];;[INFO:03003E3E] ([R]'I'm so hungry...' in GRUP Topic Children of BYOHRelationshipAdoptableUrchins_Hellos [DIAL:03003D68]);;;;
33570365;BYOHRelationshipAdoptableUrchins_Hellos [DIAL:03003D68];;[INFO:03003E3D] ('Lady, could you spare a coin?' in GRUP Topic Children of BYOHRelationshipAdoptableUrchins_Hellos [DIAL:03003D68]);;;;
33570364;BYOHRelationshipAdoptableUrchins_Hellos [DIAL:03003D68];;[INFO:03003E3C] ('Mister, could you spare a coin?' in GRUP Topic Children of BYOHRelationshipAdoptableUrchins_Hellos [DIAL:03003D68]);;;;
33570363;BYOHRelationshipAdoptableUrchins_Hellos [DIAL:03003D68];;[INFO:03003E3B] ([R][RE]'I'm so tired...' in GRUP Topic Children of BYOHRelationshipAdoptableUrchins_Hellos [DIAL:03003D68]);;;;
33570362;BYOHRelationshipAdoptableUrchins_Hellos [DIAL:03003D68];;[INFO:03003E3A] ([R]'Whew! I'm worn out.' in GRUP Topic Children of BYOHRelationshipAdoptableUrchins_Hellos [DIAL:03003D68]);;;;
33570361;BYOHRelationshipAdoptableUrchins_Hellos [DIAL:03003D68];;[INFO:03003E39] ([R]'Move it, move it!' in GRUP Topic Children of BYOHRelationshipAdoptableUrchins_Hellos [DIAL:03003D68]);;;;
33570360;BYOHRelationshipAdoptableUrchins_Hellos [DIAL:03003D68];;[INFO:03003E38] ([R]'One side, comin' through!' in GRUP Topic Children of BYOHRelationshipAdoptableUrchins_Hellos [DIAL:03003D68]);;;;
33570359;BYOHRelationshipAdoptableUrchins_Hellos [DIAL:03003D68];;[INFO:03003E37] ([R]'Sorry! Gotta run!' in GRUP Topic Children of BYOHRelationshipAdoptableUrchins_Hellos [DIAL:03003D68]);;;;
33570358;BYOHRelationshipAdoptableUrchins_Hellos [DIAL:03003D68];;[INFO:03003E36] ([R][RE]'No one bought any flowers again today. I... I don't know what to do.' in GRUP Topic Children of BYOHRelationshipAdoptableUrchins_Hellos [DIAL:03003D68]);;;;
33570357;BYOHRelationshipAdoptableUrchins_Hellos [DIAL:03003D68];;[INFO:03003E35] ([R]'I'm... I'm so cold...' in GRUP Topic Children of BYOHRelationshipAdoptableUrchins_Hellos [DIAL:03003D68]);;;;
33570356;BYOHRelationshipAdoptableUrchins_Hellos [DIAL:03003D68];;[INFO:03003E34] ([R]'Please, won't you buy a flower?' in GRUP Topic Children of BYOHRelationshipAdoptableUrchins_Hellos [DIAL:03003D68]);;;;
33570355;BYOHRelationshipAdoptableUrchins_Hellos [DIAL:03003D68];;[INFO:03003E33] ([R]'Buy some flowers? Pretty please?' in GRUP Topic Children of BYOHRelationshipAdoptableUrchins_Hellos [DIAL:03003D68]);;;;
33570152;;BYOHRelationshipAdoptableUrchins_Hellos [DIAL:03003D68];;;BYOHRelationshipAdoptableUrchins [QUST:03004100];;
33570276;BYOHRelationshipAdoptableUrchins_SofieAskStoryTopic [DIAL:03003D67];;[INFO:03003DE4] (in GRUP Topic Children of BYOHRelationshipAdoptableUrchins_SofieAskStoryTopic [DIAL:03003D67]);;;BYOH_TIF__01003DE4;Who are you? Where are your parents?
33570275;BYOHRelationshipAdoptableUrchins_SofieAskStoryTopic [DIAL:03003D67];;[INFO:03003DE3] (in GRUP Topic Children of BYOHRelationshipAdoptableUrchins_SofieAskStoryTopic [DIAL:03003D67]);;;BYOH_TIF__01003DE3;Who are you? Where are your parents?
33570151;;BYOHRelationshipAdoptableUrchins_SofieAskStoryTopic [DIAL:03003D67];;;BYOHRelationshipAdoptableUrchins [QUST:03004100];;
33570314;BYOHRelationshipAdoptableUrchins_SophieReject1 [DIAL:03003D66];;[INFO:03003E0A] ([G] in GRUP Topic Children of BYOHRelationshipAdoptableUrchins_SophieReject1 [DIAL:03003D66]);;;;Sorry, not right now.
33570150;;BYOHRelationshipAdoptableUrchins_SophieReject1 [DIAL:03003D66];;;BYOHRelationshipAdoptableUrchins [QUST:03004100];;
33570392;BYOHRelationshipAdoptableUrchins_SophieBuy [DIAL:03003D65];;[INFO:03003E58] (in GRUP Topic Children of BYOHRelationshipAdoptableUrchins_SophieBuy [DIAL:03003D65]);;;BYOH_TIF__01003E58;Sure. What do you have?
33570149;;BYOHRelationshipAdoptableUrchins_SophieBuy [DIAL:03003D65];;;BYOHRelationshipAdoptableUrchins [QUST:03004100];;
33570240;BYOHRelationshipAdoptableUrchins_SharedInfos [DIAL:03003D64];;BYOHRelationshipAdoptableUrchins_BlaiseStory [INFO:03003DC0] ('Both my parents were in the Legion. There was... an ambush.' in GRUP Topic Children of BYOHRelationshipAdoptableUrchins_SharedInfos [DIAL:03003D64]);;;;
33570239;BYOHRelationshipAdoptableUrchins_SharedInfos [DIAL:03003D64];;BYOHRelationshipAdoptableUrchins_SofieParents [INFO:03003DBF] ('They... they're dead. My mama died when I was little. I... I don't remember her very well.' in GRUP Topic Children of BYOHRelationshipAdoptableUrchins_SharedInfos [DIAL:03003D64]);;;;Who are you? Where are your parents?
33570238;BYOHRelationshipAdoptableUrchins_SharedInfos [DIAL:03003D64];;BYOHRelationshipAdoptableUrchins_SofieBuy [INFO:03003DBE] ([R]'Not much. But I hope you like them!' in GRUP Topic Children of BYOHRelationshipAdoptableUrchins_SharedInfos [DIAL:03003D64]);;;;
33570237;BYOHRelationshipAdoptableUrchins_SharedInfos [DIAL:03003D64];;BYOHRelationshipAdoptableUrchins_SofieReject [INFO:03003DBD] ('Oh, I... okay. Sorry.' in GRUP Topic Children of BYOHRelationshipAdoptableUrchins_SharedInfos [DIAL:03003D64]);;;;
33570148;;BYOHRelationshipAdoptableUrchins_SharedInfos [DIAL:03003D64];;;BYOHRelationshipAdoptableUrchins [QUST:03004100];;
33570254;BYOHRelationshipAdoptableUrchins_SophieReject2 [DIAL:03003D63];;[INFO:03003DCE] ([G] in GRUP Topic Children of BYOHRelationshipAdoptableUrchins_SophieReject2 [DIAL:03003D63]);;;;Out of my way, kid.
33570147;;BYOHRelationshipAdoptableUrchins_SophieReject2 [DIAL:03003D63];;;BYOHRelationshipAdoptableUrchins [QUST:03004100];;
33570316;BYOHRelationshipAdoptableUrchins_SofieForcegreetTopic [DIAL:03003D62];;[INFO:03003E0C] ('Hi Lady! Would you like to buy some flowers? Please?' in GRUP Topic Children of BYOHRelationshipAdoptableUrchins_SofieForcegreetTopic [DIAL:03003D62]);;;BYOH_TIF__01003E0C;
33570315;BYOHRelationshipAdoptableUrchins_SofieForcegreetTopic [DIAL:03003D62];;[INFO:03003E0B] ('Hi Mister! Would you like to buy some flowers? Please?' in GRUP Topic Children of BYOHRelationshipAdoptableUrchins_SofieForcegreetTopic [DIAL:03003D62]);;;BYOH_TIF__01003E0B;
33570146;;BYOHRelationshipAdoptableUrchins_SofieForcegreetTopic [DIAL:03003D62];;;BYOHRelationshipAdoptableUrchins [QUST:03004100];;
33570404;BYOHRelationshipAdoptableUrchins_SofieOfferServicesTopicTopic "What have you got for sale?" [DIAL:03003D61];;[INFO:03003E64] ([R][RE]'Some pretty flowers. I picked them all by myself!' in GRUP Topic Children of BYOHRelationshipAdoptableUrchins_SofieOfferServicesTopicTopic "What have you got for sale?" [DIAL:03003D61]);;;BYOH_TIF__01003E64;
693812;BYOHRelationshipAdoptableUrchins_SofieOfferServicesTopicTopic "What have you got for sale?" [DIAL:03003D61];;[INFO:000A9634] ([R] in GRUP Topic Children of BYOHRelationshipAdoptableUrchins_SofieOfferServicesTopicTopic "What have you got for sale?" [DIAL:03003D61]);;;TIF__000A9634;
33570145;;BYOHRelationshipAdoptableUrchins_SofieOfferServicesTopicTopic "What have you got for sale?" [DIAL:03003D61];;What have you got for sale?;BYOHRelationshipAdoptableUrchins [QUST:03004100];;
33570177;RelationshipAdoptableOrphanage_Succeed200Topic [DIAL:03003D60];;[INFO:03003D81] ([G]'Congratulations! If you ever want to adopt another child, you'll always be welcome here.' in GRUP Topic Children of RelationshipAdoptableOrphanage_Succeed200Topic [DIAL:03003D60]);;;;
33570144;;RelationshipAdoptableOrphanage_Succeed200Topic [DIAL:03003D60];;;BYOHRelationshipAdoptableOrphanage [QUST:03004286];;
33557597;RelationshipAdoptableOrphanage_Q5k [DIAL:03003D5F];;[INFO:03000C5D] ([G] in GRUP Topic Children of RelationshipAdoptableOrphanage_Q5k [DIAL:03003D5F]);;;TIF__02000C5D;I... hadn't thought of that. I own a house, but I don't have a room for them.
33570190;RelationshipAdoptableOrphanage_Q5k [DIAL:03003D5F];;[INFO:03003D8E] ([G] in GRUP Topic Children of RelationshipAdoptableOrphanage_Q5k [DIAL:03003D5F]);;;BYOH_TIF__01003D8E;I... hadn't thought of that. I own a house, but I don't have a room for them.
33570143;;RelationshipAdoptableOrphanage_Q5k [DIAL:03003D5F];;;BYOHRelationshipAdoptableOrphanage [QUST:03004286];;
33570244;BYOHRelationshipAdoptableBlockingTopic [DIAL:03003D5E];;[INFO:03003DC4] ([R][RE]'(Sigh)...' in GRUP Topic Children of BYOHRelationshipAdoptableBlockingTopic [DIAL:03003D5E]);;;TIF__0200E9AE;
33570243;BYOHRelationshipAdoptableBlockingTopic [DIAL:03003D5E];;[INFO:03003DC3] ([R]'What... what am I going to do?' in GRUP Topic Children of BYOHRelationshipAdoptableBlockingTopic [DIAL:03003D5E]);;;TIF__0200E9AF;
33570242;BYOHRelationshipAdoptableBlockingTopic [DIAL:03003D5E];;[INFO:03003DC2] ([R]'Oh. Hi.' in GRUP Topic Children of BYOHRelationshipAdoptableBlockingTopic [DIAL:03003D5E]);;;TIF__0200E9AC;
33570142;;BYOHRelationshipAdoptableBlockingTopic [DIAL:03003D5E];;;BYOHRelationshipAdoptable [QUST:03004291];;
33636613;BYOHRelationshipAdoptable_Hellos [DIAL:03003D5D];;[INFO:03014105] ([R][RE]'Are you... are you going to adopt one of us?' in GRUP Topic Children of BYOHRelationshipAdoptable_Hellos [DIAL:03003D5D]);;;;
33636612;BYOHRelationshipAdoptable_Hellos [DIAL:03003D5D];;[INFO:03014104] ([R]'Mama...' in GRUP Topic Children of BYOHRelationshipAdoptable_Hellos [DIAL:03003D5D]);;;;
33636611;BYOHRelationshipAdoptable_Hellos [DIAL:03003D5D];;[INFO:03014103] ([R]'I hate it here. I... I wanna go home.' in GRUP Topic Children of BYOHRelationshipAdoptable_Hellos [DIAL:03003D5D]);;;;
33636610;BYOHRelationshipAdoptable_Hellos [DIAL:03003D5D];;[INFO:03014102] ([R]'Are you here adopt someone?' in GRUP Topic Children of BYOHRelationshipAdoptable_Hellos [DIAL:03003D5D]);;;;
33636609;BYOHRelationshipAdoptable_Hellos [DIAL:03003D5D];;[INFO:03014101] ([R]'It's not too bad here. But... I still miss my parents.' in GRUP Topic Children of BYOHRelationshipAdoptable_Hellos [DIAL:03003D5D]);;;;
33636608;BYOHRelationshipAdoptable_Hellos [DIAL:03003D5D];;[INFO:03014100] ([R]'Constance takes good care of us. But... I still want a real home. A real family.' in GRUP Topic Children of BYOHRelationshipAdoptable_Hellos [DIAL:03003D5D]);;;;
33570141;;BYOHRelationshipAdoptable_Hellos [DIAL:03003D5D];;;BYOHRelationshipAdoptable [QUST:03004291];;
33570131;;DecorateWhiterunConfirmationAddChildBedroom [DIAL:03003D53];;;HousePurchase [QUST:000A7B33];;
33570127;;DecorateMarkarthConfirmationAddAlchemyLab [DIAL:03003D4F];;;HousePurchase [QUST:000A7B33];;
33570126;;DecorateMarkarthConfirmationAddChildBedroom [DIAL:03003D4E];;;HousePurchase [QUST:000A7B33];;
944072;DecorateWindhelmChildBedroom "Children's bedroom. (<Global=HDWindhelmChildRoom> gold)" [DIAL:03003D4D];;[INFO:000E67C8] (in GRUP Topic Children of DecorateWindhelmChildBedroom "Children's bedroom. (<Global=HDWindhelmChildRoom> gold)" [DIAL:03003D4D]);;;TIF__000E67C8;
944071;DecorateWindhelmChildBedroom "Children's bedroom. (<Global=HDWindhelmChildRoom> gold)" [DIAL:03003D4D];;[INFO:000E67C7] (in GRUP Topic Children of DecorateWindhelmChildBedroom "Children's bedroom. (<Global=HDWindhelmChildRoom> gold)" [DIAL:03003D4D]);;;;
33570125;;DecorateWindhelmChildBedroom "Children's bedroom. (<Global=HDWindhelmChildRoom> gold)" [DIAL:03003D4D];;Children's bedroom. (<Global=HDWindhelmChildRoom> gold);HousePurchase [QUST:000A7B33];;
33574136;DecorateWhiterunChildBedroom "Children's bedroom. (<Global=HDWhiterunChildRoom> gold)" [DIAL:03003D4C];;[INFO:03004CF8] (in GRUP Topic Children of DecorateWhiterunChildBedroom "Children's bedroom. (<Global=HDWhiterunChildRoom> gold)" [DIAL:03003D4C]);;;BYOH_TIF__01004CF8;Replace my Alchemy Lab with a Child's Room. (<Global=HDWhiterunChildRoom> gold)
814618;DecorateWhiterunChildBedroom "Children's bedroom. (<Global=HDWhiterunChildRoom> gold)" [DIAL:03003D4C];;[INFO:000C6E1A] (in GRUP Topic Children of DecorateWhiterunChildBedroom "Children's bedroom. (<Global=HDWhiterunChildRoom> gold)" [DIAL:03003D4C]);;;TIF__000C6E1A;
814617;DecorateWhiterunChildBedroom "Children's bedroom. (<Global=HDWhiterunChildRoom> gold)" [DIAL:03003D4C];;[INFO:000C6E19] (in GRUP Topic Children of DecorateWhiterunChildBedroom "Children's bedroom. (<Global=HDWhiterunChildRoom> gold)" [DIAL:03003D4C]);;;;
33570124;;DecorateWhiterunChildBedroom "Children's bedroom. (<Global=HDWhiterunChildRoom> gold)" [DIAL:03003D4C];;Children's bedroom. (<Global=HDWhiterunChildRoom> gold);HousePurchase [QUST:000A7B33];;
926937;DecorateSolitudeChildBedroom "Children's bedroom. (<Global=HDSolitudeChildRoom> gold)" [DIAL:03003D4B];;[INFO:000E24D9] (in GRUP Topic Children of DecorateSolitudeChildBedroom "Children's bedroom. (<Global=HDSolitudeChildRoom> gold)" [DIAL:03003D4B]);;;TIF__000E24D9;
926936;DecorateSolitudeChildBedroom "Children's bedroom. (<Global=HDSolitudeChildRoom> gold)" [DIAL:03003D4B];;[INFO:000E24D8] (in GRUP Topic Children of DecorateSolitudeChildBedroom "Children's bedroom. (<Global=HDSolitudeChildRoom> gold)" [DIAL:03003D4B]);;;;
33570123;;DecorateSolitudeChildBedroom "Children's bedroom. (<Global=HDSolitudeChildRoom> gold)" [DIAL:03003D4B];;Children's bedroom. (<Global=HDSolitudeChildRoom> gold);HousePurchase [QUST:000A7B33];;
33574151;DecorateRiftenChildBedroom "Children's bedroom. (<Global=HDRiftenChildRoom> gold)" [DIAL:03003D4A];;[INFO:03004D07] (in GRUP Topic Children of DecorateRiftenChildBedroom "Children's bedroom. (<Global=HDRiftenChildRoom> gold)" [DIAL:03003D4A]);;;BYOH_TIF__01004D07;Replace my Enchanting Lab with a Child's Room. (<Global=HDRiftenChildRoom> gold)
821612;DecorateRiftenChildBedroom "Children's bedroom. (<Global=HDRiftenChildRoom> gold)" [DIAL:03003D4A];;[INFO:000C896C] (in GRUP Topic Children of DecorateRiftenChildBedroom "Children's bedroom. (<Global=HDRiftenChildRoom> gold)" [DIAL:03003D4A]);;;TIF__000C896C;
821611;DecorateRiftenChildBedroom "Children's bedroom. (<Global=HDRiftenChildRoom> gold)" [DIAL:03003D4A];;[INFO:000C896B] (in GRUP Topic Children of DecorateRiftenChildBedroom "Children's bedroom. (<Global=HDRiftenChildRoom> gold)" [DIAL:03003D4A]);;;;
33570122;;DecorateRiftenChildBedroom "Children's bedroom. (<Global=HDRiftenChildRoom> gold)" [DIAL:03003D4A];;Children's bedroom. (<Global=HDRiftenChildRoom> gold);HousePurchase [QUST:000A7B33];;
33574148;DecorateMarkarthChildBedroom "Children's bedroom. (<Global=HDMarkarthChildRoom> gold)" [DIAL:03003D49];;[INFO:03004D04] (in GRUP Topic Children of DecorateMarkarthChildBedroom "Children's bedroom. (<Global=HDMarkarthChildRoom> gold)" [DIAL:03003D49]);;;BYOH_TIF__01004D04;Replace my Alchemy Lab with a Child's Room. (<Global=HDMarkarthChildRoom> gold)
936253;DecorateMarkarthChildBedroom "Children's bedroom. (<Global=HDMarkarthChildRoom> gold)" [DIAL:03003D49];;[INFO:000E493D] (in GRUP Topic Children of DecorateMarkarthChildBedroom "Children's bedroom. (<Global=HDMarkarthChildRoom> gold)" [DIAL:03003D49]);;;TIF__000E493D;
33570324;DecorateMarkarthChildBedroom "Children's bedroom. (<Global=HDMarkarthChildRoom> gold)" [DIAL:03003D49];;[INFO:03003E14] (in GRUP Topic Children of DecorateMarkarthChildBedroom "Children's bedroom. (<Global=HDMarkarthChildRoom> gold)" [DIAL:03003D49]);;;;
33570121;;DecorateMarkarthChildBedroom "Children's bedroom. (<Global=HDMarkarthChildRoom> gold)" [DIAL:03003D49];;Children's bedroom. (<Global=HDMarkarthChildRoom> gold);HousePurchase [QUST:000A7B33];;
33570258;RelationshipAdoptableOrphanage_Q5i [DIAL:03003D48];;[INFO:03003DD2] (in GRUP Topic Children of RelationshipAdoptableOrphanage_Q5i [DIAL:03003D48]);;;BYOH_TIF__01003DD2;At my house in the Pale.
33570120;;RelationshipAdoptableOrphanage_Q5i [DIAL:03003D48];;;BYOHRelationshipAdoptableOrphanage [QUST:03004286];;
33570282;RelationshipAdoptableOrphanage_Q5h [DIAL:03003D47];;[INFO:03003DEA] (in GRUP Topic Children of RelationshipAdoptableOrphanage_Q5h [DIAL:03003D47]);;;BYOH_TIF__01003DEA;At my house in Hjaalmarch.
33570119;;RelationshipAdoptableOrphanage_Q5h [DIAL:03003D47];;;BYOHRelationshipAdoptableOrphanage [QUST:03004286];;
33570442;RelationshipAdoptableOrphanage_Q5f [DIAL:03003D46];;[INFO:03003E8A] (in GRUP Topic Children of RelationshipAdoptableOrphanage_Q5f [DIAL:03003D46]);;;BYOH_TIF__01003E8A;At my house in Falkreath.
33570118;;RelationshipAdoptableOrphanage_Q5f [DIAL:03003D46];;;BYOHRelationshipAdoptableOrphanage [QUST:03004286];;
33570194;BYOHRelationshipAdoptable_ProposePale [DIAL:03003D44];;[INFO:03003D92] (in GRUP Topic Children of BYOHRelationshipAdoptable_ProposePale [DIAL:03003D44]);;;BYOH_TIF__01003D92;Yes, I've got a house in the Pale.
33570116;;BYOHRelationshipAdoptable_ProposePale [DIAL:03003D44];;;BYOHRelationshipAdoptable [QUST:03004291];;
33570205;BYOHRelationshipAdoptable_ProposeHjaalmarch [DIAL:03003D43];;[INFO:03003D9D] (in GRUP Topic Children of BYOHRelationshipAdoptable_ProposeHjaalmarch [DIAL:03003D43]);;;BYOH_TIF__01003D9D;Yes, I've got a house in Hjaalmarch.
33570115;;BYOHRelationshipAdoptable_ProposeHjaalmarch [DIAL:03003D43];;;BYOHRelationshipAdoptable [QUST:03004291];;
33570223;BYOHRelationshipAdoptable_ProposeFalkreath [DIAL:03003D42];;[INFO:03003DAF] (in GRUP Topic Children of BYOHRelationshipAdoptable_ProposeFalkreath [DIAL:03003D42]);;;BYOH_TIF__01003DAF;Yes, I've got a house in Falkreath.
33570114;;BYOHRelationshipAdoptable_ProposeFalkreath [DIAL:03003D42];;;BYOHRelationshipAdoptable [QUST:03004291];;
33570469;BYOHRelationshipAdoptable_AskForStoryTopic "Tell me about yourself." [DIAL:03003D41];;[INFO:03003EA5] (in GRUP Topic Children of BYOHRelationshipAdoptable_AskForStoryTopic "Tell me about yourself." [DIAL:03003D41]);;;;
33570468;BYOHRelationshipAdoptable_AskForStoryTopic "Tell me about yourself." [DIAL:03003D41];;[INFO:03003EA4] (in GRUP Topic Children of BYOHRelationshipAdoptable_AskForStoryTopic "Tell me about yourself." [DIAL:03003D41]);;;;
33570467;BYOHRelationshipAdoptable_AskForStoryTopic "Tell me about yourself." [DIAL:03003D41];;[INFO:03003EA3] (in GRUP Topic Children of BYOHRelationshipAdoptable_AskForStoryTopic "Tell me about yourself." [DIAL:03003D41]);;;;
33570466;BYOHRelationshipAdoptable_AskForStoryTopic "Tell me about yourself." [DIAL:03003D41];;[INFO:03003EA2] (in GRUP Topic Children of BYOHRelationshipAdoptable_AskForStoryTopic "Tell me about yourself." [DIAL:03003D41]);;;;
33570465;BYOHRelationshipAdoptable_AskForStoryTopic "Tell me about yourself." [DIAL:03003D41];;[INFO:03003EA1] (in GRUP Topic Children of BYOHRelationshipAdoptable_AskForStoryTopic "Tell me about yourself." [DIAL:03003D41]);;;;
33570464;BYOHRelationshipAdoptable_AskForStoryTopic "Tell me about yourself." [DIAL:03003D41];;[INFO:03003EA0] (in GRUP Topic Children of BYOHRelationshipAdoptable_AskForStoryTopic "Tell me about yourself." [DIAL:03003D41]);;;;
33570113;;BYOHRelationshipAdoptable_AskForStoryTopic "Tell me about yourself." [DIAL:03003D41];;Tell me about yourself.;BYOHRelationshipAdoptable [QUST:03004291];;
33557680;BYOHRelationshipAdoptable_NoChildRoom "I have a house, but not room for you." [DIAL:03003D40];;[INFO:03000CB0] ([G] in GRUP Topic Children of BYOHRelationshipAdoptable_NoChildRoom "I have a house, but not room for you." [DIAL:03003D40]);;;;
33570207;BYOHRelationshipAdoptable_NoChildRoom "I have a house, but not room for you." [DIAL:03003D40];;[INFO:03003D9F] ([G] in GRUP Topic Children of BYOHRelationshipAdoptable_NoChildRoom "I have a house, but not room for you." [DIAL:03003D40]);;;;
33557679;BYOHRelationshipAdoptable_NoChildRoom "I have a house, but not room for you." [DIAL:03003D40];;[INFO:03000CAF] ([G] in GRUP Topic Children of BYOHRelationshipAdoptable_NoChildRoom "I have a house, but not room for you." [DIAL:03003D40]);;;;
33570206;BYOHRelationshipAdoptable_NoChildRoom "I have a house, but not room for you." [DIAL:03003D40];;[INFO:03003D9E] ([G] in GRUP Topic Children of BYOHRelationshipAdoptable_NoChildRoom "I have a house, but not room for you." [DIAL:03003D40]);;;;
33570112;;BYOHRelationshipAdoptable_NoChildRoom "I have a house, but not room for you." [DIAL:03003D40];;I have a house, but not room for you.;BYOHRelationshipAdoptable [QUST:03004291];;
33570479;RelationshipAdoption_Goodbyes [DIAL:03003D3E];;[INFO:03003EAF] ([R][RE]'Stay safe!' in GRUP Topic Children of RelationshipAdoption_Goodbyes [DIAL:03003D3E]);;;;
33570478;RelationshipAdoption_Goodbyes [DIAL:03003D3E];;[INFO:03003EAE] ([R]'Take care!' in GRUP Topic Children of RelationshipAdoption_Goodbyes [DIAL:03003D3E]);;;;
33570477;RelationshipAdoption_Goodbyes [DIAL:03003D3E];;[INFO:03003EAD] ([R]'Bye, Papa!' in GRUP Topic Children of RelationshipAdoption_Goodbyes [DIAL:03003D3E]);;;;
33570476;RelationshipAdoption_Goodbyes [DIAL:03003D3E];;[INFO:03003EAC] ([R]'Bye, Mama!' in GRUP Topic Children of RelationshipAdoption_Goodbyes [DIAL:03003D3E]);;;;
33570475;RelationshipAdoption_Goodbyes [DIAL:03003D3E];;[INFO:03003EAB] ([R]'Bye, Ma!' in GRUP Topic Children of RelationshipAdoption_Goodbyes [DIAL:03003D3E]);;;;
33570474;RelationshipAdoption_Goodbyes [DIAL:03003D3E];;[INFO:03003EAA] ([R]'Bye, Pa!' in GRUP Topic Children of RelationshipAdoption_Goodbyes [DIAL:03003D3E]);;;;
33570110;;RelationshipAdoption_Goodbyes [DIAL:03003D3E];;;BYOHRelationshipAdoption [QUST:030042B4];;
33570208;RelationshipAdoptableOrphanage_Succeed255Topic [DIAL:03003D3D];;[INFO:03003DA0] ([G]'Congratulations. I hope you have a wonderful life together.' in GRUP Topic Children of RelationshipAdoptableOrphanage_Succeed255Topic [DIAL:03003D3D]);;;;
33570109;;RelationshipAdoptableOrphanage_Succeed255Topic [DIAL:03003D3D];;;BYOHRelationshipAdoptableOrphanage [QUST:03004286];;
33570230;RelationshipAdoptableOrphanage_Succeed100Topic [DIAL:03003D3C];;[INFO:03003DB6] ([G]'Go on, speak to the children! I'm sure they're eager to meet you.' in GRUP Topic Children of RelationshipAdoptableOrphanage_Succeed100Topic [DIAL:03003D3C]);;;;
33570108;;RelationshipAdoptableOrphanage_Succeed100Topic [DIAL:03003D3C];;;BYOHRelationshipAdoptableOrphanage [QUST:03004286];;
33570250;RelationshipAdoptableOrphanage_RetrySucceedTopic [DIAL:03003D3B];;[INFO:03003DCA] ('Yes, of course! That's wonderful news!' in GRUP Topic Children of RelationshipAdoptableOrphanage_RetrySucceedTopic [DIAL:03003D3B]);;;;I've purchased a home and furnished it. Can I adopt a child now?
33570107;;RelationshipAdoptableOrphanage_RetrySucceedTopic [DIAL:03003D3B];;;BYOHRelationshipAdoptableOrphanage [QUST:03004286];;
33570260;RelationshipAdoptableOrphanage_RetryFailTopic [DIAL:03003D3A];;[INFO:03003DD4] ([G]'I'm sorry, but until you own a home with a room for your children, I can't allow you to adopt anyone.' in GRUP Topic Children of RelationshipAdoptableOrphanage_RetryFailTopic [DIAL:03003D3A]);;;;
33570106;;RelationshipAdoptableOrphanage_RetryFailTopic [DIAL:03003D3A];;;BYOHRelationshipAdoptableOrphanage [QUST:03004286];;
33570234;RelationshipAdoptableOrphanage_Q6 [DIAL:03003D39];;[INFO:03003DBA] ([G]'That's all I need from you. Congratulations! I think you'll make an excellent parent.' in GRUP Topic Children of RelationshipAdoptableOrphanage_Q6 [DIAL:03003D39]);;;BYOH_TIF__01003DBA;
33570105;;RelationshipAdoptableOrphanage_Q6 [DIAL:03003D39];;;BYOHRelationshipAdoptableOrphanage [QUST:03004286];;
33570327;RelationshipAdoptableOrphanage_Q5g [DIAL:03003D38];;[INFO:03003E17] ([G] in GRUP Topic Children of RelationshipAdoptableOrphanage_Q5g [DIAL:03003D38]);;;BYOH_TIF__01003E17;I... hadn't thought of that.
33570104;;RelationshipAdoptableOrphanage_Q5g [DIAL:03003D38];;;BYOHRelationshipAdoptableOrphanage [QUST:03004286];;
33570489;RelationshipAdoptableOrphanage_Q5e [DIAL:03003D37];;[INFO:03003EB9] (in GRUP Topic Children of RelationshipAdoptableOrphanage_Q5e [DIAL:03003D37]);;;BYOH_TIF__01003EB9;At my house in Whiterun.
33570103;;RelationshipAdoptableOrphanage_Q5e [DIAL:03003D37];;;BYOHRelationshipAdoptableOrphanage [QUST:03004286];;
33570183;RelationshipAdoptableOrphanage_Q5d [DIAL:03003D36];;[INFO:03003D87] (in GRUP Topic Children of RelationshipAdoptableOrphanage_Q5d [DIAL:03003D36]);;;BYOH_TIF__01003D87;At my house in Riften.
33570102;;RelationshipAdoptableOrphanage_Q5d [DIAL:03003D36];;;BYOHRelationshipAdoptableOrphanage [QUST:03004286];;
33570195;RelationshipAdoptableOrphanage_Q5c [DIAL:03003D35];;[INFO:03003D93] (in GRUP Topic Children of RelationshipAdoptableOrphanage_Q5c [DIAL:03003D35]);;;BYOH_TIF__01003D93;At my house in Markarth.
33570101;;RelationshipAdoptableOrphanage_Q5c [DIAL:03003D35];;;BYOHRelationshipAdoptableOrphanage [QUST:03004286];;
33570209;RelationshipAdoptableOrphanage_Q5b [DIAL:03003D34];;[INFO:03003DA1] (in GRUP Topic Children of RelationshipAdoptableOrphanage_Q5b [DIAL:03003D34]);;;BYOH_TIF__01003DA1;At my house in Windhelm.
33570100;;RelationshipAdoptableOrphanage_Q5b [DIAL:03003D34];;;BYOHRelationshipAdoptableOrphanage [QUST:03004286];;
33570251;RelationshipAdoptableOrphanage_Q5 [DIAL:03003D33];;[INFO:03003DCB] (in GRUP Topic Children of RelationshipAdoptableOrphanage_Q5 [DIAL:03003D33]);;;BYOH_TIF__01003DCB;At my house in Solitude.
33570099;;RelationshipAdoptableOrphanage_Q5 [DIAL:03003D33];;;BYOHRelationshipAdoptableOrphanage [QUST:03004286];;
33570263;RelationshipAdoptableOrphanage_Q4 [DIAL:03003D32];;[INFO:03003DD7] ('Where will your child be living?' in GRUP Topic Children of RelationshipAdoptableOrphanage_Q4 [DIAL:03003D32]);;;;
33570098;;RelationshipAdoptableOrphanage_Q4 [DIAL:03003D32];;;BYOHRelationshipAdoptableOrphanage [QUST:03004286];;
33570298;RelationshipAdoptableOrphanage_Q3g [DIAL:03003D31];;[INFO:03003DFA] (in GRUP Topic Children of RelationshipAdoptableOrphanage_Q3g [DIAL:03003D31]);;;;I'm a Mercenary.
33570097;;RelationshipAdoptableOrphanage_Q3g [DIAL:03003D31];;;BYOHRelationshipAdoptableOrphanage [QUST:03004286];;
33570328;RelationshipAdoptableOrphanage_Q3f [DIAL:03003D30];;[INFO:03003E18] (in GRUP Topic Children of RelationshipAdoptableOrphanage_Q3f [DIAL:03003D30]);;;;I'm an Adventurer.
33570096;;RelationshipAdoptableOrphanage_Q3f [DIAL:03003D30];;;BYOHRelationshipAdoptableOrphanage [QUST:03004286];;
33570497;RelationshipAdoptableOrphanage_Q3e [DIAL:03003D2F];;[INFO:03003EC1] ([G] in GRUP Topic Children of RelationshipAdoptableOrphanage_Q3e [DIAL:03003D2F]);;;;I'm an Assassin.
33570095;;RelationshipAdoptableOrphanage_Q3e [DIAL:03003D2F];;;BYOHRelationshipAdoptableOrphanage [QUST:03004286];;
33570184;RelationshipAdoptableOrphanage_Q3d [DIAL:03003D2E];;[INFO:03003D88] ([G] in GRUP Topic Children of RelationshipAdoptableOrphanage_Q3d [DIAL:03003D2E]);;;;I'm a Thief.
33570094;;RelationshipAdoptableOrphanage_Q3d [DIAL:03003D2E];;;BYOHRelationshipAdoptableOrphanage [QUST:03004286];;
33570196;RelationshipAdoptableOrphanage_Q3c [DIAL:03003D2D];;[INFO:03003D94] (in GRUP Topic Children of RelationshipAdoptableOrphanage_Q3c [DIAL:03003D2D]);;;;I'm Arch-Mage of the College of Winterhold.
33570093;;RelationshipAdoptableOrphanage_Q3c [DIAL:03003D2D];;;BYOHRelationshipAdoptableOrphanage [QUST:03004286];;
33570210;RelationshipAdoptableOrphanage_Q3B [DIAL:03003D2C];;[INFO:03003DA2] (in GRUP Topic Children of RelationshipAdoptableOrphanage_Q3B [DIAL:03003D2C]);;;;I'm Harbinger of the Companions.
33570092;;RelationshipAdoptableOrphanage_Q3B [DIAL:03003D2C];;;BYOHRelationshipAdoptableOrphanage [QUST:03004286];;
33570333;RelationshipAdoptableOrphanage_SharedInfos [DIAL:03003D2B];;RelationshipAdoptableOrphanage_NoHome [INFO:03003E1D] ('...Look, let's be realistic. You're an adventurer. It's not exactly a safe or reliable profession.' in GRUP Topic Children of RelationshipAdoptableOrphanage_SharedInfos [DIAL:03003D2B]);;;;
33570332;RelationshipAdoptableOrphanage_SharedInfos [DIAL:03003D2B];;RelationshipAdoptableOrphanage_VeryWell [INFO:03003E1C] ('Very well.' in GRUP Topic Children of RelationshipAdoptableOrphanage_SharedInfos [DIAL:03003D2B]);;;;
33570331;RelationshipAdoptableOrphanage_SharedInfos [DIAL:03003D2B];;RelationshipAdoptableOrphanage_MmHmm [INFO:03003E1B] ('Mmm-hmm...' in GRUP Topic Children of RelationshipAdoptableOrphanage_SharedInfos [DIAL:03003D2B]);;;;
33570330;RelationshipAdoptableOrphanage_SharedInfos [DIAL:03003D2B];;RelationshipAdoptableOrphanage_OccupationReject [INFO:03003E1A] ([G]'What? What kind of a joke is this?' in GRUP Topic Children of RelationshipAdoptableOrphanage_SharedInfos [DIAL:03003D2B]);;;;
33570329;RelationshipAdoptableOrphanage_SharedInfos [DIAL:03003D2B];;RelationshipAdoptableOrphanage_OccupationOdd [INFO:03003E19] ('What? If you aren't going to be...' in GRUP Topic Children of RelationshipAdoptableOrphanage_SharedInfos [DIAL:03003D2B]);;;;
33570091;;RelationshipAdoptableOrphanage_SharedInfos [DIAL:03003D2B];;;BYOHRelationshipAdoptableOrphanage [QUST:03004286];;
33570505;RelationshipAdoptableOrphanage_Q3 [DIAL:03003D2A];;[INFO:03003EC9] (in GRUP Topic Children of RelationshipAdoptableOrphanage_Q3 [DIAL:03003D2A]);;;;I'm the Dragonborn.
33570090;;RelationshipAdoptableOrphanage_Q3 [DIAL:03003D2A];;;BYOHRelationshipAdoptableOrphanage [QUST:03004286];;
33570185;RelationshipAdoptableOrphanage_Q2 [DIAL:03003D29];;[INFO:03003D89] ('What do you do for a living?' in GRUP Topic Children of RelationshipAdoptableOrphanage_Q2 [DIAL:03003D29]);;;;<Alias=Player>.
33570089;;RelationshipAdoptableOrphanage_Q2 [DIAL:03003D29];;;BYOHRelationshipAdoptableOrphanage [QUST:03004286];;
33570197;RelationshipAdoptableOrphanage_Q1 [DIAL:03003D28];;[INFO:03003D95] ('Your name?' in GRUP Topic Children of RelationshipAdoptableOrphanage_Q1 [DIAL:03003D28]);;;;
33570088;;RelationshipAdoptableOrphanage_Q1 [DIAL:03003D28];;;BYOHRelationshipAdoptableOrphanage [QUST:03004286];;
33570211;RelationshipAdoptableOrphanage_Q0 [DIAL:03003D27];;[INFO:03003DA3] ('First, I'll need to ask you a few questions.' in GRUP Topic Children of RelationshipAdoptableOrphanage_Q0 [DIAL:03003D27]);;;BYOH_TIF__01003DA3;What do I need to do?
33570087;;RelationshipAdoptableOrphanage_Q0 [DIAL:03003D27];;;BYOHRelationshipAdoptableOrphanage [QUST:03004286];;
33570533;RelationshipAdoptableOrphanage_OrphanHellos [DIAL:03003D26];;[INFO:03003EE5] ([SO]'This war has created so many orphans, and so few are willing to open their hearts to them...' in GRUP Topic Children of RelationshipAdoptableOrphanage_OrphanHellos [DIAL:03003D26]);;;;
33570532;RelationshipAdoptableOrphanage_OrphanHellos [DIAL:03003D26];;[INFO:03003EE4] ([SO]'Pick me! Pick me!' in GRUP Topic Children of RelationshipAdoptableOrphanage_OrphanHellos [DIAL:03003D26]);;;;
33570530;RelationshipAdoptableOrphanage_OrphanHellos [DIAL:03003D26];;[INFO:03003EE2] ([SO]'You're here to adopt someone? Really? Oh, wow!' in GRUP Topic Children of RelationshipAdoptableOrphanage_OrphanHellos [DIAL:03003D26]);;;;
33570529;RelationshipAdoptableOrphanage_OrphanHellos [DIAL:03003D26];;[INFO:03003EE1] ([SO]'Are you really gonna adopt one of us?' in GRUP Topic Children of RelationshipAdoptableOrphanage_OrphanHellos [DIAL:03003D26]);;;;
33570528;RelationshipAdoptableOrphanage_OrphanHellos [DIAL:03003D26];;[INFO:03003EE0] ([SO]'Pick one of the others. I'll be fine.' in GRUP Topic Children of RelationshipAdoptableOrphanage_OrphanHellos [DIAL:03003D26]);;;;
33570086;;RelationshipAdoptableOrphanage_OrphanHellos [DIAL:03003D26];;;BYOHRelationshipAdoptableOrphanage [QUST:03004286];;
33570268;RelationshipAdoptableOrphanage_MatronBranchTopic "Could I adopt one of your children?" [DIAL:03003D25];;[INFO:03003DDC] ('You already have children, don't you? I'm sorry, but I can't let you adopt anyone else.' in GRUP Topic Children of RelationshipAdoptableOrphanage_MatronBranchTopic "Could I adopt one of your children?" [DIAL:03003D25]);;;;
33570267;RelationshipAdoptableOrphanage_MatronBranchTopic "Could I adopt one of your children?" [DIAL:03003D25];;[INFO:03003DDB] ('Very well, let's try this again...' in GRUP Topic Children of RelationshipAdoptableOrphanage_MatronBranchTopic "Could I adopt one of your children?" [DIAL:03003D25]);;;;
33570266;RelationshipAdoptableOrphanage_MatronBranchTopic "Could I adopt one of your children?" [DIAL:03003D25];;[INFO:03003DDA] ('Why yes, yes of course! What a wonderful surprise!' in GRUP Topic Children of RelationshipAdoptableOrphanage_MatronBranchTopic "Could I adopt one of your children?" [DIAL:03003D25]);;;;
33570265;RelationshipAdoptableOrphanage_MatronBranchTopic "Could I adopt one of your children?" [DIAL:03003D25];;[INFO:03003DD9] ([G]'I'm sorry, no. Grelod is the headmistress here, and she's decided not to allow any adoptions right now.' in GRUP Topic Children of RelationshipAdoptableOrphanage_MatronBranchTopic "Could I adopt one of your children?" [DIAL:03003D25]);;;;
33570085;;RelationshipAdoptableOrphanage_MatronBranchTopic "Could I adopt one of your children?" [DIAL:03003D25];;Could I adopt one of your children?;BYOHRelationshipAdoptableOrphanage [QUST:03004286];;
33570338;RelationshipAdoptableOrphanage_OrphanStories "Tell me about yourself." [DIAL:03003D24];;[INFO:03003E22] ('I've been the only girl here since forever. The boys pick on me, and they make me do all the chores.' in GRUP Topic Children of RelationshipAdoptableOrphanage_OrphanStories "Tell me about yourself." [DIAL:03003D24]);;;;
33570336;RelationshipAdoptableOrphanage_OrphanStories "Tell me about yourself." [DIAL:03003D24];;[INFO:03003E20] ('I'm Hroar. You know, like the sound the lion makes? That's what my mother used to say.' in GRUP Topic Children of RelationshipAdoptableOrphanage_OrphanStories "Tell me about yourself." [DIAL:03003D24]);;;;
33570335;RelationshipAdoptableOrphanage_OrphanStories "Tell me about yourself." [DIAL:03003D24];;[INFO:03003E1F] ('Name's Samuel. Never met my parents. Grelod said my mother worked here at the Orphanage, but she died when I was born.' in GRUP Topic Children of RelationshipAdoptableOrphanage_OrphanStories "Tell me about yourself." [DIAL:03003D24]);;;;
33570334;RelationshipAdoptableOrphanage_OrphanStories "Tell me about yourself." [DIAL:03003D24];;[INFO:03003E1E] ('My mother and father brought me here a year ago. They said they'd be back soon, but... they're awfully late.' in GRUP Topic Children of RelationshipAdoptableOrphanage_OrphanStories "Tell me about yourself." [DIAL:03003D24]);;;;
33570084;;RelationshipAdoptableOrphanage_OrphanStories "Tell me about yourself." [DIAL:03003D24];;Tell me about yourself.;BYOHRelationshipAdoptableOrphanage [QUST:03004286];;
33570561;RelationshipAdoption_JustAdoptedBranchTopic [DIAL:03003D23];;[INFO:03003F01] ([G]'Wow! I can't wait to see my new home!' in GRUP Topic Children of RelationshipAdoption_JustAdoptedBranchTopic [DIAL:03003D23]);;;;
33611190;RelationshipAdoption_JustAdoptedBranchTopic [DIAL:03003D23];;[INFO:0300DDB6] ([G]'I can't wait!' in GRUP Topic Children of RelationshipAdoption_JustAdoptedBranchTopic [DIAL:03003D23]);;;;
33570559;RelationshipAdoption_JustAdoptedBranchTopic [DIAL:03003D23];;[INFO:03003EFF] ([G]'Just... just let me get my things and say goodbye to everyone. I'll meet you at home. Thanks! Thanks again!' in GRUP Topic Children of RelationshipAdoption_JustAdoptedBranchTopic [DIAL:03003D23]);;;;
33570558;RelationshipAdoption_JustAdoptedBranchTopic [DIAL:03003D23];;[INFO:03003EFE] ([G]'I need to get my things and say goodbye to everyone. I'll meet you at home. Thanks! Thanks so much!' in GRUP Topic Children of RelationshipAdoption_JustAdoptedBranchTopic [DIAL:03003D23]);;;;
33570562;RelationshipAdoption_JustAdoptedBranchTopic [DIAL:03003D23];;[INFO:03003F02] ([G]'A new home! Wow! I can't wait to see it!' in GRUP Topic Children of RelationshipAdoption_JustAdoptedBranchTopic [DIAL:03003D23]);;;;
33570083;;RelationshipAdoption_JustAdoptedBranchTopic [DIAL:03003D23];;;BYOHRelationshipAdoption [QUST:030042B4];;
33570213;BYOHRelationshipAdoptable_Reject "Actually, maybe this isn't the best time..." [DIAL:03003D22];;[INFO:03003DA5] ([G] in GRUP Topic Children of BYOHRelationshipAdoptable_Reject "Actually, maybe this isn't the best time..." [DIAL:03003D22]);;;;
33570212;BYOHRelationshipAdoptable_Reject "Actually, maybe this isn't the best time..." [DIAL:03003D22];;[INFO:03003DA4] ([G] in GRUP Topic Children of BYOHRelationshipAdoptable_Reject "Actually, maybe this isn't the best time..." [DIAL:03003D22]);;;;
33570082;;BYOHRelationshipAdoptable_Reject "Actually, maybe this isn't the best time..." [DIAL:03003D22];;Actually, maybe this isn't the best time...;BYOHRelationshipAdoptable [QUST:03004291];;
33570311;BYOHRelationshipAdoptable_Confirm "BYOHRelationshipAdoptableOrphanable_Confirm" [DIAL:03003D21];;[INFO:03003E07] ([G] in GRUP Topic Children of BYOHRelationshipAdoptable_Confirm "BYOHRelationshipAdoptableOrphanable_Confirm" [DIAL:03003D21]);;;BYOH_TIF__01003E07;Yes, I'm sure... daughter.
33570310;BYOHRelationshipAdoptable_Confirm "BYOHRelationshipAdoptableOrphanable_Confirm" [DIAL:03003D21];;[INFO:03003E06] ([G] in GRUP Topic Children of BYOHRelationshipAdoptable_Confirm "BYOHRelationshipAdoptableOrphanable_Confirm" [DIAL:03003D21]);;;BYOH_TIF__01003E06;Yes, I'm sure... daughter.
33570309;BYOHRelationshipAdoptable_Confirm "BYOHRelationshipAdoptableOrphanable_Confirm" [DIAL:03003D21];;[INFO:03003E05] ([G] in GRUP Topic Children of BYOHRelationshipAdoptable_Confirm "BYOHRelationshipAdoptableOrphanable_Confirm" [DIAL:03003D21]);;;BYOH_TIF__01003E05;Yes, I'm sure... son.
33570308;BYOHRelationshipAdoptable_Confirm "BYOHRelationshipAdoptableOrphanable_Confirm" [DIAL:03003D21];;[INFO:03003E04] ([G] in GRUP Topic Children of BYOHRelationshipAdoptable_Confirm "BYOHRelationshipAdoptableOrphanable_Confirm" [DIAL:03003D21]);;;BYOH_TIF__01003E04;Yes, I'm sure... son.
33570081;;BYOHRelationshipAdoptable_Confirm "BYOHRelationshipAdoptableOrphanable_Confirm" [DIAL:03003D21];;BYOHRelationshipAdoptableOrphanable_Confirm;BYOHRelationshipAdoptable [QUST:03004291];;
33570345;BYOHRelationshipAdoptable_ProposeMarkarth [DIAL:03003D20];;[INFO:03003E29] (in GRUP Topic Children of BYOHRelationshipAdoptable_ProposeMarkarth [DIAL:03003D20]);;;BYOH_TIF__01003E29;Yes, I've got a house in Markarth.
33570080;;BYOHRelationshipAdoptable_ProposeMarkarth [DIAL:03003D20];;;BYOHRelationshipAdoptable [QUST:03004291];;
33570176;BYOHRelationshipAdoptable_ProposeWhiterun [DIAL:03003D1F];;[INFO:03003D80] (in GRUP Topic Children of BYOHRelationshipAdoptable_ProposeWhiterun [DIAL:03003D1F]);;;BYOH_TIF__01003D80;Yes, I've got a house in Whiterun.
33570079;;BYOHRelationshipAdoptable_ProposeWhiterun [DIAL:03003D1F];;;BYOHRelationshipAdoptable [QUST:03004291];;
33570188;BYOHRelationshipAdoptable_ProposeRiften [DIAL:03003D1E];;[INFO:03003D8C] (in GRUP Topic Children of BYOHRelationshipAdoptable_ProposeRiften [DIAL:03003D1E]);;;BYOH_TIF__01003D8C;Yes, I've got a house in Riften.
33570078;;BYOHRelationshipAdoptable_ProposeRiften [DIAL:03003D1E];;;BYOHRelationshipAdoptable [QUST:03004291];;
33570201;BYOHRelationshipAdoptable_ProposeWindhelm [DIAL:03003D1D];;[INFO:03003D99] (in GRUP Topic Children of BYOHRelationshipAdoptable_ProposeWindhelm [DIAL:03003D1D]);;;BYOH_TIF__01003D99;Yes, I've got a big house in Windhelm.
33570077;;BYOHRelationshipAdoptable_ProposeWindhelm [DIAL:03003D1D];;;BYOHRelationshipAdoptable [QUST:03004291];;
33570216;BYOHRelationshipAdoptable_ProposeSolitude [DIAL:03003D1C];;[INFO:03003DA8] (in GRUP Topic Children of BYOHRelationshipAdoptable_ProposeSolitude [DIAL:03003D1C]);;;BYOH_TIF__01003DA8;Yes, I've got a big house in Solitude.
33570076;;BYOHRelationshipAdoptable_ProposeSolitude [DIAL:03003D1C];;;BYOHRelationshipAdoptable [QUST:03004291];;
33557716;BYOHRelationshipAdoptable_NoHouse "No, I don't." [DIAL:03003D1B];;[INFO:03000CD4] ([G] in GRUP Topic Children of BYOHRelationshipAdoptable_NoHouse "No, I don't." [DIAL:03003D1B]);;;;
33570253;BYOHRelationshipAdoptable_NoHouse "No, I don't." [DIAL:03003D1B];;[INFO:03003DCD] ([G] in GRUP Topic Children of BYOHRelationshipAdoptable_NoHouse "No, I don't." [DIAL:03003D1B]);;;;
33557715;BYOHRelationshipAdoptable_NoHouse "No, I don't." [DIAL:03003D1B];;[INFO:03000CD3] ([G] in GRUP Topic Children of BYOHRelationshipAdoptable_NoHouse "No, I don't." [DIAL:03003D1B]);;;;
33570252;BYOHRelationshipAdoptable_NoHouse "No, I don't." [DIAL:03003D1B];;[INFO:03003DCC] ([G] in GRUP Topic Children of BYOHRelationshipAdoptable_NoHouse "No, I don't." [DIAL:03003D1B]);;;;
33570075;;BYOHRelationshipAdoptable_NoHouse "No, I don't." [DIAL:03003D1B];;No, I don't.;BYOHRelationshipAdoptable [QUST:03004291];;
33570313;BYOHRelationshipAdoptable_ProposeAdoption "I could adopt you, if you want." [DIAL:03003D1A];;[INFO:03003E09] ('Really? Are you... are you sure?' in GRUP Topic Children of BYOHRelationshipAdoptable_ProposeAdoption "I could adopt you, if you want." [DIAL:03003D1A]);;;;
33570312;BYOHRelationshipAdoptable_ProposeAdoption "I could adopt you, if you want." [DIAL:03003D1A];;[INFO:03003E08] (in GRUP Topic Children of BYOHRelationshipAdoptable_ProposeAdoption "I could adopt you, if you want." [DIAL:03003D1A]);;;;
33570074;;BYOHRelationshipAdoptable_ProposeAdoption "I could adopt you, if you want." [DIAL:03003D1A];;I could adopt you, if you want.;BYOHRelationshipAdoptable [QUST:03004291];;
33556888;BYOHRelationshipAdoptable_SharedInfos "BYOHRelationshipAdoptableOrphanable_SharedInfos" [DIAL:03003D19];;RelationshipAdoptable_Adopt_DadSon [INFO:03000998] ('Really? You mean it? Wow, thanks, Pa! I promise, I won't be any trouble at all!' in GRUP Topic Children of BYOHRelationshipAdoptable_SharedInfos "BYOHRelationshipAdoptableOrphanable_SharedInfos" [DIAL:03003D19]);;;;
33556887;BYOHRelationshipAdoptable_SharedInfos "BYOHRelationshipAdoptableOrphanable_SharedInfos" [DIAL:03003D19];;RelationshipAdoptable_Adopt_MomSon [INFO:03000997] ('Really? You mean it? Wow, thanks, Ma! I promise, I won't be any trouble at all!' in GRUP Topic Children of BYOHRelationshipAdoptable_SharedInfos "BYOHRelationshipAdoptableOrphanable_SharedInfos" [DIAL:03003D19]);;;;
33570382;BYOHRelationshipAdoptable_SharedInfos "BYOHRelationshipAdoptableOrphanable_SharedInfos" [DIAL:03003D19];;RelationshipAdoptable_Adopt_DadDaughter [INFO:03003E4E] ('Yea! Thanks, mister- um, Papa! I promise, I'll be the best daughter ever!' in GRUP Topic Children of BYOHRelationshipAdoptable_SharedInfos "BYOHRelationshipAdoptableOrphanable_SharedInfos" [DIAL:03003D19]);;;;
33570381;BYOHRelationshipAdoptable_SharedInfos "BYOHRelationshipAdoptableOrphanable_SharedInfos" [DIAL:03003D19];;RelationshipAdoptable_Adopt_MomDaughter [INFO:03003E4D] ('Yea! Thanks, Mama! I promise, I'll be the best daughter ever!' in GRUP Topic Children of BYOHRelationshipAdoptable_SharedInfos "BYOHRelationshipAdoptableOrphanable_SharedInfos" [DIAL:03003D19]);;;;
33570380;BYOHRelationshipAdoptable_SharedInfos "BYOHRelationshipAdoptableOrphanable_SharedInfos" [DIAL:03003D19];;RelationshipAdoptable_RejectedBoy [INFO:03003E4C] ('...Oh well. Thanks anyway, I guess.' in GRUP Topic Children of BYOHRelationshipAdoptable_SharedInfos "BYOHRelationshipAdoptableOrphanable_SharedInfos" [DIAL:03003D19]);;;;
33570379;BYOHRelationshipAdoptable_SharedInfos "BYOHRelationshipAdoptableOrphanable_SharedInfos" [DIAL:03003D19];;RelationshipAdoptable_RejectedGirl [INFO:03003E4B] ('...Oh well. Thanks anyway, I suppose...' in GRUP Topic Children of BYOHRelationshipAdoptable_SharedInfos "BYOHRelationshipAdoptableOrphanable_SharedInfos" [DIAL:03003D19]);;;;
33570378;BYOHRelationshipAdoptable_SharedInfos "BYOHRelationshipAdoptableOrphanable_SharedInfos" [DIAL:03003D19];;RelationshipAdoptable_AskConfirm [INFO:03003E4A] ('Oh, wow! Are you... are you sure? You really wouldn't mind?' in GRUP Topic Children of BYOHRelationshipAdoptable_SharedInfos "BYOHRelationshipAdoptableOrphanable_SharedInfos" [DIAL:03003D19]);;;;
33570377;BYOHRelationshipAdoptable_SharedInfos "BYOHRelationshipAdoptableOrphanable_SharedInfos" [DIAL:03003D19];;RelationshipAdoptable_AdoptHaveHouse [INFO:03003E49] ('Really? Do you... do you have a place I could live?' in GRUP Topic Children of BYOHRelationshipAdoptable_SharedInfos "BYOHRelationshipAdoptableOrphanable_SharedInfos" [DIAL:03003D19]);;;;
33570376;BYOHRelationshipAdoptable_SharedInfos "BYOHRelationshipAdoptableOrphanable_SharedInfos" [DIAL:03003D19];;RelationshipAdoptable_Intro_BoyMotherOnly [INFO:03003E48] ('My ma died, and... and I don't know what to do...' in GRUP Topic Children of BYOHRelationshipAdoptable_SharedInfos "BYOHRelationshipAdoptableOrphanable_SharedInfos" [DIAL:03003D19]);;;;
33570375;BYOHRelationshipAdoptable_SharedInfos "BYOHRelationshipAdoptableOrphanable_SharedInfos" [DIAL:03003D19];;RelationshipAdoptable_Intro_BoyFatherOnly [INFO:03003E47] ('My pa died, and... and now I'm all alone.' in GRUP Topic Children of BYOHRelationshipAdoptable_SharedInfos "BYOHRelationshipAdoptableOrphanable_SharedInfos" [DIAL:03003D19]);;;;
33570374;BYOHRelationshipAdoptable_SharedInfos "BYOHRelationshipAdoptableOrphanable_SharedInfos" [DIAL:03003D19];;RelationshipAdoptable_Intro_BoyBoth [INFO:03003E46] ('My... my parents died, not too long ago. I... I don't know what to do...' in GRUP Topic Children of BYOHRelationshipAdoptable_SharedInfos "BYOHRelationshipAdoptableOrphanable_SharedInfos" [DIAL:03003D19]);;;;
33570373;BYOHRelationshipAdoptable_SharedInfos "BYOHRelationshipAdoptableOrphanable_SharedInfos" [DIAL:03003D19];;RelationshipAdoptable_Intro_GirlFatherOnly [INFO:03003E45] ('My papa died and... and I'm all alone...' in GRUP Topic Children of BYOHRelationshipAdoptable_SharedInfos "BYOHRelationshipAdoptableOrphanable_SharedInfos" [DIAL:03003D19]);;;;
33570372;BYOHRelationshipAdoptable_SharedInfos "BYOHRelationshipAdoptableOrphanable_SharedInfos" [DIAL:03003D19];;RelationshipAdoptable_Intro_GirlMotherOnly [INFO:03003E44] ('Mama died, and now I'm... I'm all alone...' in GRUP Topic Children of BYOHRelationshipAdoptable_SharedInfos "BYOHRelationshipAdoptableOrphanable_SharedInfos" [DIAL:03003D19]);;;;
33570371;BYOHRelationshipAdoptable_SharedInfos "BYOHRelationshipAdoptableOrphanable_SharedInfos" [DIAL:03003D19];;RelationshipAdoptable_Intro_GirlBoth [INFO:03003E43] ('My... my parents died, and... and now I'm all alone...' in GRUP Topic Children of BYOHRelationshipAdoptable_SharedInfos "BYOHRelationshipAdoptableOrphanable_SharedInfos" [DIAL:03003D19]);;;;
33570073;;BYOHRelationshipAdoptable_SharedInfos "BYOHRelationshipAdoptableOrphanable_SharedInfos" [DIAL:03003D19];;BYOHRelationshipAdoptableOrphanable_SharedInfos;BYOHRelationshipAdoptable [QUST:03004291];;
33570398;BYOHRelationshipAdoptable_IntroduceAdoptabilityTopic "What's the matter?" [DIAL:03003D18];;[INFO:03003E5E] (in GRUP Topic Children of BYOHRelationshipAdoptable_IntroduceAdoptabilityTopic "What's the matter?" [DIAL:03003D18]);;;BYOH_TIF__01003E5E;
33570397;BYOHRelationshipAdoptable_IntroduceAdoptabilityTopic "What's the matter?" [DIAL:03003D18];;[INFO:03003E5D] (in GRUP Topic Children of BYOHRelationshipAdoptable_IntroduceAdoptabilityTopic "What's the matter?" [DIAL:03003D18]);;;BYOH_TIF__01003E5D;
33570396;BYOHRelationshipAdoptable_IntroduceAdoptabilityTopic "What's the matter?" [DIAL:03003D18];;[INFO:03003E5C] (in GRUP Topic Children of BYOHRelationshipAdoptable_IntroduceAdoptabilityTopic "What's the matter?" [DIAL:03003D18]);;;BYOH_TIF__01003E5C;
33570395;BYOHRelationshipAdoptable_IntroduceAdoptabilityTopic "What's the matter?" [DIAL:03003D18];;[INFO:03003E5B] (in GRUP Topic Children of BYOHRelationshipAdoptable_IntroduceAdoptabilityTopic "What's the matter?" [DIAL:03003D18]);;;BYOH_TIF__01003E5B;
33570394;BYOHRelationshipAdoptable_IntroduceAdoptabilityTopic "What's the matter?" [DIAL:03003D18];;[INFO:03003E5A] (in GRUP Topic Children of BYOHRelationshipAdoptable_IntroduceAdoptabilityTopic "What's the matter?" [DIAL:03003D18]);;;BYOH_TIF__01003E5A;
33570393;BYOHRelationshipAdoptable_IntroduceAdoptabilityTopic "What's the matter?" [DIAL:03003D18];;[INFO:03003E59] (in GRUP Topic Children of BYOHRelationshipAdoptable_IntroduceAdoptabilityTopic "What's the matter?" [DIAL:03003D18]);;;BYOH_TIF__01003E59;
33570072;;BYOHRelationshipAdoptable_IntroduceAdoptabilityTopic "What's the matter?" [DIAL:03003D18];;What's the matter?;BYOHRelationshipAdoptable [QUST:03004291];;
33566114;RelationshipAdoption_Allowance06 [DIAL:03003D17];;[INFO:03002DA2] ([G] in GRUP Topic Children of RelationshipAdoption_Allowance06 [DIAL:03003D17]);;;BYOH_TIF__01002DA2;Sure, whatever you want. 1000 gold?
33570189;RelationshipAdoption_Allowance06 [DIAL:03003D17];;[INFO:03003D8D] ([G][SO] in GRUP Topic Children of RelationshipAdoption_Allowance06 [DIAL:03003D17]);;;BYOH_TIF__01003D8D;Sure, whatever you want. 1000 gold?
33570071;;RelationshipAdoption_Allowance06 [DIAL:03003D17];;;BYOHRelationshipAdoption [QUST:030042B4];;
33570202;RelationshipAdoption_Allowance05 [DIAL:03003D16];;[INFO:03003D9A] ([G] in GRUP Topic Children of RelationshipAdoption_Allowance05 [DIAL:03003D16]);;;BYOH_TIF__01003D9A;No problem. Here's 500 gold.
33570070;;RelationshipAdoption_Allowance05 [DIAL:03003D16];;;BYOHRelationshipAdoption [QUST:030042B4];;
33570218;RelationshipAdoption_Allowance04 [DIAL:03003D15];;[INFO:03003DAA] ([G] in GRUP Topic Children of RelationshipAdoption_Allowance04 [DIAL:03003D15]);;;BYOH_TIF__01003DAA;How about 100 gold?
33570069;;RelationshipAdoption_Allowance04 [DIAL:03003D15];;;BYOHRelationshipAdoption [QUST:030042B4];;
33570241;RelationshipAdoption_Allowance03 [DIAL:03003D14];;[INFO:03003DC1] ([G] in GRUP Topic Children of RelationshipAdoption_Allowance03 [DIAL:03003D14]);;;BYOH_TIF__01003DC1;Sure. Here's 25 gold.
33570068;;RelationshipAdoption_Allowance03 [DIAL:03003D14];;;BYOHRelationshipAdoption [QUST:030042B4];;
33566112;RelationshipAdoption_Allowance02 [DIAL:03003D13];;[INFO:03002DA0] ([G] in GRUP Topic Children of RelationshipAdoption_Allowance02 [DIAL:03003D13]);;;BYOH_TIF__01002DA0;Here's 10 gold.
33570255;RelationshipAdoption_Allowance02 [DIAL:03003D13];;[INFO:03003DCF] ([G] in GRUP Topic Children of RelationshipAdoption_Allowance02 [DIAL:03003D13]);;;BYOH_TIF__01003DCF;Here's 10 gold.
33570067;;RelationshipAdoption_Allowance02 [DIAL:03003D13];;;BYOHRelationshipAdoption [QUST:030042B4];;
33570279;RelationshipAdoption_Allowance01 [DIAL:03003D12];;[INFO:03003DE7] ([G] in GRUP Topic Children of RelationshipAdoption_Allowance01 [DIAL:03003D12]);;;BYOH_TIF__01003DE7;Here's... 5 gold.
33570066;;RelationshipAdoption_Allowance01 [DIAL:03003D12];;;BYOHRelationshipAdoption [QUST:030042B4];;
33570317;RelationshipAdoption_Allowance00 [DIAL:03003D11];;[INFO:03003E0D] ([G]'Aww...' in GRUP Topic Children of RelationshipAdoption_Allowance00 [DIAL:03003D11]);;;;Not right now.
33570065;;RelationshipAdoption_Allowance00 [DIAL:03003D11];;;BYOHRelationshipAdoption [QUST:030042B4];;
33570064;;RelationshipAdoption_Requests [DIAL:03003D10];;;BYOHRelationshipAdoption [QUST:030042B4];;
33570063;;RelationshipAdoption_ForcegreetsBranchTopic [DIAL:03003D0F];;;BYOHRelationshipAdoption [QUST:030042B4];;
33570180;RelationshipAdoption_Decline [DIAL:03003D0E];;[INFO:03003D84] ([G] in GRUP Topic Children of RelationshipAdoption_Decline [DIAL:03003D0E]);;;;Sorry, no, I've changed my mind.
33570062;;RelationshipAdoption_Decline [DIAL:03003D0E];;;BYOHRelationshipAdoption [QUST:030042B4];;
33570193;RelationshipAdoption_PickGame2 [DIAL:03003D0D];;[INFO:03003D91] (in GRUP Topic Children of RelationshipAdoption_PickGame2 [DIAL:03003D0D]);;;;
33570061;;RelationshipAdoption_PickGame2 [DIAL:03003D0D];;;BYOHRelationshipAdoption [QUST:030042B4];;
33570248;RelationshipAdoption_ConfirmNightGame [DIAL:03003D0C];;[INFO:03003DC8] ([R][RE] in GRUP Topic Children of RelationshipAdoption_ConfirmNightGame [DIAL:03003D0C]);;;;Sure. I said it was.
33570247;RelationshipAdoption_ConfirmNightGame [DIAL:03003D0C];;[INFO:03003DC7] ([R] in GRUP Topic Children of RelationshipAdoption_ConfirmNightGame [DIAL:03003D0C]);;;;Sure. I said it was.
33570246;RelationshipAdoption_ConfirmNightGame [DIAL:03003D0C];;[INFO:03003DC6] ([R] in GRUP Topic Children of RelationshipAdoption_ConfirmNightGame [DIAL:03003D0C]);;;;Sure. I said it was.
33570060;;RelationshipAdoption_ConfirmNightGame [DIAL:03003D0C];;;BYOHRelationshipAdoption [QUST:030042B4];;
33570259;RelationshipAdoption_HideAndSeek [DIAL:03003D0B];;[INFO:03003DD3] ([G]'Okay! You stand right there and count to 10... no peeking! Ready? ...Go!' in GRUP Topic Children of RelationshipAdoption_HideAndSeek [DIAL:03003D0B]);;;BYOH_TIF__01003DD3;Let's play hide-and-seek.
33570059;;RelationshipAdoption_HideAndSeek [DIAL:03003D0B];;;BYOHRelationshipAdoption [QUST:030042B4];;
33570283;RelationshipAdoption_Tag [DIAL:03003D0A];;[INFO:03003DEB] ([G]'Okay. You're it!' in GRUP Topic Children of RelationshipAdoption_Tag [DIAL:03003D0A]);;;BYOH_TIF__01003DEB;Let's play tag.
33570058;;RelationshipAdoption_Tag [DIAL:03003D0A];;;BYOHRelationshipAdoption [QUST:030042B4];;
33570441;RelationshipAdoption_GameRequestTopic [DIAL:03003D09];;[INFO:03003E89] (in GRUP Topic Children of RelationshipAdoption_GameRequestTopic [DIAL:03003D09]);;;;Let's play a game.
33570440;RelationshipAdoption_GameRequestTopic [DIAL:03003D09];;[INFO:03003E88] (in GRUP Topic Children of RelationshipAdoption_GameRequestTopic [DIAL:03003D09]);;;;Let's play a game.
33570439;RelationshipAdoption_GameRequestTopic [DIAL:03003D09];;[INFO:03003E87] (in GRUP Topic Children of RelationshipAdoption_GameRequestTopic [DIAL:03003D09]);;;;Let's play a game.
33570057;;RelationshipAdoption_GameRequestTopic [DIAL:03003D09];;;BYOHRelationshipAdoption [QUST:030042B4];;
33570289;RelationshipAdoption_OrderOutsideBranchTopic [DIAL:03003D08];;[INFO:03003DF1] ([G][R][RE] in GRUP Topic Children of RelationshipAdoption_OrderOutsideBranchTopic [DIAL:03003D08]);;;BYOH_TIF__01003DF1;Go play outside, <Alias.ShortName=Child2>.
33570288;RelationshipAdoption_OrderOutsideBranchTopic [DIAL:03003D08];;[INFO:03003DF0] ([G][R] in GRUP Topic Children of RelationshipAdoption_OrderOutsideBranchTopic [DIAL:03003D08]);;;BYOH_TIF__01003DF0;Go play outside, <Alias.ShortName=Child1>.
33570287;RelationshipAdoption_OrderOutsideBranchTopic [DIAL:03003D08];;[INFO:03003DEF] ([G][R] in GRUP Topic Children of RelationshipAdoption_OrderOutsideBranchTopic [DIAL:03003D08]);;;BYOH_TIF__01003DEF;Go play outside, <Alias.ShortName=Child2>.
33570286;RelationshipAdoption_OrderOutsideBranchTopic [DIAL:03003D08];;[INFO:03003DEE] ([G][R] in GRUP Topic Children of RelationshipAdoption_OrderOutsideBranchTopic [DIAL:03003D08]);;;BYOH_TIF__01003DEE;Go play outside, <Alias.ShortName=Child1>.
33570285;RelationshipAdoption_OrderOutsideBranchTopic [DIAL:03003D08];;[INFO:03003DED] ([R] in GRUP Topic Children of RelationshipAdoption_OrderOutsideBranchTopic [DIAL:03003D08]);;;BYOH_TIF__01003DED;Go play outside, <Alias.ShortName=Child2>.
33570284;RelationshipAdoption_OrderOutsideBranchTopic [DIAL:03003D08];;[INFO:03003DEC] ([R] in GRUP Topic Children of RelationshipAdoption_OrderOutsideBranchTopic [DIAL:03003D08]);;;BYOH_TIF__01003DEC;Go play outside, <Alias.ShortName=Child1>.
33570056;;RelationshipAdoption_OrderOutsideBranchTopic [DIAL:03003D08];;;BYOHRelationshipAdoption [QUST:030042B4];;
33570462;RelationshipAdoption_MoveToWindhelm "Hjerim, my house in Windhelm." [DIAL:03003D07];;[INFO:03003E9E] ([G] in GRUP Topic Children of RelationshipAdoption_MoveToWindhelm "Hjerim, my house in Windhelm." [DIAL:03003D07]);;;BYOH_TIF__01003E9E;
33570461;RelationshipAdoption_MoveToWindhelm "Hjerim, my house in Windhelm." [DIAL:03003D07];;[INFO:03003E9D] ([G] in GRUP Topic Children of RelationshipAdoption_MoveToWindhelm "Hjerim, my house in Windhelm." [DIAL:03003D07]);;;BYOH_TIF__01003E9D;
33570055;;RelationshipAdoption_MoveToWindhelm "Hjerim, my house in Windhelm." [DIAL:03003D07];;Hjerim, my house in Windhelm.;BYOHRelationshipAdoption [QUST:030042B4];;
33570225;RelationshipAdoption_MoveToWhiterun "Breezehome, my house in Whiterun." [DIAL:03003D06];;[INFO:03003DB1] ([G] in GRUP Topic Children of RelationshipAdoption_MoveToWhiterun "Breezehome, my house in Whiterun." [DIAL:03003D06]);;;BYOH_TIF__01003DB1;
33570224;RelationshipAdoption_MoveToWhiterun "Breezehome, my house in Whiterun." [DIAL:03003D06];;[INFO:03003DB0] ([G] in GRUP Topic Children of RelationshipAdoption_MoveToWhiterun "Breezehome, my house in Whiterun." [DIAL:03003D06]);;;BYOH_TIF__01003DB0;
33570054;;RelationshipAdoption_MoveToWhiterun "Breezehome, my house in Whiterun." [DIAL:03003D06];;Breezehome, my house in Whiterun.;BYOHRelationshipAdoption [QUST:030042B4];;
33570293;RelationshipAdoption_MoveToRiften "Honeyside, my house in Riften." [DIAL:03003D05];;[INFO:03003DF5] ([G] in GRUP Topic Children of RelationshipAdoption_MoveToRiften "Honeyside, my house in Riften." [DIAL:03003D05]);;;BYOH_TIF__01003DF5;
33570292;RelationshipAdoption_MoveToRiften "Honeyside, my house in Riften." [DIAL:03003D05];;[INFO:03003DF4] ([G] in GRUP Topic Children of RelationshipAdoption_MoveToRiften "Honeyside, my house in Riften." [DIAL:03003D05]);;;BYOH_TIF__01003DF4;
33570053;;RelationshipAdoption_MoveToRiften "Honeyside, my house in Riften." [DIAL:03003D05];;Honeyside, my house in Riften.;BYOHRelationshipAdoption [QUST:030042B4];;
33570472;RelationshipAdoption_MoveToMarkarth "Vlindrel Hall, my house in Markarth." [DIAL:03003D04];;[INFO:03003EA8] ([G] in GRUP Topic Children of RelationshipAdoption_MoveToMarkarth "Vlindrel Hall, my house in Markarth." [DIAL:03003D04]);;;BYOH_TIF__01003EA8;
33570471;RelationshipAdoption_MoveToMarkarth "Vlindrel Hall, my house in Markarth." [DIAL:03003D04];;[INFO:03003EA7] ([G] in GRUP Topic Children of RelationshipAdoption_MoveToMarkarth "Vlindrel Hall, my house in Markarth." [DIAL:03003D04]);;;BYOH_TIF__01003EA7;
33570052;;RelationshipAdoption_MoveToMarkarth "Vlindrel Hall, my house in Markarth." [DIAL:03003D04];;Vlindrel Hall, my house in Markarth.;BYOHRelationshipAdoption [QUST:030042B4];;
33570228;RelationshipAdoption_MoveToSolitude "Proudspire Manor, my house in Solitude." [DIAL:03003D03];;[INFO:03003DB4] ([G] in GRUP Topic Children of RelationshipAdoption_MoveToSolitude "Proudspire Manor, my house in Solitude." [DIAL:03003D03]);;;BYOH_TIF__01003DB4;
33570227;RelationshipAdoption_MoveToSolitude "Proudspire Manor, my house in Solitude." [DIAL:03003D03];;[INFO:03003DB3] ([G] in GRUP Topic Children of RelationshipAdoption_MoveToSolitude "Proudspire Manor, my house in Solitude." [DIAL:03003D03]);;;BYOH_TIF__01003DB3;
33570051;;RelationshipAdoption_MoveToSolitude "Proudspire Manor, my house in Solitude." [DIAL:03003D03];;Proudspire Manor, my house in Solitude.;BYOHRelationshipAdoption [QUST:030042B4];;
33570261;RelationshipAdoption_DontMove [DIAL:03003D02];;[INFO:03003DD5] (in GRUP Topic Children of RelationshipAdoption_DontMove [DIAL:03003D02]);;;BYOH_TIF__01003DD5;Actually, let's just stay here.
33570050;;RelationshipAdoption_DontMove [DIAL:03003D02];;;BYOHRelationshipAdoption [QUST:030042B4];;
33570483;RelationshipAdoption_MovingBranchTopic "It's time for us to move." [DIAL:03003D01];;[INFO:03003EB3] ('Really? Where are we going?' in GRUP Topic Children of RelationshipAdoption_MovingBranchTopic "It's time for us to move." [DIAL:03003D01]);;;;
33570482;RelationshipAdoption_MovingBranchTopic "It's time for us to move." [DIAL:03003D01];;[INFO:03003EB2] ('Really? Where are we going?' in GRUP Topic Children of RelationshipAdoption_MovingBranchTopic "It's time for us to move." [DIAL:03003D01]);;;;
33570481;RelationshipAdoption_MovingBranchTopic "It's time for us to move." [DIAL:03003D01];;[INFO:03003EB1] ('What? Where are we going?' in GRUP Topic Children of RelationshipAdoption_MovingBranchTopic "It's time for us to move." [DIAL:03003D01]);;;;
33570480;RelationshipAdoption_MovingBranchTopic "It's time for us to move." [DIAL:03003D01];;[INFO:03003EB0] ('What? Where are we going?' in GRUP Topic Children of RelationshipAdoption_MovingBranchTopic "It's time for us to move." [DIAL:03003D01]);;;;
33570049;;RelationshipAdoption_MovingBranchTopic "It's time for us to move." [DIAL:03003D01];;It's time for us to move.;BYOHRelationshipAdoption [QUST:030042B4];;
33570513;RelationshipAdoption_SharedInfos "RelationshipAdoption_SharedInfos" [DIAL:03003D00];;RelationshipAdoption_StopTeasing [INFO:03003ED1] ('Aww... stop teasing me!' in GRUP Topic Children of RelationshipAdoption_SharedInfos "RelationshipAdoption_SharedInfos" [DIAL:03003D00]);;;;
33657549;RelationshipAdoption_SharedInfos "RelationshipAdoption_SharedInfos" [DIAL:03003D00];;RelationshipAdoption_NameCallingIntro4 [INFO:030192CD] ('Um, hey, Ma! Welcome home!' in GRUP Topic Children of RelationshipAdoption_SharedInfos "RelationshipAdoption_SharedInfos" [DIAL:03003D00]);;;;
33657548;RelationshipAdoption_SharedInfos "RelationshipAdoption_SharedInfos" [DIAL:03003D00];;RelationshipAdoption_NameCallingIntro3 [INFO:030192CC] ('Um... hey, Pa! Welcome home!' in GRUP Topic Children of RelationshipAdoption_SharedInfos "RelationshipAdoption_SharedInfos" [DIAL:03003D00]);;;;
33657547;RelationshipAdoption_SharedInfos "RelationshipAdoption_SharedInfos" [DIAL:03003D00];;RelationshipAdoption_NameCallingIntro2 [INFO:030192CB] ('Mama!' in GRUP Topic Children of RelationshipAdoption_SharedInfos "RelationshipAdoption_SharedInfos" [DIAL:03003D00]);;;;
33657546;RelationshipAdoption_SharedInfos "RelationshipAdoption_SharedInfos" [DIAL:03003D00];;RelationshipAdoption_NameCallingIntro1 [INFO:030192CA] ('Oh, um, Hi Papa!' in GRUP Topic Children of RelationshipAdoption_SharedInfos "RelationshipAdoption_SharedInfos" [DIAL:03003D00]);;;;
33570511;RelationshipAdoption_SharedInfos "RelationshipAdoption_SharedInfos" [DIAL:03003D00];;RelationshipAdoption_MovingGirl [INFO:03003ECF] ('Okay! I'll meet you there!' in GRUP Topic Children of RelationshipAdoption_SharedInfos "RelationshipAdoption_SharedInfos" [DIAL:03003D00]);;;;
33570510;RelationshipAdoption_SharedInfos "RelationshipAdoption_SharedInfos" [DIAL:03003D00];;RelationshipAdoption_Moving_Boy [INFO:03003ECE] ('All right, I'll see you there!' in GRUP Topic Children of RelationshipAdoption_SharedInfos "RelationshipAdoption_SharedInfos" [DIAL:03003D00]);;;;
33570509;RelationshipAdoption_SharedInfos "RelationshipAdoption_SharedInfos" [DIAL:03003D00];;RelationshipAdoption_Greet4 [INFO:03003ECD] ('Hi Ma!' in GRUP Topic Children of RelationshipAdoption_SharedInfos "RelationshipAdoption_SharedInfos" [DIAL:03003D00]);;;;
33570508;RelationshipAdoption_SharedInfos "RelationshipAdoption_SharedInfos" [DIAL:03003D00];;RelationshipAdoption_Greet3 [INFO:03003ECC] ('Mama!' in GRUP Topic Children of RelationshipAdoption_SharedInfos "RelationshipAdoption_SharedInfos" [DIAL:03003D00]);;;;
33570507;RelationshipAdoption_SharedInfos "RelationshipAdoption_SharedInfos" [DIAL:03003D00];;RelationshipAdoption_Greet2 [INFO:03003ECB] ('Papa!' in GRUP Topic Children of RelationshipAdoption_SharedInfos "RelationshipAdoption_SharedInfos" [DIAL:03003D00]);;;;
33570506;RelationshipAdoption_SharedInfos "RelationshipAdoption_SharedInfos" [DIAL:03003D00];;RelationshipAdoption_Greet1 [INFO:03003ECA] ('Hey, Pa!' in GRUP Topic Children of RelationshipAdoption_SharedInfos "RelationshipAdoption_SharedInfos" [DIAL:03003D00]);;;;
33636072;RelationshipAdoption_SharedInfos "RelationshipAdoption_SharedInfos" [DIAL:03003D00];;RelationshipAdoption_KeepPet1 [INFO:03013EE8] ('Could I keep him? Please?' in GRUP Topic Children of RelationshipAdoption_SharedInfos "RelationshipAdoption_SharedInfos" [DIAL:03003D00]);;;;
33636071;RelationshipAdoption_SharedInfos "RelationshipAdoption_SharedInfos" [DIAL:03003D00];;RelationshipAdoption_KeepPet2 [INFO:03013EE7] ('Could I... could I keep him? Please?' in GRUP Topic Children of RelationshipAdoption_SharedInfos "RelationshipAdoption_SharedInfos" [DIAL:03003D00]);;;;
33636070;RelationshipAdoption_SharedInfos "RelationshipAdoption_SharedInfos" [DIAL:03003D00];;RelationshipAdoption_KeepPet4 [INFO:03013EE6] ('Do you... do you think I could keep him?' in GRUP Topic Children of RelationshipAdoption_SharedInfos "RelationshipAdoption_SharedInfos" [DIAL:03003D00]);;;;
33636069;RelationshipAdoption_SharedInfos "RelationshipAdoption_SharedInfos" [DIAL:03003D00];;RelationshipAdoption_KeepPet3 [INFO:03013EE5] ('Do you... do you think I could keep him for you?' in GRUP Topic Children of RelationshipAdoption_SharedInfos "RelationshipAdoption_SharedInfos" [DIAL:03003D00]);;;;
33589555;RelationshipAdoption_SharedInfos "RelationshipAdoption_SharedInfos" [DIAL:03003D00];;RelationshipAdoption_HowreKids_OrcBYOH [INFO:03008933] ('Better than ever. Nothing like living off the land to teach you how to fight, how to survive. We'll have a little warrior on our hands in no time.' in GRUP Topic Children of RelationshipAdoption_SharedInfos "RelationshipAdoption_SharedInfos" [DIAL:03003D00]);;;;
33589554;RelationshipAdoption_SharedInfos "RelationshipAdoption_SharedInfos" [DIAL:03003D00];;RelationshipAdoption_HowreKids_OrcWhiterun [INFO:03008932] ('Fine, fine. Plenty of kids here to play and spar with. Plenty of trades to learn. It's a good place to raise a child.' in GRUP Topic Children of RelationshipAdoption_SharedInfos "RelationshipAdoption_SharedInfos" [DIAL:03003D00]);;;;
33589553;RelationshipAdoption_SharedInfos "RelationshipAdoption_SharedInfos" [DIAL:03003D00];;RelationshipAdoption_HowreKids_OrcRiften [INFO:03008931] ('Hmph. This city's crawling with thieves. Cowards. Kid could learn some bad habits here.' in GRUP Topic Children of RelationshipAdoption_SharedInfos "RelationshipAdoption_SharedInfos" [DIAL:03003D00]);;;;
33589552;RelationshipAdoption_SharedInfos "RelationshipAdoption_SharedInfos" [DIAL:03003D00];;RelationshipAdoption_HowreKids_OrcMarkarth [INFO:03008930] ('Fine, fine. This city's not safe, but... that's good. Keeps a kid on edge, alert. Could keep 'em alive when they grow up.' in GRUP Topic Children of RelationshipAdoption_SharedInfos "RelationshipAdoption_SharedInfos" [DIAL:03003D00]);;;;
33589551;RelationshipAdoption_SharedInfos "RelationshipAdoption_SharedInfos" [DIAL:03003D00];;RelationshipAdoption_HowreKids_OrcWindhelm [INFO:0300892F] ('Good. This is a city that respects strength. Honors it. A good lesson for children to learn.' in GRUP Topic Children of RelationshipAdoption_SharedInfos "RelationshipAdoption_SharedInfos" [DIAL:03003D00]);;;;
33589550;RelationshipAdoption_SharedInfos "RelationshipAdoption_SharedInfos" [DIAL:03003D00];;RelationshipAdoption_HowreKids_OrcSolitude [INFO:0300892E] ('Meh. Children get soft when they're coddled in a place like this.' in GRUP Topic Children of RelationshipAdoption_SharedInfos "RelationshipAdoption_SharedInfos" [DIAL:03003D00]);;;;
33589549;RelationshipAdoption_SharedInfos "RelationshipAdoption_SharedInfos" [DIAL:03003D00];;RelationshipAdoption_HowreKids_NordBYOH [INFO:0300892D] ('Fine, fine. Living out here on our own will take some getting used to, but I think it'll be good for us.' in GRUP Topic Children of RelationshipAdoption_SharedInfos "RelationshipAdoption_SharedInfos" [DIAL:03003D00]);;;;
33589548;RelationshipAdoption_SharedInfos "RelationshipAdoption_SharedInfos" [DIAL:03003D00];;RelationshipAdoption_HowreKids_NordWhiterun [INFO:0300892C] ('Couldn't be better. Whiterun is perfect for a child- great weather, plenty of space, friends to play with. What more could you want?' in GRUP Topic Children of RelationshipAdoption_SharedInfos "RelationshipAdoption_SharedInfos" [DIAL:03003D00]);;;;
33589547;RelationshipAdoption_SharedInfos "RelationshipAdoption_SharedInfos" [DIAL:03003D00];;RelationshipAdoption_HowreKids_NordRiften [INFO:0300892B] ('Well enough. Riften's a tough city, but... it's a tough world. Kid has to learn to stand up for themselves sometime.' in GRUP Topic Children of RelationshipAdoption_SharedInfos "RelationshipAdoption_SharedInfos" [DIAL:03003D00]);;;;
33589546;RelationshipAdoption_SharedInfos "RelationshipAdoption_SharedInfos" [DIAL:03003D00];;RelationshipAdoption_HowreKids_NordMarkarth [INFO:0300892A] ('Honestly, I'm a little worried. Markarth is nice enough, but... I wonder if it's really safe for children.' in GRUP Topic Children of RelationshipAdoption_SharedInfos "RelationshipAdoption_SharedInfos" [DIAL:03003D00]);;;;
33589545;RelationshipAdoption_SharedInfos "RelationshipAdoption_SharedInfos" [DIAL:03003D00];;RelationshipAdoption_HowreKids_NordWindhelm [INFO:03008929] ('Great. There's so much history here in Windhelm, so much to learn about our ancestors and our land.' in GRUP Topic Children of RelationshipAdoption_SharedInfos "RelationshipAdoption_SharedInfos" [DIAL:03003D00]);;;;
33589544;RelationshipAdoption_SharedInfos "RelationshipAdoption_SharedInfos" [DIAL:03003D00];;RelationshipAdoption_HowreKids_NordSolitude [INFO:03008928] ('Fine, just fine. This house is perfect for a growing family.' in GRUP Topic Children of RelationshipAdoption_SharedInfos "RelationshipAdoption_SharedInfos" [DIAL:03003D00]);;;;
33589543;RelationshipAdoption_SharedInfos "RelationshipAdoption_SharedInfos" [DIAL:03003D00];;RelationshipAdoption_HowreKids_NeutralBYOH [INFO:03008927] ('Fine, love. I think the fresh air does wonders for all of us, and this house... it's just perfect.' in GRUP Topic Children of RelationshipAdoption_SharedInfos "RelationshipAdoption_SharedInfos" [DIAL:03003D00]);;;;
33589542;RelationshipAdoption_SharedInfos "RelationshipAdoption_SharedInfos" [DIAL:03003D00];;RelationshipAdoption_HowreKids_NeutralWhiterun [INFO:03008926] ('Just fine. Whiterun is a lovely city, and there are so many other children here- they all love playing together.' in GRUP Topic Children of RelationshipAdoption_SharedInfos "RelationshipAdoption_SharedInfos" [DIAL:03003D00]);;;;
33589541;RelationshipAdoption_SharedInfos "RelationshipAdoption_SharedInfos" [DIAL:03003D00];;RelationshipAdoption_HowreKids_NeutralRiften [INFO:03008925] ('Just fine, love. The weather here is wonderful, perfect for playing outdoors.' in GRUP Topic Children of RelationshipAdoption_SharedInfos "RelationshipAdoption_SharedInfos" [DIAL:03003D00]);;;;
33589540;RelationshipAdoption_SharedInfos "RelationshipAdoption_SharedInfos" [DIAL:03003D00];;RelationshipAdoption_HowreKids_NeutralMarkarth [INFO:03008924] ('All right. I do worry, though, no matter how many times the guards say Markarth is safe.' in GRUP Topic Children of RelationshipAdoption_SharedInfos "RelationshipAdoption_SharedInfos" [DIAL:03003D00]);;;;
33589539;RelationshipAdoption_SharedInfos "RelationshipAdoption_SharedInfos" [DIAL:03003D00];;RelationshipAdoption_HowreKids_NeutralWindhelm [INFO:03008923] ('Well, love, very well. There's so much history in this city, so many things we can do here.' in GRUP Topic Children of RelationshipAdoption_SharedInfos "RelationshipAdoption_SharedInfos" [DIAL:03003D00]);;;;
33589538;RelationshipAdoption_SharedInfos "RelationshipAdoption_SharedInfos" [DIAL:03003D00];;RelationshipAdoption_HowreKids_NeutralSolitude [INFO:03008922] ('Very well, love. This is a beautiful house, and Solitude is so safe, so diverse. It's a wonderful place to raise a child.' in GRUP Topic Children of RelationshipAdoption_SharedInfos "RelationshipAdoption_SharedInfos" [DIAL:03003D00]);;;;
33589537;RelationshipAdoption_SharedInfos "RelationshipAdoption_SharedInfos" [DIAL:03003D00];;RelationshipAdoption_HowreKids_ArrogantBYOH [INFO:03008921] ('Fine, when we're not fending off attacks by wolves. Or bears. Or giant spiders. Honestly, what were you thinking, sending us out here?' in GRUP Topic Children of RelationshipAdoption_SharedInfos "RelationshipAdoption_SharedInfos" [DIAL:03003D00]);;;;
33589536;RelationshipAdoption_SharedInfos "RelationshipAdoption_SharedInfos" [DIAL:03003D00];;RelationshipAdoption_HowreKids_ArrogantWhiterun [INFO:03008920] ('As well as can be expected. Dear, this house would work for the two of us, but with children? We need to find a bigger place.' in GRUP Topic Children of RelationshipAdoption_SharedInfos "RelationshipAdoption_SharedInfos" [DIAL:03003D00]);;;;
33589535;RelationshipAdoption_SharedInfos "RelationshipAdoption_SharedInfos" [DIAL:03003D00];;RelationshipAdoption_HowreKids_ArrogantRiften [INFO:0300891F] ('Oh, fine, if you want to bring up little pickpockets. This place is a terrible influence on a child.' in GRUP Topic Children of RelationshipAdoption_SharedInfos "RelationshipAdoption_SharedInfos" [DIAL:03003D00]);;;;
33589534;RelationshipAdoption_SharedInfos "RelationshipAdoption_SharedInfos" [DIAL:03003D00];;RelationshipAdoption_HowreKids_ArrogantMarkarth [INFO:0300891E] ('You tell me. Between the Forsworn and the mines, Markarth is no place to raise a child.' in GRUP Topic Children of RelationshipAdoption_SharedInfos "RelationshipAdoption_SharedInfos" [DIAL:03003D00]);;;;
33589533;RelationshipAdoption_SharedInfos "RelationshipAdoption_SharedInfos" [DIAL:03003D00];;RelationshipAdoption_HowreKids_ArrogantWindhelm [INFO:0300891D] ('Hmph. This city's crawling with filth. It's everything I can do keep the children safe.' in GRUP Topic Children of RelationshipAdoption_SharedInfos "RelationshipAdoption_SharedInfos" [DIAL:03003D00]);;;;
33589532;RelationshipAdoption_SharedInfos "RelationshipAdoption_SharedInfos" [DIAL:03003D00];;RelationshipAdoption_HowreKids_ArrogantSolitude [INFO:0300891C] ('Oh, fine. So many guards on the street here I hardly have to worry.' in GRUP Topic Children of RelationshipAdoption_SharedInfos "RelationshipAdoption_SharedInfos" [DIAL:03003D00]);;;;
33586030;RelationshipAdoption_SharedInfos "RelationshipAdoption_SharedInfos" [DIAL:03003D00];;RelationshipAdoption_NoGift1 [INFO:03007B6E] ('Aww...' in GRUP Topic Children of RelationshipAdoption_SharedInfos "RelationshipAdoption_SharedInfos" [DIAL:03003D00]);;;;
33586029;RelationshipAdoption_SharedInfos "RelationshipAdoption_SharedInfos" [DIAL:03003D00];;RelationshipAdoption_GiftThanks [INFO:03007B6D] ('This is great! Wow, thanks!' in GRUP Topic Children of RelationshipAdoption_SharedInfos "RelationshipAdoption_SharedInfos" [DIAL:03003D00]);;;;
33586028;RelationshipAdoption_SharedInfos "RelationshipAdoption_SharedInfos" [DIAL:03003D00];;RelationshipAdoption_PlayerGivesGift07 [INFO:03007B6C] ('Wow, really? What'd you get me?' in GRUP Topic Children of RelationshipAdoption_SharedInfos "RelationshipAdoption_SharedInfos" [DIAL:03003D00]);;;;
33586027;RelationshipAdoption_SharedInfos "RelationshipAdoption_SharedInfos" [DIAL:03003D00];;RelationshipAdoption_PlayerGivesGift06 [INFO:03007B6B] ('You got me a present? Really?' in GRUP Topic Children of RelationshipAdoption_SharedInfos "RelationshipAdoption_SharedInfos" [DIAL:03003D00]);;;;
33586026;RelationshipAdoption_SharedInfos "RelationshipAdoption_SharedInfos" [DIAL:03003D00];;RelationshipAdoption_PlayerGivesGift05 [INFO:03007B6A] ('What is it? What is it?' in GRUP Topic Children of RelationshipAdoption_SharedInfos "RelationshipAdoption_SharedInfos" [DIAL:03003D00]);;;;
33586025;RelationshipAdoption_SharedInfos "RelationshipAdoption_SharedInfos" [DIAL:03003D00];;RelationshipAdoption_PlayerGivesGift04 [INFO:03007B69] ('Wow, thanks Papa!' in GRUP Topic Children of RelationshipAdoption_SharedInfos "RelationshipAdoption_SharedInfos" [DIAL:03003D00]);;;;
33586024;RelationshipAdoption_SharedInfos "RelationshipAdoption_SharedInfos" [DIAL:03003D00];;RelationshipAdoption_PlayerGivesGift03 [INFO:03007B68] ('Wow, thanks Mama!' in GRUP Topic Children of RelationshipAdoption_SharedInfos "RelationshipAdoption_SharedInfos" [DIAL:03003D00]);;;;
33586023;RelationshipAdoption_SharedInfos "RelationshipAdoption_SharedInfos" [DIAL:03003D00];;RelationshipAdoption_PlayerGivesGift02 [INFO:03007B67] ('You got me a present? Wow, thanks, Pa!' in GRUP Topic Children of RelationshipAdoption_SharedInfos "RelationshipAdoption_SharedInfos" [DIAL:03003D00]);;;;
33586022;RelationshipAdoption_SharedInfos "RelationshipAdoption_SharedInfos" [DIAL:03003D00];;RelationshipAdoption_PlayerGivesGift01 [INFO:03007B66] ('You got me a present? Wow, thanks, Ma!' in GRUP Topic Children of RelationshipAdoption_SharedInfos "RelationshipAdoption_SharedInfos" [DIAL:03003D00]);;;;
33570430;RelationshipAdoption_SharedInfos "RelationshipAdoption_SharedInfos" [DIAL:03003D00];;RelationshipAdoption_FG2 [INFO:03003E7E] ('Mama! You're home!' in GRUP Topic Children of RelationshipAdoption_SharedInfos "RelationshipAdoption_SharedInfos" [DIAL:03003D00]);;;;
33570431;RelationshipAdoption_SharedInfos "RelationshipAdoption_SharedInfos" [DIAL:03003D00];;RelationshipAdoption_FG3 [INFO:03003E7F] ('Papa! You're back!' in GRUP Topic Children of RelationshipAdoption_SharedInfos "RelationshipAdoption_SharedInfos" [DIAL:03003D00]);;;;
33570432;RelationshipAdoption_SharedInfos "RelationshipAdoption_SharedInfos" [DIAL:03003D00];;RelationshipAdoption_FG4 [INFO:03003E80] ('Papa! You're home!' in GRUP Topic Children of RelationshipAdoption_SharedInfos "RelationshipAdoption_SharedInfos" [DIAL:03003D00]);;;;
33570433;RelationshipAdoption_SharedInfos "RelationshipAdoption_SharedInfos" [DIAL:03003D00];;RelationshipAdoption_FG5 [INFO:03003E81] ('Ma! You're home!' in GRUP Topic Children of RelationshipAdoption_SharedInfos "RelationshipAdoption_SharedInfos" [DIAL:03003D00]);;;;
33570434;RelationshipAdoption_SharedInfos "RelationshipAdoption_SharedInfos" [DIAL:03003D00];;RelationshipAdoption_FG6 [INFO:03003E82] ('Hey, Ma! Welcome back!' in GRUP Topic Children of RelationshipAdoption_SharedInfos "RelationshipAdoption_SharedInfos" [DIAL:03003D00]);;;;
33570435;RelationshipAdoption_SharedInfos "RelationshipAdoption_SharedInfos" [DIAL:03003D00];;RelationshipAdoption_FG7 [INFO:03003E83] ('Pa! You're home!' in GRUP Topic Children of RelationshipAdoption_SharedInfos "RelationshipAdoption_SharedInfos" [DIAL:03003D00]);;;;
33570436;RelationshipAdoption_SharedInfos "RelationshipAdoption_SharedInfos" [DIAL:03003D00];;RelationshipAdoption_FG8 [INFO:03003E84] ('Hey, Pa! Welcome back!' in GRUP Topic Children of RelationshipAdoption_SharedInfos "RelationshipAdoption_SharedInfos" [DIAL:03003D00]);;;;
33570437;RelationshipAdoption_SharedInfos "RelationshipAdoption_SharedInfos" [DIAL:03003D00];;RelationshipAdoption_FG9 [INFO:03003E85] ('You're back!' in GRUP Topic Children of RelationshipAdoption_SharedInfos "RelationshipAdoption_SharedInfos" [DIAL:03003D00]);;;;
33570438;RelationshipAdoption_SharedInfos "RelationshipAdoption_SharedInfos" [DIAL:03003D00];;RelationshipAdoption_FG10 [INFO:03003E86] ('You're home!' in GRUP Topic Children of RelationshipAdoption_SharedInfos "RelationshipAdoption_SharedInfos" [DIAL:03003D00]);;;;
33570429;RelationshipAdoption_SharedInfos "RelationshipAdoption_SharedInfos" [DIAL:03003D00];;RelationshipAdoption_FG1 [INFO:03003E7D] ('Mama! You're back!' in GRUP Topic Children of RelationshipAdoption_SharedInfos "RelationshipAdoption_SharedInfos" [DIAL:03003D00]);;;;
33570527;RelationshipAdoption_SharedInfos "RelationshipAdoption_SharedInfos" [DIAL:03003D00];;RelationshipAdoption_GamesDarkOut [INFO:03003EDF] ('Wha? But.... but it's dark out. Is it... really okay?' in GRUP Topic Children of RelationshipAdoption_SharedInfos "RelationshipAdoption_SharedInfos" [DIAL:03003D00]);;;;Let's play a game.
33570526;RelationshipAdoption_SharedInfos "RelationshipAdoption_SharedInfos" [DIAL:03003D00];;RelationshipAdoption_ThanksWow [INFO:03003EDE] ('Wha... seriously? No way... With this, I... I could buy everything in the market! Wow! Thanks!' in GRUP Topic Children of RelationshipAdoption_SharedInfos "RelationshipAdoption_SharedInfos" [DIAL:03003D00]);;;;
33570525;RelationshipAdoption_SharedInfos "RelationshipAdoption_SharedInfos" [DIAL:03003D00];;RelationshipAdoption_ThanksMed [INFO:03003EDD] ('Thanks!' in GRUP Topic Children of RelationshipAdoption_SharedInfos "RelationshipAdoption_SharedInfos" [DIAL:03003D00]);;;;
33570524;RelationshipAdoption_SharedInfos "RelationshipAdoption_SharedInfos" [DIAL:03003D00];;RelationshipAdoption_ThanksSmall [INFO:03003EDC] ('All right. Thanks.' in GRUP Topic Children of RelationshipAdoption_SharedInfos "RelationshipAdoption_SharedInfos" [DIAL:03003D00]);;;;
33570523;RelationshipAdoption_SharedInfos "RelationshipAdoption_SharedInfos" [DIAL:03003D00];;RelationshipAdoption_PickGameSure [INFO:03003EDB] ('Sure! What do you want to play?' in GRUP Topic Children of RelationshipAdoption_SharedInfos "RelationshipAdoption_SharedInfos" [DIAL:03003D00]);;;;
33570522;RelationshipAdoption_SharedInfos "RelationshipAdoption_SharedInfos" [DIAL:03003D00];;RelationshipAdoption_PickGame [INFO:03003EDA] ('What do you want to play?' in GRUP Topic Children of RelationshipAdoption_SharedInfos "RelationshipAdoption_SharedInfos" [DIAL:03003D00]);;;;
33570521;RelationshipAdoption_SharedInfos "RelationshipAdoption_SharedInfos" [DIAL:03003D00];;RelationshipAdoption_OrdersYea [INFO:03003ED9] ('You're the best! Thanks!' in GRUP Topic Children of RelationshipAdoption_SharedInfos "RelationshipAdoption_SharedInfos" [DIAL:03003D00]);;;;
33570520;RelationshipAdoption_SharedInfos "RelationshipAdoption_SharedInfos" [DIAL:03003D00];;RelationshipAdoption_OrdersRefuse [INFO:03003ED8] ('But I don't want to!' in GRUP Topic Children of RelationshipAdoption_SharedInfos "RelationshipAdoption_SharedInfos" [DIAL:03003D00]);;;;
33570519;RelationshipAdoption_SharedInfos "RelationshipAdoption_SharedInfos" [DIAL:03003D00];;RelationshipAdoption_OrdersNotDark [INFO:03003ED7] ('But it's not even dark yet!' in GRUP Topic Children of RelationshipAdoption_SharedInfos "RelationshipAdoption_SharedInfos" [DIAL:03003D00]);;;;
33570518;RelationshipAdoption_SharedInfos "RelationshipAdoption_SharedInfos" [DIAL:03003D00];;RelationshipAdoption_OrdersStayOut [INFO:03003ED6] ('Aww... come on. Just a few more minutes? Please?' in GRUP Topic Children of RelationshipAdoption_SharedInfos "RelationshipAdoption_SharedInfos" [DIAL:03003D00]);;;;
33570517;RelationshipAdoption_SharedInfos "RelationshipAdoption_SharedInfos" [DIAL:03003D00];;RelationshipAdoption_ThanksDad [INFO:03003ED5] ('Thanks, pa!' in GRUP Topic Children of RelationshipAdoption_SharedInfos "RelationshipAdoption_SharedInfos" [DIAL:03003D00]);;;;
33570516;RelationshipAdoption_SharedInfos "RelationshipAdoption_SharedInfos" [DIAL:03003D00];;RelationshipAdoption_YesDad [INFO:03003ED4] ('Yes, pa.' in GRUP Topic Children of RelationshipAdoption_SharedInfos "RelationshipAdoption_SharedInfos" [DIAL:03003D00]);;;;
33570515;RelationshipAdoption_SharedInfos "RelationshipAdoption_SharedInfos" [DIAL:03003D00];;RelationshipAdoption_ThanksMom [INFO:03003ED3] ('Thanks, ma!' in GRUP Topic Children of RelationshipAdoption_SharedInfos "RelationshipAdoption_SharedInfos" [DIAL:03003D00]);;;;
33570514;RelationshipAdoption_SharedInfos "RelationshipAdoption_SharedInfos" [DIAL:03003D00];;RelationshipAdoption_YesMom [INFO:03003ED2] ('Yes, ma.' in GRUP Topic Children of RelationshipAdoption_SharedInfos "RelationshipAdoption_SharedInfos" [DIAL:03003D00]);;;;
33570048;;RelationshipAdoption_SharedInfos "RelationshipAdoption_SharedInfos" [DIAL:03003D00];;RelationshipAdoption_SharedInfos;BYOHRelationshipAdoption [QUST:030042B4];;
33589122;RelationshipAdoption_Hellos [DIAL:03003CFF];;[INFO:03008782] ([R]'That big tree in the park looks so sad... I feel sorry for it.' in GRUP Topic Children of RelationshipAdoption_Hellos [DIAL:03003CFF]);;;;
33589121;RelationshipAdoption_Hellos [DIAL:03003CFF];;[INFO:03008781] ([R]'I like it here. The tree in the park is so pretty!' in GRUP Topic Children of RelationshipAdoption_Hellos [DIAL:03003CFF]);;;;
33589527;RelationshipAdoption_Hellos [DIAL:03003CFF];;[INFO:03008917] ([R]'I like living here. The lake is so pretty.' in GRUP Topic Children of RelationshipAdoption_Hellos [DIAL:03003CFF]);;;;
33589526;RelationshipAdoption_Hellos [DIAL:03003CFF];;[INFO:03008916] ([R]'I went fishing at the lake. I almost caught something!' in GRUP Topic Children of RelationshipAdoption_Hellos [DIAL:03003CFF]);;;;
33589525;RelationshipAdoption_Hellos [DIAL:03003CFF];;[INFO:03008915] ([R]'Did you really build this house all by yourself? Wow!' in GRUP Topic Children of RelationshipAdoption_Hellos [DIAL:03003CFF]);;;;
33570551;RelationshipAdoption_Hellos [DIAL:03003CFF];;[INFO:03003EF7] ([R]'Did you need something, mama?' in GRUP Topic Children of RelationshipAdoption_Hellos [DIAL:03003CFF]);;;;
33570552;RelationshipAdoption_Hellos [DIAL:03003CFF];;[INFO:03003EF8] ([R][RE]'You need something, ma?' in GRUP Topic Children of RelationshipAdoption_Hellos [DIAL:03003CFF]);;;;
33570550;RelationshipAdoption_Hellos [DIAL:03003CFF];;[INFO:03003EF6] ([R]'You need something, pa?' in GRUP Topic Children of RelationshipAdoption_Hellos [DIAL:03003CFF]);;;;
33570549;RelationshipAdoption_Hellos [DIAL:03003CFF];;[INFO:03003EF5] ([R]'Did you need something, papa?' in GRUP Topic Children of RelationshipAdoption_Hellos [DIAL:03003CFF]);;;;
33589531;RelationshipAdoption_Hellos [DIAL:03003CFF];;[INFO:0300891B] ([R][RE]'It's so c-c-cold here! If I play outside for too long, I'm going to freeze solid!' in GRUP Topic Children of RelationshipAdoption_Hellos [DIAL:03003CFF]);;;;
33589530;RelationshipAdoption_Hellos [DIAL:03003CFF];;[INFO:0300891A] ([R]'Look at all the snow! I want to go sledding! Or skating!' in GRUP Topic Children of RelationshipAdoption_Hellos [DIAL:03003CFF]);;;;
33589529;RelationshipAdoption_Hellos [DIAL:03003CFF];;[INFO:03008919] ([R]'This place is scary. There are monsters in the swamp. I just know it!' in GRUP Topic Children of RelationshipAdoption_Hellos [DIAL:03003CFF]);;;;
33589517;RelationshipAdoption_Hellos [DIAL:03003CFF];;[INFO:0300890D] ([R][SO]'Papa said we could go fishing! With my help, I'm sure he'll catch something this time!' in GRUP Topic Children of RelationshipAdoption_Hellos [DIAL:03003CFF]);;;;
33570545;RelationshipAdoption_Hellos [DIAL:03003CFF];;[INFO:03003EF1] ([R][SO]'Pa said he'd take me hunting soon. I can't wait! I bet I'll bring down a mammoth!' in GRUP Topic Children of RelationshipAdoption_Hellos [DIAL:03003CFF]);;;;
33570542;RelationshipAdoption_Hellos [DIAL:03003CFF];;[INFO:03003EEE] (in GRUP Topic Children of RelationshipAdoption_Hellos [DIAL:03003CFF]);;;;
33570541;RelationshipAdoption_Hellos [DIAL:03003CFF];;[INFO:03003EED] (in GRUP Topic Children of RelationshipAdoption_Hellos [DIAL:03003CFF]);;;;
33570540;RelationshipAdoption_Hellos [DIAL:03003CFF];;[INFO:03003EEC] (in GRUP Topic Children of RelationshipAdoption_Hellos [DIAL:03003CFF]);;;;
33570539;RelationshipAdoption_Hellos [DIAL:03003CFF];;[INFO:03003EEB] (in GRUP Topic Children of RelationshipAdoption_Hellos [DIAL:03003CFF]);;;;
33570548;RelationshipAdoption_Hellos [DIAL:03003CFF];;[INFO:03003EF4] ([R][SO]'Mama took me to the market! There were lot of pies and cakes there. She said she'd show me how to bake one!' in GRUP Topic Children of RelationshipAdoption_Hellos [DIAL:03003CFF]);;;;
33570543;RelationshipAdoption_Hellos [DIAL:03003CFF];;[INFO:03003EEF] ([R][SO]'Ma took me to the market. We saw this huge fish! I bet even you couldn't lift it!' in GRUP Topic Children of RelationshipAdoption_Hellos [DIAL:03003CFF]);;;;
33589519;RelationshipAdoption_Hellos [DIAL:03003CFF];;[INFO:0300890F] ([R]'The Palace looks so pretty. I wish they'd let me inside...' in GRUP Topic Children of RelationshipAdoption_Hellos [DIAL:03003CFF]);;;;
33589522;RelationshipAdoption_Hellos [DIAL:03003CFF];;[INFO:03008912] ([R]'I saw a Thalmor the other day. He was really scary!' in GRUP Topic Children of RelationshipAdoption_Hellos [DIAL:03003CFF]);;;;
33589523;RelationshipAdoption_Hellos [DIAL:03003CFF];;[INFO:03008913] ([R]'Rolff says I shouldn't go to the Grey Quarter anymore. He said it's not safe there.' in GRUP Topic Children of RelationshipAdoption_Hellos [DIAL:03003CFF]);;;;
33589109;RelationshipAdoption_Hellos [DIAL:03003CFF];;[INFO:03008775] ([R]'The Argonians at the docks say they can breathe underwater. I wish I could do that...' in GRUP Topic Children of RelationshipAdoption_Hellos [DIAL:03003CFF]);;;;
33589108;RelationshipAdoption_Hellos [DIAL:03003CFF];;[INFO:03008774] ([R]'I'm gonna join the Stormcloaks. They're the best!' in GRUP Topic Children of RelationshipAdoption_Hellos [DIAL:03003CFF]);;;;
33589107;RelationshipAdoption_Hellos [DIAL:03003CFF];;[INFO:03008773] ([R]'Grimvar said a boy used to live in that abandoned house, all alone, 'til the Dark Brotherhood came 'n got him. Scary, huh?' in GRUP Topic Children of RelationshipAdoption_Hellos [DIAL:03003CFF]);;;;
33589518;RelationshipAdoption_Hellos [DIAL:03003CFF];;[INFO:0300890E] ([R]'When I grow up, I wanna join the Legion!' in GRUP Topic Children of RelationshipAdoption_Hellos [DIAL:03003CFF]);;;;
33589521;RelationshipAdoption_Hellos [DIAL:03003CFF];;[INFO:03008911] ([R]'Do you think I could be a Bard? I really like singing.' in GRUP Topic Children of RelationshipAdoption_Hellos [DIAL:03003CFF]);;;;
33589113;RelationshipAdoption_Hellos [DIAL:03003CFF];;[INFO:03008779] ([R]'Aicantar let me see his museum. It's really nice.' in GRUP Topic Children of RelationshipAdoption_Hellos [DIAL:03003CFF]);;;;
33589112;RelationshipAdoption_Hellos [DIAL:03003CFF];;[INFO:03008778] ([R]'I hate Markarth. There's nowhere to play! It's all just rocks. Rocks rocks rocks.' in GRUP Topic Children of RelationshipAdoption_Hellos [DIAL:03003CFF]);;;;
33589111;RelationshipAdoption_Hellos [DIAL:03003CFF];;[INFO:03008777] ([R]'I climbed all the way up to the temple, but they said I wasn't old enough to get in. They're just mean.' in GRUP Topic Children of RelationshipAdoption_Hellos [DIAL:03003CFF]);;;;
33589110;RelationshipAdoption_Hellos [DIAL:03003CFF];;[INFO:03008776] ([R]'Banning said I could come play with his dogs. I want a dog.' in GRUP Topic Children of RelationshipAdoption_Hellos [DIAL:03003CFF]);;;;
33589119;RelationshipAdoption_Hellos [DIAL:03003CFF];;[INFO:0300877F] ([R]'I wanna go swimming, but the guards keep yelling at me. The canal's not that dirty...' in GRUP Topic Children of RelationshipAdoption_Hellos [DIAL:03003CFF]);;;;
33589118;RelationshipAdoption_Hellos [DIAL:03003CFF];;[INFO:0300877E] ([R]'Mister Brynjolf said he could teach me a lot of neat things when I'm older.' in GRUP Topic Children of RelationshipAdoption_Hellos [DIAL:03003CFF]);;;;
33589117;RelationshipAdoption_Hellos [DIAL:03003CFF];;[INFO:0300877D] ([R]'Maramal said I could visit the temple whenever I wanted.' in GRUP Topic Children of RelationshipAdoption_Hellos [DIAL:03003CFF]);;;;
33589115;RelationshipAdoption_Hellos [DIAL:03003CFF];;[INFO:0300877B] ([R]'Mister Brynjolf gave me an apple, Papa! He seems nice.' in GRUP Topic Children of RelationshipAdoption_Hellos [DIAL:03003CFF]);;;;
33589116;RelationshipAdoption_Hellos [DIAL:03003CFF];;[INFO:0300877C] ([R]'There are lots of scary people here, Mama. Promise you'll keep me safe?' in GRUP Topic Children of RelationshipAdoption_Hellos [DIAL:03003CFF]);;;;
33589126;RelationshipAdoption_Hellos [DIAL:03003CFF];;[INFO:03008786] ([R]'Dragonsreach is so cool! All the kids there are mean, though.' in GRUP Topic Children of RelationshipAdoption_Hellos [DIAL:03003CFF]);;;;
33589125;RelationshipAdoption_Hellos [DIAL:03003CFF];;[INFO:03008785] ([R]'Lars is such a milk-drinker. He can't even stand up to a girl.' in GRUP Topic Children of RelationshipAdoption_Hellos [DIAL:03003CFF]);;;;
33589124;RelationshipAdoption_Hellos [DIAL:03003CFF];;[INFO:03008784] ([R]'I played with Lucia in the park today. I feel sorry for her.' in GRUP Topic Children of RelationshipAdoption_Hellos [DIAL:03003CFF]);;;;
33589123;RelationshipAdoption_Hellos [DIAL:03003CFF];;[INFO:03008783] ([R]'Braith is a big meanie. She keeps telling Lars 'n me what to do. I don't wanna play with her anymore.' in GRUP Topic Children of RelationshipAdoption_Hellos [DIAL:03003CFF]);;;;
33570047;;RelationshipAdoption_Hellos [DIAL:03003CFF];;;BYOHRelationshipAdoption [QUST:030042B4];;
33581420;BYOHHouseBuildingBuyLumberTopic "I'd like to buy some lumber." [DIAL:03002FF6];;[INFO:0300696C] (in GRUP Topic Children of BYOHHouseBuildingBuyLumberTopic "I'd like to buy some lumber." [DIAL:03002FF6]);;;BYOH_TIF__0100696C;
33566725;BYOHHouseBuildingBuyLumberTopic "I'd like to buy some lumber." [DIAL:03002FF6];;[INFO:03003005] (in GRUP Topic Children of BYOHHouseBuildingBuyLumberTopic "I'd like to buy some lumber." [DIAL:03002FF6]);;;BYOH_TIF__01003005;
33566710;;BYOHHouseBuildingBuyLumberTopic "I'd like to buy some lumber." [DIAL:03002FF6];;I'd like to buy some lumber.;BYOHHouseBuilding [QUST:0300305D];;
33566723;BYOHHouseBuildingBuyLumberYes "I'll take <Global=BYOHHPAmountLogs> logs (<Global=BYOHHPCostLogs> gold)." [DIAL:03002FF5];;[INFO:03003003] (in GRUP Topic Children of BYOHHouseBuildingBuyLumberYes "I'll take <Global=BYOHHPAmountLogs> logs (<Global=BYOHHPCostLogs> gold)." [DIAL:03002FF5]);;;;
33581419;BYOHHouseBuildingBuyLumberYes "I'll take <Global=BYOHHPAmountLogs> logs (<Global=BYOHHPCostLogs> gold)." [DIAL:03002FF5];;[INFO:0300696B] (in GRUP Topic Children of BYOHHouseBuildingBuyLumberYes "I'll take <Global=BYOHHPAmountLogs> logs (<Global=BYOHHPCostLogs> gold)." [DIAL:03002FF5]);;;BYOH_TIF__0100696B;
33566722;BYOHHouseBuildingBuyLumberYes "I'll take <Global=BYOHHPAmountLogs> logs (<Global=BYOHHPCostLogs> gold)." [DIAL:03002FF5];;[INFO:03003002] (in GRUP Topic Children of BYOHHouseBuildingBuyLumberYes "I'll take <Global=BYOHHPAmountLogs> logs (<Global=BYOHHPCostLogs> gold)." [DIAL:03002FF5]);;;BYOH_TIF__01003002;
33566709;;BYOHHouseBuildingBuyLumberYes "I'll take <Global=BYOHHPAmountLogs> logs (<Global=BYOHHPCostLogs> gold)." [DIAL:03002FF5];;I'll take <Global=BYOHHPAmountLogs> logs (<Global=BYOHHPCostLogs> gold).;BYOHHouseBuilding [QUST:0300305D];;
33581430;BYOHHouseBuildingBuyLumberFriend "Can I just cut the lumber myself?" [DIAL:03002FF4];;[INFO:03006976] (in GRUP Topic Children of BYOHHouseBuildingBuyLumberFriend "Can I just cut the lumber myself?" [DIAL:03002FF4]);;;;
33581429;BYOHHouseBuildingBuyLumberFriend "Can I just cut the lumber myself?" [DIAL:03002FF4];;[INFO:03006975] (in GRUP Topic Children of BYOHHouseBuildingBuyLumberFriend "Can I just cut the lumber myself?" [DIAL:03002FF4]);;;BYOH_TIF__01006975;
33581428;BYOHHouseBuildingBuyLumberFriend "Can I just cut the lumber myself?" [DIAL:03002FF4];;[INFO:03006974] (in GRUP Topic Children of BYOHHouseBuildingBuyLumberFriend "Can I just cut the lumber myself?" [DIAL:03002FF4]);;;BYOH_TIF__01006974;
33566718;BYOHHouseBuildingBuyLumberFriend "Can I just cut the lumber myself?" [DIAL:03002FF4];;[INFO:03002FFE] (in GRUP Topic Children of BYOHHouseBuildingBuyLumberFriend "Can I just cut the lumber myself?" [DIAL:03002FF4]);;;;
33566717;BYOHHouseBuildingBuyLumberFriend "Can I just cut the lumber myself?" [DIAL:03002FF4];;[INFO:03002FFD] (in GRUP Topic Children of BYOHHouseBuildingBuyLumberFriend "Can I just cut the lumber myself?" [DIAL:03002FF4]);;;BYOH_TIF__01002FFD;
33566716;BYOHHouseBuildingBuyLumberFriend "Can I just cut the lumber myself?" [DIAL:03002FF4];;[INFO:03002FFC] (in GRUP Topic Children of BYOHHouseBuildingBuyLumberFriend "Can I just cut the lumber myself?" [DIAL:03002FF4]);;;BYOH_TIF__01002FFC;
33566708;;BYOHHouseBuildingBuyLumberFriend "Can I just cut the lumber myself?" [DIAL:03002FF4];;Can I just cut the lumber myself?;BYOHHouseBuilding [QUST:0300305D];;
33581425;BYOHHouseBuildingBuyLumberNeverMind "Never mind." [DIAL:03002FF3];;[INFO:03006971] (in GRUP Topic Children of BYOHHouseBuildingBuyLumberNeverMind "Never mind." [DIAL:03002FF3]);;;;
33566731;BYOHHouseBuildingBuyLumberNeverMind "Never mind." [DIAL:03002FF3];;[INFO:0300300B] (in GRUP Topic Children of BYOHHouseBuildingBuyLumberNeverMind "Never mind." [DIAL:03002FF3]);;;;
33566707;;BYOHHouseBuildingBuyLumberNeverMind "Never mind." [DIAL:03002FF3];;Never mind.;BYOHHouseBuilding [QUST:0300305D];;
33566729;BYOHHouseFalkreathPurchaseTopic "I'd like to purchase a house." [DIAL:03002FF2];;[INFO:03003009] ('Yes. It's a fine property. Well-watered, plentiful stands of timber, beautiful view.' in GRUP Topic Children of BYOHHouseFalkreathPurchaseTopic "I'd like to purchase a house." [DIAL:03002FF2]);;;BYOH_TIF__01003009;Is that land you mentioned still available?
33566728;BYOHHouseFalkreathPurchaseTopic "I'd like to purchase a house." [DIAL:03002FF2];;[INFO:03003008] ([SO]'There's no house available, but I could sell you a fine piece of land where you could build your own house.' in GRUP Topic Children of BYOHHouseFalkreathPurchaseTopic "I'd like to purchase a house." [DIAL:03002FF2]);;;BYOH_TIF__01003008;
33566727;BYOHHouseFalkreathPurchaseTopic "I'd like to purchase a house." [DIAL:03002FF2];;[INFO:03003007] ([SO]'Ah, excellent. The Jarl was hoping you would be interested.' in GRUP Topic Children of BYOHHouseFalkreathPurchaseTopic "I'd like to purchase a house." [DIAL:03002FF2]);;;BYOH_TIF__01003007;I got your letter about the land for sale. Is it still available?
33566706;;BYOHHouseFalkreathPurchaseTopic "I'd like to purchase a house." [DIAL:03002FF2];;I'd like to purchase a house.;BYOHHouseFalkreath [QUST:0300305E];;
33566720;BYOHHouseFalkreathPurchaseYes "I'll take it. (<Global=BYOHHPCost> gold)" [DIAL:03002FF1];;[INFO:03003000] ('You won't regret it. Here's the title to your steading.' in GRUP Topic Children of BYOHHouseFalkreathPurchaseYes "I'll take it. (<Global=BYOHHPCost> gold)" [DIAL:03002FF1]);;;BYOH_TIF__01003000;
33566705;;BYOHHouseFalkreathPurchaseYes "I'll take it. (<Global=BYOHHPCost> gold)" [DIAL:03002FF1];;I'll take it. (<Global=BYOHHPCost> gold);BYOHHouseFalkreath [QUST:0300305E];;
33566715;BYOHHouseFalkreathPurchaseNoMoney "I'm a bit short of money right now. (<Global=BYOHHPCost> gold)" [DIAL:03002FF0];;[INFO:03002FFB] ('Ah, I see. Well, it's possible that the property will still be available when you amass the necessary funds.' in GRUP Topic Children of BYOHHouseFalkreathPurchaseNoMoney "I'm a bit short of money right now. (<Global=BYOHHPCost> gold)" [DIAL:03002FF0]);;;;
33566704;;BYOHHouseFalkreathPurchaseNoMoney "I'm a bit short of money right now. (<Global=BYOHHPCost> gold)" [DIAL:03002FF0];;I'm a bit short of money right now. (<Global=BYOHHPCost> gold);BYOHHouseFalkreath [QUST:0300305E];;
33566713;BYOHHouseFalkreathPurchaseNotNow "I'll have to think about it." [DIAL:03002FEF];;[INFO:03002FF9] ('As you wish.' in GRUP Topic Children of BYOHHouseFalkreathPurchaseNotNow "I'll have to think about it." [DIAL:03002FEF]);;;;
33566703;;BYOHHouseFalkreathPurchaseNotNow "I'll have to think about it." [DIAL:03002FEF];;I'll have to think about it.;BYOHHouseFalkreath [QUST:0300305E];;
33566711;BYOHHouseStewardOfferBranchTopic "What did you need?" [DIAL:03002FEE];;[INFO:03002FF7] ('A fine steading like this needs a good steward. I'd be happy to take on that position, if you'd like.' in GRUP Topic Children of BYOHHouseStewardOfferBranchTopic "What did you need?" [DIAL:03002FEE]);;;;
33566702;;BYOHHouseStewardOfferBranchTopic "What did you need?" [DIAL:03002FEE];;What did you need?;BYOHHouseStewardOffer [QUST:0300308B];;
33566730;BYOHHouseStewardOfferYes "I'd be honored to have you as my steward." [DIAL:03002FED];;[INFO:0300300A] ([G]'Thank you! Let me know if you have anything you need from me. I'm at your service.' in GRUP Topic Children of BYOHHouseStewardOfferYes "I'd be honored to have you as my steward." [DIAL:03002FED]);;;BYOH_TIF__0100300A;
33566701;;BYOHHouseStewardOfferYes "I'd be honored to have you as my steward." [DIAL:03002FED];;I'd be honored to have you as my steward.;BYOHHouseStewardOffer [QUST:0300308B];;
33566726;BYOHHouseStewardOfferNo "I'll have to think about it." [DIAL:03002FEB];;[INFO:03003006] ([G]'Of course. I didn't mean to meddle in your private affairs.' in GRUP Topic Children of BYOHHouseStewardOfferNo "I'll have to think about it." [DIAL:03002FEB]);;;BYOH_TIF__01003006;
33566699;;BYOHHouseStewardOfferNo "I'll have to think about it." [DIAL:03002FEB];;I'll have to think about it.;BYOHHouseStewardOffer [QUST:0300308B];;
33643783;BYOHHouseHireStewardTopic "I need a steward for my house. Are you interested?" [DIAL:03002FE9];;[INFO:03015D07] (in GRUP Topic Children of BYOHHouseHireStewardTopic "I need a steward for my house. Are you interested?" [DIAL:03002FE9]);;;BYOH_TIF__01015D07;
33603077;BYOHHouseHireStewardTopic "I need a steward for my house. Are you interested?" [DIAL:03002FE9];;[INFO:0300BE05] (in GRUP Topic Children of BYOHHouseHireStewardTopic "I need a steward for my house. Are you interested?" [DIAL:03002FE9]);;;BYOH_TIF__0100BE05;
33566724;BYOHHouseHireStewardTopic "I need a steward for my house. Are you interested?" [DIAL:03002FE9];;[INFO:03003004] (in GRUP Topic Children of BYOHHouseHireStewardTopic "I need a steward for my house. Are you interested?" [DIAL:03002FE9]);;;BYOH_TIF__01003004;
33566697;;BYOHHouseHireStewardTopic "I need a steward for my house. Are you interested?" [DIAL:03002FE9];;I need a steward for my house. Are you interested?;BYOHHouseBuilding [QUST:0300305D];;
33643785;BYOHHouseStewardUpgradeTopic "I'd like you to make some improvements to the house." [DIAL:03002FE8];;[INFO:03015D09] (in GRUP Topic Children of BYOHHouseStewardUpgradeTopic "I'd like you to make some improvements to the house." [DIAL:03002FE8]);;;;
33643784;BYOHHouseStewardUpgradeTopic "I'd like you to make some improvements to the house." [DIAL:03002FE8];;[INFO:03015D08] (in GRUP Topic Children of BYOHHouseStewardUpgradeTopic "I'd like you to make some improvements to the house." [DIAL:03002FE8]);;;;
33566721;BYOHHouseStewardUpgradeTopic "I'd like you to make some improvements to the house." [DIAL:03002FE8];;[INFO:03003001] (in GRUP Topic Children of BYOHHouseStewardUpgradeTopic "I'd like you to make some improvements to the house." [DIAL:03002FE8]);;;;
33566696;;BYOHHouseStewardUpgradeTopic "I'd like you to make some improvements to the house." [DIAL:03002FE8];;I'd like you to make some improvements to the house.;BYOHHouseBuilding [QUST:0300305D];;
33650841;BYOHHouseStewardUpgradeCow "Cow. (<Global=BYOHHPCostCow> gold)" [DIAL:03002FE6];;[INFO:03017899] (in GRUP Topic Children of BYOHHouseStewardUpgradeCow "Cow. (<Global=BYOHHPCostCow> gold)" [DIAL:03002FE6]);;;;
33650840;BYOHHouseStewardUpgradeCow "Cow. (<Global=BYOHHPCostCow> gold)" [DIAL:03002FE6];;[INFO:03017898] (in GRUP Topic Children of BYOHHouseStewardUpgradeCow "Cow. (<Global=BYOHHPCostCow> gold)" [DIAL:03002FE6]);;;;
33650839;BYOHHouseStewardUpgradeCow "Cow. (<Global=BYOHHPCostCow> gold)" [DIAL:03002FE6];;[INFO:03017897] (in GRUP Topic Children of BYOHHouseStewardUpgradeCow "Cow. (<Global=BYOHHPCostCow> gold)" [DIAL:03002FE6]);;;BYOH_TIF__01017897;
33650838;BYOHHouseStewardUpgradeCow "Cow. (<Global=BYOHHPCostCow> gold)" [DIAL:03002FE6];;[INFO:03017896] (in GRUP Topic Children of BYOHHouseStewardUpgradeCow "Cow. (<Global=BYOHHPCostCow> gold)" [DIAL:03002FE6]);;;;
33650837;BYOHHouseStewardUpgradeCow "Cow. (<Global=BYOHHPCostCow> gold)" [DIAL:03002FE6];;[INFO:03017895] (in GRUP Topic Children of BYOHHouseStewardUpgradeCow "Cow. (<Global=BYOHHPCostCow> gold)" [DIAL:03002FE6]);;;;
33650836;BYOHHouseStewardUpgradeCow "Cow. (<Global=BYOHHPCostCow> gold)" [DIAL:03002FE6];;[INFO:03017894] (in GRUP Topic Children of BYOHHouseStewardUpgradeCow "Cow. (<Global=BYOHHPCostCow> gold)" [DIAL:03002FE6]);;;BYOH_TIF__01017894;
33618339;BYOHHouseStewardUpgradeCow "Cow. (<Global=BYOHHPCostCow> gold)" [DIAL:03002FE6];;[INFO:0300F9A3] (in GRUP Topic Children of BYOHHouseStewardUpgradeCow "Cow. (<Global=BYOHHPCostCow> gold)" [DIAL:03002FE6]);;;;
33592576;BYOHHouseStewardUpgradeCow "Cow. (<Global=BYOHHPCostCow> gold)" [DIAL:03002FE6];;[INFO:03009500] (in GRUP Topic Children of BYOHHouseStewardUpgradeCow "Cow. (<Global=BYOHHPCostCow> gold)" [DIAL:03002FE6]);;;;
33566714;BYOHHouseStewardUpgradeCow "Cow. (<Global=BYOHHPCostCow> gold)" [DIAL:03002FE6];;[INFO:03002FFA] (in GRUP Topic Children of BYOHHouseStewardUpgradeCow "Cow. (<Global=BYOHHPCostCow> gold)" [DIAL:03002FE6]);;;BYOH_TIF__01002FFA;
33566694;;BYOHHouseStewardUpgradeCow "Cow. (<Global=BYOHHPCostCow> gold)" [DIAL:03002FE6];;Cow. (<Global=BYOHHPCostCow> gold);BYOHHouseBuilding [QUST:0300305D];;
33650857;BYOHHouseStewardUpgradeCarriage "Carriage. (<Global=BYOHHPCostCarriage> gold)" [DIAL:03002FE5];;[INFO:030178A9] (in GRUP Topic Children of BYOHHouseStewardUpgradeCarriage "Carriage. (<Global=BYOHHPCostCarriage> gold)" [DIAL:03002FE5]);;;;
33650856;BYOHHouseStewardUpgradeCarriage "Carriage. (<Global=BYOHHPCostCarriage> gold)" [DIAL:03002FE5];;[INFO:030178A8] (in GRUP Topic Children of BYOHHouseStewardUpgradeCarriage "Carriage. (<Global=BYOHHPCostCarriage> gold)" [DIAL:03002FE5]);;;BYOH_TIF__010178A8;
33650855;BYOHHouseStewardUpgradeCarriage "Carriage. (<Global=BYOHHPCostCarriage> gold)" [DIAL:03002FE5];;[INFO:030178A7] (in GRUP Topic Children of BYOHHouseStewardUpgradeCarriage "Carriage. (<Global=BYOHHPCostCarriage> gold)" [DIAL:03002FE5]);;;;
33650854;BYOHHouseStewardUpgradeCarriage "Carriage. (<Global=BYOHHPCostCarriage> gold)" [DIAL:03002FE5];;[INFO:030178A6] (in GRUP Topic Children of BYOHHouseStewardUpgradeCarriage "Carriage. (<Global=BYOHHPCostCarriage> gold)" [DIAL:03002FE5]);;;BYOH_TIF__010178A6;
33592578;BYOHHouseStewardUpgradeCarriage "Carriage. (<Global=BYOHHPCostCarriage> gold)" [DIAL:03002FE5];;[INFO:03009502] (in GRUP Topic Children of BYOHHouseStewardUpgradeCarriage "Carriage. (<Global=BYOHHPCostCarriage> gold)" [DIAL:03002FE5]);;;;
33566712;BYOHHouseStewardUpgradeCarriage "Carriage. (<Global=BYOHHPCostCarriage> gold)" [DIAL:03002FE5];;[INFO:03002FF8] (in GRUP Topic Children of BYOHHouseStewardUpgradeCarriage "Carriage. (<Global=BYOHHPCostCarriage> gold)" [DIAL:03002FE5]);;;BYOH_TIF__01002FF8;
33566693;;BYOHHouseStewardUpgradeCarriage "Carriage. (<Global=BYOHHPCostCarriage> gold)" [DIAL:03002FE5];;Carriage. (<Global=BYOHHPCostCarriage> gold);BYOHHouseBuilding [QUST:0300305D];;
33570406;RelationshipAdoption_FGAllowanceTopic [DIAL:03002D96];;[INFO:03003E66] ([R]'Could I get a few gold to spend? Please?' in GRUP Topic Children of RelationshipAdoption_FGAllowanceTopic [DIAL:03002D96]);;;BYOH_TIF__01003E66;
33570405;RelationshipAdoption_FGAllowanceTopic [DIAL:03002D96];;[INFO:03003E65] ([R]'Could you give me an allowance?' in GRUP Topic Children of RelationshipAdoption_FGAllowanceTopic [DIAL:03002D96]);;;BYOH_TIF__01003E65;
33566102;;RelationshipAdoption_FGAllowanceTopic [DIAL:03002D96];;;BYOHRelationshipAdoption [QUST:030042B4];;
33570412;RelationshipAdoption_FGGiveGiftTopic "RelationshipAdoption_FGReceiveGiftTopic" [DIAL:03002D95];;[INFO:03003E6C] ([G][R][RE]'Look what I found! Here, take it!' in GRUP Topic Children of RelationshipAdoption_FGGiveGiftTopic "RelationshipAdoption_FGReceiveGiftTopic" [DIAL:03002D95]);;;BYOH_TIF__01003E6C;
33570411;RelationshipAdoption_FGGiveGiftTopic "RelationshipAdoption_FGReceiveGiftTopic" [DIAL:03002D95];;[INFO:03003E6B] ([G][R]'Hey, I got you something. Hope you like it!' in GRUP Topic Children of RelationshipAdoption_FGGiveGiftTopic "RelationshipAdoption_FGReceiveGiftTopic" [DIAL:03002D95]);;;BYOH_TIF__01003E6B;
33570409;RelationshipAdoption_FGGiveGiftTopic "RelationshipAdoption_FGReceiveGiftTopic" [DIAL:03002D95];;[INFO:03003E69] ([G][R]'Hey, Pa, I got you something! I hope you like it!' in GRUP Topic Children of RelationshipAdoption_FGGiveGiftTopic "RelationshipAdoption_FGReceiveGiftTopic" [DIAL:03002D95]);;;BYOH_TIF__01003E69;
33570410;RelationshipAdoption_FGGiveGiftTopic "RelationshipAdoption_FGReceiveGiftTopic" [DIAL:03002D95];;[INFO:03003E6A] ([G][R]'I got you a present, Ma! I hope you like it!' in GRUP Topic Children of RelationshipAdoption_FGGiveGiftTopic "RelationshipAdoption_FGReceiveGiftTopic" [DIAL:03002D95]);;;BYOH_TIF__01003E6A;
33570408;RelationshipAdoption_FGGiveGiftTopic "RelationshipAdoption_FGReceiveGiftTopic" [DIAL:03002D95];;[INFO:03003E68] ([G][R]'I got you a present, Papa! I hope you like it!' in GRUP Topic Children of RelationshipAdoption_FGGiveGiftTopic "RelationshipAdoption_FGReceiveGiftTopic" [DIAL:03002D95]);;;BYOH_TIF__01003E68;
33570407;RelationshipAdoption_FGGiveGiftTopic "RelationshipAdoption_FGReceiveGiftTopic" [DIAL:03002D95];;[INFO:03003E67] ([G][R]'I got you a present, Mama! I hope you like it!' in GRUP Topic Children of RelationshipAdoption_FGGiveGiftTopic "RelationshipAdoption_FGReceiveGiftTopic" [DIAL:03002D95]);;;BYOH_TIF__01003E67;
33566115;RelationshipAdoption_FGGiveGiftTopic "RelationshipAdoption_FGReceiveGiftTopic" [DIAL:03002D95];;[INFO:03002DA3] ([G][R]'I found something for you. It... sounds like things have been bad lately, so... I hope this cheers you up.' in GRUP Topic Children of RelationshipAdoption_FGGiveGiftTopic "RelationshipAdoption_FGReceiveGiftTopic" [DIAL:03002D95]);;;BYOH_TIF__01002DA3;
33570413;RelationshipAdoption_FGGiveGiftTopic "RelationshipAdoption_FGReceiveGiftTopic" [DIAL:03002D95];;[INFO:03003E6D] ([G][R]'I know we don't have much money, but I... I wanted to get you something. It's not much, but...' in GRUP Topic Children of RelationshipAdoption_FGGiveGiftTopic "RelationshipAdoption_FGReceiveGiftTopic" [DIAL:03002D95]);;;BYOH_TIF__01003E6D;
33566101;;RelationshipAdoption_FGGiveGiftTopic "RelationshipAdoption_FGReceiveGiftTopic" [DIAL:03002D95];;RelationshipAdoption_FGReceiveGiftTopic;BYOHRelationshipAdoption [QUST:030042B4];;
33566111;RelationshipAdoption_Allowance000 "RelationshipAdoption000" [DIAL:03002D94];;[INFO:03002D9F] ([G]'I understand. ...Sorry.' in GRUP Topic Children of RelationshipAdoption_Allowance000 "RelationshipAdoption000" [DIAL:03002D94]);;;BYOH_TIF__01002D9F;Sorry, I can't afford it right now.
33566100;;RelationshipAdoption_Allowance000 "RelationshipAdoption000" [DIAL:03002D94];;RelationshipAdoption000;BYOHRelationshipAdoption [QUST:030042B4];;
33636639;RelationshipAdoption_FGAllowanceIntro [DIAL:03002D93];;[INFO:0301411F] ([R][RE] in GRUP Topic Children of RelationshipAdoption_FGAllowanceIntro [DIAL:03002D93]);;;;
33636638;RelationshipAdoption_FGAllowanceIntro [DIAL:03002D93];;[INFO:0301411E] ([R] in GRUP Topic Children of RelationshipAdoption_FGAllowanceIntro [DIAL:03002D93]);;;;
33636637;RelationshipAdoption_FGAllowanceIntro [DIAL:03002D93];;[INFO:0301411D] ([R] in GRUP Topic Children of RelationshipAdoption_FGAllowanceIntro [DIAL:03002D93]);;;;
33636636;RelationshipAdoption_FGAllowanceIntro [DIAL:03002D93];;[INFO:0301411C] ([R] in GRUP Topic Children of RelationshipAdoption_FGAllowanceIntro [DIAL:03002D93]);;;;
33636635;RelationshipAdoption_FGAllowanceIntro [DIAL:03002D93];;[INFO:0301411B] ([R] in GRUP Topic Children of RelationshipAdoption_FGAllowanceIntro [DIAL:03002D93]);;;;
33636634;RelationshipAdoption_FGAllowanceIntro [DIAL:03002D93];;[INFO:0301411A] ([R] in GRUP Topic Children of RelationshipAdoption_FGAllowanceIntro [DIAL:03002D93]);;;;
33636633;RelationshipAdoption_FGAllowanceIntro [DIAL:03002D93];;[INFO:03014119] ([R] in GRUP Topic Children of RelationshipAdoption_FGAllowanceIntro [DIAL:03002D93]);;;;
33636632;RelationshipAdoption_FGAllowanceIntro [DIAL:03002D93];;[INFO:03014118] ([R] in GRUP Topic Children of RelationshipAdoption_FGAllowanceIntro [DIAL:03002D93]);;;;
33636631;RelationshipAdoption_FGAllowanceIntro [DIAL:03002D93];;[INFO:03014117] ([R] in GRUP Topic Children of RelationshipAdoption_FGAllowanceIntro [DIAL:03002D93]);;;;
33636630;RelationshipAdoption_FGAllowanceIntro [DIAL:03002D93];;[INFO:03014116] ([R] in GRUP Topic Children of RelationshipAdoption_FGAllowanceIntro [DIAL:03002D93]);;;;
33566099;;RelationshipAdoption_FGAllowanceIntro [DIAL:03002D93];;;BYOHRelationshipAdoption [QUST:030042B4];;
33587006;RelationshipAdoption_FGGiveGiftIntro [DIAL:03002D91];;[INFO:03007F3E] ([R][RE] in GRUP Topic Children of RelationshipAdoption_FGGiveGiftIntro [DIAL:03002D91]);;;;
33587005;RelationshipAdoption_FGGiveGiftIntro [DIAL:03002D91];;[INFO:03007F3D] ([R] in GRUP Topic Children of RelationshipAdoption_FGGiveGiftIntro [DIAL:03002D91]);;;;
33587004;RelationshipAdoption_FGGiveGiftIntro [DIAL:03002D91];;[INFO:03007F3C] ([R] in GRUP Topic Children of RelationshipAdoption_FGGiveGiftIntro [DIAL:03002D91]);;;;
33587003;RelationshipAdoption_FGGiveGiftIntro [DIAL:03002D91];;[INFO:03007F3B] ([R] in GRUP Topic Children of RelationshipAdoption_FGGiveGiftIntro [DIAL:03002D91]);;;;
33587002;RelationshipAdoption_FGGiveGiftIntro [DIAL:03002D91];;[INFO:03007F3A] ([R] in GRUP Topic Children of RelationshipAdoption_FGGiveGiftIntro [DIAL:03002D91]);;;;
33587001;RelationshipAdoption_FGGiveGiftIntro [DIAL:03002D91];;[INFO:03007F39] ([R] in GRUP Topic Children of RelationshipAdoption_FGGiveGiftIntro [DIAL:03002D91]);;;;
33587000;RelationshipAdoption_FGGiveGiftIntro [DIAL:03002D91];;[INFO:03007F38] ([R] in GRUP Topic Children of RelationshipAdoption_FGGiveGiftIntro [DIAL:03002D91]);;;;
33586999;RelationshipAdoption_FGGiveGiftIntro [DIAL:03002D91];;[INFO:03007F37] ([R] in GRUP Topic Children of RelationshipAdoption_FGGiveGiftIntro [DIAL:03002D91]);;;;
33586998;RelationshipAdoption_FGGiveGiftIntro [DIAL:03002D91];;[INFO:03007F36] ([R] in GRUP Topic Children of RelationshipAdoption_FGGiveGiftIntro [DIAL:03002D91]);;;;
33586997;RelationshipAdoption_FGGiveGiftIntro [DIAL:03002D91];;[INFO:03007F35] ([R] in GRUP Topic Children of RelationshipAdoption_FGGiveGiftIntro [DIAL:03002D91]);;;;
33566097;;RelationshipAdoption_FGGiveGiftIntro [DIAL:03002D91];;;BYOHRelationshipAdoption [QUST:030042B4];;
33557807;RelationshipMarriageWeddingCCHouseTopic01 "We could live in Tundra Homestead." [DIAL:03000C58];;[INFO:03000D2F] ([G] in GRUP Topic Children of RelationshipMarriageWeddingCCHouseTopic01 "We could live in Tundra Homestead." [DIAL:03000C58]);;;TIF__02000D2F;
33557806;RelationshipMarriageWeddingCCHouseTopic01 "We could live in Tundra Homestead." [DIAL:03000C58];;[INFO:03000D2E] ([G] in GRUP Topic Children of RelationshipMarriageWeddingCCHouseTopic01 "We could live in Tundra Homestead." [DIAL:03000C58]);;;TIF__02000D2E;
33557805;RelationshipMarriageWeddingCCHouseTopic01 "We could live in Tundra Homestead." [DIAL:03000C58];;[INFO:03000D2D] ([G] in GRUP Topic Children of RelationshipMarriageWeddingCCHouseTopic01 "We could live in Tundra Homestead." [DIAL:03000C58]);;;TIF__02000D2D;
33557804;RelationshipMarriageWeddingCCHouseTopic01 "We could live in Tundra Homestead." [DIAL:03000C58];;[INFO:03000D2C] ([G] in GRUP Topic Children of RelationshipMarriageWeddingCCHouseTopic01 "We could live in Tundra Homestead." [DIAL:03000C58]);;;TIF__02000D2C;
33557803;RelationshipMarriageWeddingCCHouseTopic01 "We could live in Tundra Homestead." [DIAL:03000C58];;[INFO:03000D2B] ([G] in GRUP Topic Children of RelationshipMarriageWeddingCCHouseTopic01 "We could live in Tundra Homestead." [DIAL:03000C58]);;;TIF__02000D2B;
33557802;RelationshipMarriageWeddingCCHouseTopic01 "We could live in Tundra Homestead." [DIAL:03000C58];;[INFO:03000D2A] ([G] in GRUP Topic Children of RelationshipMarriageWeddingCCHouseTopic01 "We could live in Tundra Homestead." [DIAL:03000C58]);;;TIF__02000D2A;
33557801;RelationshipMarriageWeddingCCHouseTopic01 "We could live in Tundra Homestead." [DIAL:03000C58];;[INFO:03000D29] ([G] in GRUP Topic Children of RelationshipMarriageWeddingCCHouseTopic01 "We could live in Tundra Homestead." [DIAL:03000C58]);;;TIF__02000D29;
33557592;;RelationshipMarriageWeddingCCHouseTopic01 "We could live in Tundra Homestead." [DIAL:03000C58];;We could live in Tundra Homestead.;RelationshipMarriageFIN [QUST:00021382];;
33557761;RelationshipMarriageWeddingCCHouseTopic02 "We could live in Myrwatch." [DIAL:03000C57];;[INFO:03000D01] ([G] in GRUP Topic Children of RelationshipMarriageWeddingCCHouseTopic02 "We could live in Myrwatch." [DIAL:03000C57]);;;TIF__02000D01;
33557760;RelationshipMarriageWeddingCCHouseTopic02 "We could live in Myrwatch." [DIAL:03000C57];;[INFO:03000D00] ([G] in GRUP Topic Children of RelationshipMarriageWeddingCCHouseTopic02 "We could live in Myrwatch." [DIAL:03000C57]);;;TIF__02000D00;
33557759;RelationshipMarriageWeddingCCHouseTopic02 "We could live in Myrwatch." [DIAL:03000C57];;[INFO:03000CFF] ([G] in GRUP Topic Children of RelationshipMarriageWeddingCCHouseTopic02 "We could live in Myrwatch." [DIAL:03000C57]);;;TIF__02000CFF;
33557758;RelationshipMarriageWeddingCCHouseTopic02 "We could live in Myrwatch." [DIAL:03000C57];;[INFO:03000CFE] ([G] in GRUP Topic Children of RelationshipMarriageWeddingCCHouseTopic02 "We could live in Myrwatch." [DIAL:03000C57]);;;TIF__02000CFE;
33557757;RelationshipMarriageWeddingCCHouseTopic02 "We could live in Myrwatch." [DIAL:03000C57];;[INFO:03000CFD] ([G] in GRUP Topic Children of RelationshipMarriageWeddingCCHouseTopic02 "We could live in Myrwatch." [DIAL:03000C57]);;;TIF__02000CFD;
33557756;RelationshipMarriageWeddingCCHouseTopic02 "We could live in Myrwatch." [DIAL:03000C57];;[INFO:03000CFC] ([G] in GRUP Topic Children of RelationshipMarriageWeddingCCHouseTopic02 "We could live in Myrwatch." [DIAL:03000C57]);;;TIF__02000CFC;
33557755;RelationshipMarriageWeddingCCHouseTopic02 "We could live in Myrwatch." [DIAL:03000C57];;[INFO:03000CFB] ([G] in GRUP Topic Children of RelationshipMarriageWeddingCCHouseTopic02 "We could live in Myrwatch." [DIAL:03000C57]);;;TIF__02000CFB;
33557591;;RelationshipMarriageWeddingCCHouseTopic02 "We could live in Myrwatch." [DIAL:03000C57];;We could live in Myrwatch.;RelationshipMarriageFIN [QUST:00021382];;
33557647;RelationshipMarriageWeddingCCHouseTopic03 "We could live in Shadowfoot Sanctum." [DIAL:03000C56];;[INFO:03000C8F] ([G] in GRUP Topic Children of RelationshipMarriageWeddingCCHouseTopic03 "We could live in Shadowfoot Sanctum." [DIAL:03000C56]);;;TIF__02000C8F;
33557646;RelationshipMarriageWeddingCCHouseTopic03 "We could live in Shadowfoot Sanctum." [DIAL:03000C56];;[INFO:03000C8E] ([G] in GRUP Topic Children of RelationshipMarriageWeddingCCHouseTopic03 "We could live in Shadowfoot Sanctum." [DIAL:03000C56]);;;TIF__02000C8E;
33557645;RelationshipMarriageWeddingCCHouseTopic03 "We could live in Shadowfoot Sanctum." [DIAL:03000C56];;[INFO:03000C8D] ([G] in GRUP Topic Children of RelationshipMarriageWeddingCCHouseTopic03 "We could live in Shadowfoot Sanctum." [DIAL:03000C56]);;;TIF__02000C8D;
33557644;RelationshipMarriageWeddingCCHouseTopic03 "We could live in Shadowfoot Sanctum." [DIAL:03000C56];;[INFO:03000C8C] ([G] in GRUP Topic Children of RelationshipMarriageWeddingCCHouseTopic03 "We could live in Shadowfoot Sanctum." [DIAL:03000C56]);;;TIF__02000C8C;
33557643;RelationshipMarriageWeddingCCHouseTopic03 "We could live in Shadowfoot Sanctum." [DIAL:03000C56];;[INFO:03000C8B] ([G] in GRUP Topic Children of RelationshipMarriageWeddingCCHouseTopic03 "We could live in Shadowfoot Sanctum." [DIAL:03000C56]);;;TIF__02000C8B;
33557642;RelationshipMarriageWeddingCCHouseTopic03 "We could live in Shadowfoot Sanctum." [DIAL:03000C56];;[INFO:03000C8A] ([G] in GRUP Topic Children of RelationshipMarriageWeddingCCHouseTopic03 "We could live in Shadowfoot Sanctum." [DIAL:03000C56]);;;TIF__02000C8A;
33557641;RelationshipMarriageWeddingCCHouseTopic03 "We could live in Shadowfoot Sanctum." [DIAL:03000C56];;[INFO:03000C89] ([G] in GRUP Topic Children of RelationshipMarriageWeddingCCHouseTopic03 "We could live in Shadowfoot Sanctum." [DIAL:03000C56]);;;TIF__02000C89;
33557590;;RelationshipMarriageWeddingCCHouseTopic03 "We could live in Shadowfoot Sanctum." [DIAL:03000C56];;We could live in Shadowfoot Sanctum.;RelationshipMarriageFIN [QUST:00021382];;
33557585;[DIAL:03000C4E];;BYOHHouseHjaalmarchLandAvailable [INFO:03000C51] ('Of course. It's available, if you want to buy it.' in GRUP Topic Children of [DIAL:03000C4E]);;;;
33557582;;[DIAL:03000C4E];;;BYOHHouseHjaalmarch [QUST:0300BE09];;
33557662;RelationshipMarriageWeddingCCHouseTopic04 "We could live in Nchuanthumz." [DIAL:03000C43];;[INFO:03000C9E] ([G] in GRUP Topic Children of RelationshipMarriageWeddingCCHouseTopic04 "We could live in Nchuanthumz." [DIAL:03000C43]);;;TIF__02000C9E;
33557661;RelationshipMarriageWeddingCCHouseTopic04 "We could live in Nchuanthumz." [DIAL:03000C43];;[INFO:03000C9D] ([G] in GRUP Topic Children of RelationshipMarriageWeddingCCHouseTopic04 "We could live in Nchuanthumz." [DIAL:03000C43]);;;TIF__02000C9D;
33557660;RelationshipMarriageWeddingCCHouseTopic04 "We could live in Nchuanthumz." [DIAL:03000C43];;[INFO:03000C9C] ([G] in GRUP Topic Children of RelationshipMarriageWeddingCCHouseTopic04 "We could live in Nchuanthumz." [DIAL:03000C43]);;;TIF__02000C9C;
33557659;RelationshipMarriageWeddingCCHouseTopic04 "We could live in Nchuanthumz." [DIAL:03000C43];;[INFO:03000C9B] ([G] in GRUP Topic Children of RelationshipMarriageWeddingCCHouseTopic04 "We could live in Nchuanthumz." [DIAL:03000C43]);;;TIF__02000C9B;
33557658;RelationshipMarriageWeddingCCHouseTopic04 "We could live in Nchuanthumz." [DIAL:03000C43];;[INFO:03000C9A] ([G] in GRUP Topic Children of RelationshipMarriageWeddingCCHouseTopic04 "We could live in Nchuanthumz." [DIAL:03000C43]);;;TIF__02000C9A;
33557657;RelationshipMarriageWeddingCCHouseTopic04 "We could live in Nchuanthumz." [DIAL:03000C43];;[INFO:03000C99] ([G] in GRUP Topic Children of RelationshipMarriageWeddingCCHouseTopic04 "We could live in Nchuanthumz." [DIAL:03000C43]);;;TIF__02000C99;
33557656;RelationshipMarriageWeddingCCHouseTopic04 "We could live in Nchuanthumz." [DIAL:03000C43];;[INFO:03000C98] ([G] in GRUP Topic Children of RelationshipMarriageWeddingCCHouseTopic04 "We could live in Nchuanthumz." [DIAL:03000C43]);;;TIF__02000C98;
33557571;;RelationshipMarriageWeddingCCHouseTopic04 "We could live in Nchuanthumz." [DIAL:03000C43];;We could live in Nchuanthumz.;RelationshipMarriageFIN [QUST:00021382];;
33557871;RelationshipMarriageWeddingCCHouseTopic05 "We could live in Hendraheim." [DIAL:03000C42];;[INFO:03000D6F] ([G] in GRUP Topic Children of RelationshipMarriageWeddingCCHouseTopic05 "We could live in Hendraheim." [DIAL:03000C42]);;;TIF__02000D6F;
33557870;RelationshipMarriageWeddingCCHouseTopic05 "We could live in Hendraheim." [DIAL:03000C42];;[INFO:03000D6E] ([G] in GRUP Topic Children of RelationshipMarriageWeddingCCHouseTopic05 "We could live in Hendraheim." [DIAL:03000C42]);;;TIF__02000D6E;
33557869;RelationshipMarriageWeddingCCHouseTopic05 "We could live in Hendraheim." [DIAL:03000C42];;[INFO:03000D6D] ([G] in GRUP Topic Children of RelationshipMarriageWeddingCCHouseTopic05 "We could live in Hendraheim." [DIAL:03000C42]);;;TIF__02000D6D;
33557868;RelationshipMarriageWeddingCCHouseTopic05 "We could live in Hendraheim." [DIAL:03000C42];;[INFO:03000D6C] ([G] in GRUP Topic Children of RelationshipMarriageWeddingCCHouseTopic05 "We could live in Hendraheim." [DIAL:03000C42]);;;TIF__02000D6C;
33557867;RelationshipMarriageWeddingCCHouseTopic05 "We could live in Hendraheim." [DIAL:03000C42];;[INFO:03000D6B] ([G] in GRUP Topic Children of RelationshipMarriageWeddingCCHouseTopic05 "We could live in Hendraheim." [DIAL:03000C42]);;;TIF__02000D6B;
33557866;RelationshipMarriageWeddingCCHouseTopic05 "We could live in Hendraheim." [DIAL:03000C42];;[INFO:03000D6A] ([G] in GRUP Topic Children of RelationshipMarriageWeddingCCHouseTopic05 "We could live in Hendraheim." [DIAL:03000C42]);;;TIF__02000D6A;
33557865;RelationshipMarriageWeddingCCHouseTopic05 "We could live in Hendraheim." [DIAL:03000C42];;[INFO:03000D69] ([G] in GRUP Topic Children of RelationshipMarriageWeddingCCHouseTopic05 "We could live in Hendraheim." [DIAL:03000C42]);;;TIF__02000D69;
33557570;;RelationshipMarriageWeddingCCHouseTopic05 "We could live in Hendraheim." [DIAL:03000C42];;We could live in Hendraheim.;RelationshipMarriageFIN [QUST:00021382];;
33557559;[DIAL:03000C36];;BYOHHousePaleAvailableForPurchase [INFO:03000C37] ('Oh yes, of course. It's available to you for purchase.' in GRUP Topic Children of [DIAL:03000C36]);;;;
33557558;;[DIAL:03000C36];;;BYOHHousePale [QUST:03010BEE];;
33557708;RelationshipMarriageWeddingCCHouseTopic06 "We could live in Gallows Hall." [DIAL:03000C1D];;[INFO:03000CCC] ([G] in GRUP Topic Children of RelationshipMarriageWeddingCCHouseTopic06 "We could live in Gallows Hall." [DIAL:03000C1D]);;;TIF__02000CCC;
33557707;RelationshipMarriageWeddingCCHouseTopic06 "We could live in Gallows Hall." [DIAL:03000C1D];;[INFO:03000CCB] ([G] in GRUP Topic Children of RelationshipMarriageWeddingCCHouseTopic06 "We could live in Gallows Hall." [DIAL:03000C1D]);;;TIF__02000CCB;
33557706;RelationshipMarriageWeddingCCHouseTopic06 "We could live in Gallows Hall." [DIAL:03000C1D];;[INFO:03000CCA] ([G] in GRUP Topic Children of RelationshipMarriageWeddingCCHouseTopic06 "We could live in Gallows Hall." [DIAL:03000C1D]);;;TIF__02000CCA;
33557705;RelationshipMarriageWeddingCCHouseTopic06 "We could live in Gallows Hall." [DIAL:03000C1D];;[INFO:03000CC9] ([G] in GRUP Topic Children of RelationshipMarriageWeddingCCHouseTopic06 "We could live in Gallows Hall." [DIAL:03000C1D]);;;TIF__02000CC9;
33557704;RelationshipMarriageWeddingCCHouseTopic06 "We could live in Gallows Hall." [DIAL:03000C1D];;[INFO:03000CC8] ([G] in GRUP Topic Children of RelationshipMarriageWeddingCCHouseTopic06 "We could live in Gallows Hall." [DIAL:03000C1D]);;;TIF__02000CC8;
33557703;RelationshipMarriageWeddingCCHouseTopic06 "We could live in Gallows Hall." [DIAL:03000C1D];;[INFO:03000CC7] ([G] in GRUP Topic Children of RelationshipMarriageWeddingCCHouseTopic06 "We could live in Gallows Hall." [DIAL:03000C1D]);;;TIF__02000CC7;
33557702;RelationshipMarriageWeddingCCHouseTopic06 "We could live in Gallows Hall." [DIAL:03000C1D];;[INFO:03000CC6] ([G] in GRUP Topic Children of RelationshipMarriageWeddingCCHouseTopic06 "We could live in Gallows Hall." [DIAL:03000C1D]);;;TIF__02000CC6;
33557533;;RelationshipMarriageWeddingCCHouseTopic06 "We could live in Gallows Hall." [DIAL:03000C1D];;We could live in Gallows Hall.;RelationshipMarriageFIN [QUST:00021382];;
33557879;RelationshipMarriageWeddingCCHouseTopic07 "We could live in Bloodchill Manor." [DIAL:03000BD9];;[INFO:03000D77] ([G] in GRUP Topic Children of RelationshipMarriageWeddingCCHouseTopic07 "We could live in Bloodchill Manor." [DIAL:03000BD9]);;;TIF__02000D77;
33557878;RelationshipMarriageWeddingCCHouseTopic07 "We could live in Bloodchill Manor." [DIAL:03000BD9];;[INFO:03000D76] ([G] in GRUP Topic Children of RelationshipMarriageWeddingCCHouseTopic07 "We could live in Bloodchill Manor." [DIAL:03000BD9]);;;TIF__02000D76;
33557877;RelationshipMarriageWeddingCCHouseTopic07 "We could live in Bloodchill Manor." [DIAL:03000BD9];;[INFO:03000D75] ([G] in GRUP Topic Children of RelationshipMarriageWeddingCCHouseTopic07 "We could live in Bloodchill Manor." [DIAL:03000BD9]);;;TIF__02000D75;
33557875;RelationshipMarriageWeddingCCHouseTopic07 "We could live in Bloodchill Manor." [DIAL:03000BD9];;[INFO:03000D73] ([G] in GRUP Topic Children of RelationshipMarriageWeddingCCHouseTopic07 "We could live in Bloodchill Manor." [DIAL:03000BD9]);;;TIF__02000D73;
33557874;RelationshipMarriageWeddingCCHouseTopic07 "We could live in Bloodchill Manor." [DIAL:03000BD9];;[INFO:03000D72] ([G] in GRUP Topic Children of RelationshipMarriageWeddingCCHouseTopic07 "We could live in Bloodchill Manor." [DIAL:03000BD9]);;;TIF__02000D72;
33557873;RelationshipMarriageWeddingCCHouseTopic07 "We could live in Bloodchill Manor." [DIAL:03000BD9];;[INFO:03000D71] ([G] in GRUP Topic Children of RelationshipMarriageWeddingCCHouseTopic07 "We could live in Bloodchill Manor." [DIAL:03000BD9]);;;TIF__02000D71;
33557872;RelationshipMarriageWeddingCCHouseTopic07 "We could live in Bloodchill Manor." [DIAL:03000BD9];;[INFO:03000D70] ([G] in GRUP Topic Children of RelationshipMarriageWeddingCCHouseTopic07 "We could live in Bloodchill Manor." [DIAL:03000BD9]);;;TIF__02000D70;
33557465;;RelationshipMarriageWeddingCCHouseTopic07 "We could live in Bloodchill Manor." [DIAL:03000BD9];;We could live in Bloodchill Manor.;RelationshipMarriageFIN [QUST:00021382];;
33557886;RelationshipMarriageWeddingCCHouseTopic08 "We could live in Dead Man's Dread." [DIAL:03000BD8];;[INFO:03000D7E] ([G] in GRUP Topic Children of RelationshipMarriageWeddingCCHouseTopic08 "We could live in Dead Man's Dread." [DIAL:03000BD8]);;;TIF__02000D7E;
33557885;RelationshipMarriageWeddingCCHouseTopic08 "We could live in Dead Man's Dread." [DIAL:03000BD8];;[INFO:03000D7D] ([G] in GRUP Topic Children of RelationshipMarriageWeddingCCHouseTopic08 "We could live in Dead Man's Dread." [DIAL:03000BD8]);;;TIF__02000D7D;
33557884;RelationshipMarriageWeddingCCHouseTopic08 "We could live in Dead Man's Dread." [DIAL:03000BD8];;[INFO:03000D7C] ([G] in GRUP Topic Children of RelationshipMarriageWeddingCCHouseTopic08 "We could live in Dead Man's Dread." [DIAL:03000BD8]);;;TIF__02000D7C;
33557883;RelationshipMarriageWeddingCCHouseTopic08 "We could live in Dead Man's Dread." [DIAL:03000BD8];;[INFO:03000D7B] ([G] in GRUP Topic Children of RelationshipMarriageWeddingCCHouseTopic08 "We could live in Dead Man's Dread." [DIAL:03000BD8]);;;TIF__02000D7B;
33557882;RelationshipMarriageWeddingCCHouseTopic08 "We could live in Dead Man's Dread." [DIAL:03000BD8];;[INFO:03000D7A] ([G] in GRUP Topic Children of RelationshipMarriageWeddingCCHouseTopic08 "We could live in Dead Man's Dread." [DIAL:03000BD8]);;;TIF__02000D7A;
33557881;RelationshipMarriageWeddingCCHouseTopic08 "We could live in Dead Man's Dread." [DIAL:03000BD8];;[INFO:03000D79] ([G] in GRUP Topic Children of RelationshipMarriageWeddingCCHouseTopic08 "We could live in Dead Man's Dread." [DIAL:03000BD8]);;;TIF__02000D79;
33557880;RelationshipMarriageWeddingCCHouseTopic08 "We could live in Dead Man's Dread." [DIAL:03000BD8];;[INFO:03000D78] ([G] in GRUP Topic Children of RelationshipMarriageWeddingCCHouseTopic08 "We could live in Dead Man's Dread." [DIAL:03000BD8]);;;TIF__02000D78;
33557464;;RelationshipMarriageWeddingCCHouseTopic08 "We could live in Dead Man's Dread." [DIAL:03000BD8];;We could live in Dead Man's Dread.;RelationshipMarriageFIN [QUST:00021382];;
33557800;RelationshipMarriageWeddingCCHouseTopic09 [DIAL:03000BCB];;[INFO:03000D28] ([G] in GRUP Topic Children of RelationshipMarriageWeddingCCHouseTopic09 [DIAL:03000BCB]);;;TIF__02000D28;
33557799;RelationshipMarriageWeddingCCHouseTopic09 [DIAL:03000BCB];;[INFO:03000D27] ([G] in GRUP Topic Children of RelationshipMarriageWeddingCCHouseTopic09 [DIAL:03000BCB]);;;TIF__02000D27;
33557798;RelationshipMarriageWeddingCCHouseTopic09 [DIAL:03000BCB];;[INFO:03000D26] ([G] in GRUP Topic Children of RelationshipMarriageWeddingCCHouseTopic09 [DIAL:03000BCB]);;;TIF__02000D26;
33557797;RelationshipMarriageWeddingCCHouseTopic09 [DIAL:03000BCB];;[INFO:03000D25] ([G] in GRUP Topic Children of RelationshipMarriageWeddingCCHouseTopic09 [DIAL:03000BCB]);;;TIF__02000D25;
33557796;RelationshipMarriageWeddingCCHouseTopic09 [DIAL:03000BCB];;[INFO:03000D24] ([G] in GRUP Topic Children of RelationshipMarriageWeddingCCHouseTopic09 [DIAL:03000BCB]);;;TIF__02000D24;
33557795;RelationshipMarriageWeddingCCHouseTopic09 [DIAL:03000BCB];;[INFO:03000D23] ([G] in GRUP Topic Children of RelationshipMarriageWeddingCCHouseTopic09 [DIAL:03000BCB]);;;TIF__02000D23;
33557794;RelationshipMarriageWeddingCCHouseTopic09 [DIAL:03000BCB];;[INFO:03000D22] ([G] in GRUP Topic Children of RelationshipMarriageWeddingCCHouseTopic09 [DIAL:03000BCB]);;;TIF__02000D22;
33557451;;RelationshipMarriageWeddingCCHouseTopic09 [DIAL:03000BCB];;;RelationshipMarriageFIN [QUST:00021382];;
33557848;RelationshipMarriageWeddingCCHouseTopic10 "We could live in Goldenhills Plantation." [DIAL:03000BC4];;[INFO:03000D58] ([G] in GRUP Topic Children of RelationshipMarriageWeddingCCHouseTopic10 "We could live in Goldenhills Plantation." [DIAL:03000BC4]);;;TIF__02000D58;
33557847;RelationshipMarriageWeddingCCHouseTopic10 "We could live in Goldenhills Plantation." [DIAL:03000BC4];;[INFO:03000D57] ([G] in GRUP Topic Children of RelationshipMarriageWeddingCCHouseTopic10 "We could live in Goldenhills Plantation." [DIAL:03000BC4]);;;TIF__02000D57;
33557846;RelationshipMarriageWeddingCCHouseTopic10 "We could live in Goldenhills Plantation." [DIAL:03000BC4];;[INFO:03000D56] ([G] in GRUP Topic Children of RelationshipMarriageWeddingCCHouseTopic10 "We could live in Goldenhills Plantation." [DIAL:03000BC4]);;;TIF__02000D56;
33557845;RelationshipMarriageWeddingCCHouseTopic10 "We could live in Goldenhills Plantation." [DIAL:03000BC4];;[INFO:03000D55] ([G] in GRUP Topic Children of RelationshipMarriageWeddingCCHouseTopic10 "We could live in Goldenhills Plantation." [DIAL:03000BC4]);;;TIF__02000D55;
33557844;RelationshipMarriageWeddingCCHouseTopic10 "We could live in Goldenhills Plantation." [DIAL:03000BC4];;[INFO:03000D54] ([G] in GRUP Topic Children of RelationshipMarriageWeddingCCHouseTopic10 "We could live in Goldenhills Plantation." [DIAL:03000BC4]);;;TIF__02000D54;
33557843;RelationshipMarriageWeddingCCHouseTopic10 "We could live in Goldenhills Plantation." [DIAL:03000BC4];;[INFO:03000D53] ([G] in GRUP Topic Children of RelationshipMarriageWeddingCCHouseTopic10 "We could live in Goldenhills Plantation." [DIAL:03000BC4]);;;TIF__02000D53;
33557842;RelationshipMarriageWeddingCCHouseTopic10 "We could live in Goldenhills Plantation." [DIAL:03000BC4];;[INFO:03000D52] ([G] in GRUP Topic Children of RelationshipMarriageWeddingCCHouseTopic10 "We could live in Goldenhills Plantation." [DIAL:03000BC4]);;;TIF__02000D52;
33557444;;RelationshipMarriageWeddingCCHouseTopic10 "We could live in Goldenhills Plantation." [DIAL:03000BC4];;We could live in Goldenhills Plantation.;RelationshipMarriageFIN [QUST:00021382];;
33557893;RelationshipMarriageWeddingCCHouseTopic11 [DIAL:03000BC1];;[INFO:03000D85] ([G] in GRUP Topic Children of RelationshipMarriageWeddingCCHouseTopic11 [DIAL:03000BC1]);;;TIF__02000D85;
33557892;RelationshipMarriageWeddingCCHouseTopic11 [DIAL:03000BC1];;[INFO:03000D84] ([G] in GRUP Topic Children of RelationshipMarriageWeddingCCHouseTopic11 [DIAL:03000BC1]);;;TIF__02000D84;
33557891;RelationshipMarriageWeddingCCHouseTopic11 [DIAL:03000BC1];;[INFO:03000D83] ([G] in GRUP Topic Children of RelationshipMarriageWeddingCCHouseTopic11 [DIAL:03000BC1]);;;TIF__02000D83;
33557890;RelationshipMarriageWeddingCCHouseTopic11 [DIAL:03000BC1];;[INFO:03000D82] ([G] in GRUP Topic Children of RelationshipMarriageWeddingCCHouseTopic11 [DIAL:03000BC1]);;;TIF__02000D82;
33557889;RelationshipMarriageWeddingCCHouseTopic11 [DIAL:03000BC1];;[INFO:03000D81] ([G] in GRUP Topic Children of RelationshipMarriageWeddingCCHouseTopic11 [DIAL:03000BC1]);;;TIF__02000D81;
33557888;RelationshipMarriageWeddingCCHouseTopic11 [DIAL:03000BC1];;[INFO:03000D80] ([G] in GRUP Topic Children of RelationshipMarriageWeddingCCHouseTopic11 [DIAL:03000BC1]);;;TIF__02000D80;
33557887;RelationshipMarriageWeddingCCHouseTopic11 [DIAL:03000BC1];;[INFO:03000D7F] ([G] in GRUP Topic Children of RelationshipMarriageWeddingCCHouseTopic11 [DIAL:03000BC1]);;;TIF__02000D7F;
33557441;;RelationshipMarriageWeddingCCHouseTopic11 [DIAL:03000BC1];;;RelationshipMarriageFIN [QUST:00021382];;
33557777;RelationshipMarriageWeddingCCHouseTopic12 [DIAL:03000B7D];;[INFO:03000D11] ([G] in GRUP Topic Children of RelationshipMarriageWeddingCCHouseTopic12 [DIAL:03000B7D]);;;TIF__02000D11;
33557776;RelationshipMarriageWeddingCCHouseTopic12 [DIAL:03000B7D];;[INFO:03000D10] ([G] in GRUP Topic Children of RelationshipMarriageWeddingCCHouseTopic12 [DIAL:03000B7D]);;;TIF__02000D10;
33557775;RelationshipMarriageWeddingCCHouseTopic12 [DIAL:03000B7D];;[INFO:03000D0F] ([G] in GRUP Topic Children of RelationshipMarriageWeddingCCHouseTopic12 [DIAL:03000B7D]);;;TIF__02000D0F;
33557774;RelationshipMarriageWeddingCCHouseTopic12 [DIAL:03000B7D];;[INFO:03000D0E] ([G] in GRUP Topic Children of RelationshipMarriageWeddingCCHouseTopic12 [DIAL:03000B7D]);;;TIF__02000D0E;
33557773;RelationshipMarriageWeddingCCHouseTopic12 [DIAL:03000B7D];;[INFO:03000D0D] ([G] in GRUP Topic Children of RelationshipMarriageWeddingCCHouseTopic12 [DIAL:03000B7D]);;;TIF__02000D0D;
33557772;RelationshipMarriageWeddingCCHouseTopic12 [DIAL:03000B7D];;[INFO:03000D0C] ([G] in GRUP Topic Children of RelationshipMarriageWeddingCCHouseTopic12 [DIAL:03000B7D]);;;TIF__02000D0C;
33557771;RelationshipMarriageWeddingCCHouseTopic12 [DIAL:03000B7D];;[INFO:03000D0B] ([G] in GRUP Topic Children of RelationshipMarriageWeddingCCHouseTopic12 [DIAL:03000B7D]);;;TIF__02000D0B;
33557373;;RelationshipMarriageWeddingCCHouseTopic12 [DIAL:03000B7D];;;RelationshipMarriageFIN [QUST:00021382];;
33557786;RelationshipMarriageWeddingCCHouseTopic13 [DIAL:03000B7C];;[INFO:03000D1A] ([G] in GRUP Topic Children of RelationshipMarriageWeddingCCHouseTopic13 [DIAL:03000B7C]);;;TIF__02000D1A;
33557785;RelationshipMarriageWeddingCCHouseTopic13 [DIAL:03000B7C];;[INFO:03000D19] ([G] in GRUP Topic Children of RelationshipMarriageWeddingCCHouseTopic13 [DIAL:03000B7C]);;;TIF__02000D19;
33557784;RelationshipMarriageWeddingCCHouseTopic13 [DIAL:03000B7C];;[INFO:03000D18] ([G] in GRUP Topic Children of RelationshipMarriageWeddingCCHouseTopic13 [DIAL:03000B7C]);;;TIF__02000D18;
33557783;RelationshipMarriageWeddingCCHouseTopic13 [DIAL:03000B7C];;[INFO:03000D17] ([G] in GRUP Topic Children of RelationshipMarriageWeddingCCHouseTopic13 [DIAL:03000B7C]);;;TIF__02000D17;
33557782;RelationshipMarriageWeddingCCHouseTopic13 [DIAL:03000B7C];;[INFO:03000D16] ([G] in GRUP Topic Children of RelationshipMarriageWeddingCCHouseTopic13 [DIAL:03000B7C]);;;TIF__02000D16;
33557781;RelationshipMarriageWeddingCCHouseTopic13 [DIAL:03000B7C];;[INFO:03000D15] ([G] in GRUP Topic Children of RelationshipMarriageWeddingCCHouseTopic13 [DIAL:03000B7C]);;;TIF__02000D15;
33557780;RelationshipMarriageWeddingCCHouseTopic13 [DIAL:03000B7C];;[INFO:03000D14] ([G] in GRUP Topic Children of RelationshipMarriageWeddingCCHouseTopic13 [DIAL:03000B7C]);;;TIF__02000D14;
33557372;;RelationshipMarriageWeddingCCHouseTopic13 [DIAL:03000B7C];;;RelationshipMarriageFIN [QUST:00021382];;
33557841;RelationshipMarriageWeddingCCHouseTopic14 [DIAL:03000B7B];;[INFO:03000D51] ([G] in GRUP Topic Children of RelationshipMarriageWeddingCCHouseTopic14 [DIAL:03000B7B]);;;TIF__02000D51;
33557840;RelationshipMarriageWeddingCCHouseTopic14 [DIAL:03000B7B];;[INFO:03000D50] ([G] in GRUP Topic Children of RelationshipMarriageWeddingCCHouseTopic14 [DIAL:03000B7B]);;;TIF__02000D50;
33557839;RelationshipMarriageWeddingCCHouseTopic14 [DIAL:03000B7B];;[INFO:03000D4F] ([G] in GRUP Topic Children of RelationshipMarriageWeddingCCHouseTopic14 [DIAL:03000B7B]);;;TIF__02000D4F;
33557838;RelationshipMarriageWeddingCCHouseTopic14 [DIAL:03000B7B];;[INFO:03000D4E] ([G] in GRUP Topic Children of RelationshipMarriageWeddingCCHouseTopic14 [DIAL:03000B7B]);;;TIF__02000D4E;
33557837;RelationshipMarriageWeddingCCHouseTopic14 [DIAL:03000B7B];;[INFO:03000D4D] ([G] in GRUP Topic Children of RelationshipMarriageWeddingCCHouseTopic14 [DIAL:03000B7B]);;;TIF__02000D4D;
33557836;RelationshipMarriageWeddingCCHouseTopic14 [DIAL:03000B7B];;[INFO:03000D4C] ([G] in GRUP Topic Children of RelationshipMarriageWeddingCCHouseTopic14 [DIAL:03000B7B]);;;TIF__02000D4C;
33557835;RelationshipMarriageWeddingCCHouseTopic14 [DIAL:03000B7B];;[INFO:03000D4B] ([G] in GRUP Topic Children of RelationshipMarriageWeddingCCHouseTopic14 [DIAL:03000B7B]);;;TIF__02000D4B;
33557371;;RelationshipMarriageWeddingCCHouseTopic14 [DIAL:03000B7B];;;RelationshipMarriageFIN [QUST:00021382];;
33557673;RelationshipMarriageWeddingCCHouseTopic15 [DIAL:03000B7A];;[INFO:03000CA9] ([G] in GRUP Topic Children of RelationshipMarriageWeddingCCHouseTopic15 [DIAL:03000B7A]);;;TIF__02000CA9;
33557672;RelationshipMarriageWeddingCCHouseTopic15 [DIAL:03000B7A];;[INFO:03000CA8] ([G] in GRUP Topic Children of RelationshipMarriageWeddingCCHouseTopic15 [DIAL:03000B7A]);;;TIF__02000CA8;
33557671;RelationshipMarriageWeddingCCHouseTopic15 [DIAL:03000B7A];;[INFO:03000CA7] ([G] in GRUP Topic Children of RelationshipMarriageWeddingCCHouseTopic15 [DIAL:03000B7A]);;;TIF__02000CA7;
33557670;RelationshipMarriageWeddingCCHouseTopic15 [DIAL:03000B7A];;[INFO:03000CA6] ([G] in GRUP Topic Children of RelationshipMarriageWeddingCCHouseTopic15 [DIAL:03000B7A]);;;TIF__02000CA6;
33557669;RelationshipMarriageWeddingCCHouseTopic15 [DIAL:03000B7A];;[INFO:03000CA5] ([G] in GRUP Topic Children of RelationshipMarriageWeddingCCHouseTopic15 [DIAL:03000B7A]);;;TIF__02000CA5;
33557668;RelationshipMarriageWeddingCCHouseTopic15 [DIAL:03000B7A];;[INFO:03000CA4] ([G] in GRUP Topic Children of RelationshipMarriageWeddingCCHouseTopic15 [DIAL:03000B7A]);;;TIF__02000CA4;
33557667;RelationshipMarriageWeddingCCHouseTopic15 [DIAL:03000B7A];;[INFO:03000CA3] ([G] in GRUP Topic Children of RelationshipMarriageWeddingCCHouseTopic15 [DIAL:03000B7A]);;;TIF__02000CA3;
33557370;;RelationshipMarriageWeddingCCHouseTopic15 [DIAL:03000B7A];;;RelationshipMarriageFIN [QUST:00021382];;
33557956;RelationshipMarriageWeddingCCHouseTopic16 [DIAL:03000B79];;[INFO:03000DC4] ([G] in GRUP Topic Children of RelationshipMarriageWeddingCCHouseTopic16 [DIAL:03000B79]);;;TIF__02000DC4;
33557955;RelationshipMarriageWeddingCCHouseTopic16 [DIAL:03000B79];;[INFO:03000DC3] ([G] in GRUP Topic Children of RelationshipMarriageWeddingCCHouseTopic16 [DIAL:03000B79]);;;TIF__02000DC3;
33557954;RelationshipMarriageWeddingCCHouseTopic16 [DIAL:03000B79];;[INFO:03000DC2] ([G] in GRUP Topic Children of RelationshipMarriageWeddingCCHouseTopic16 [DIAL:03000B79]);;;TIF__02000DC2;
33557953;RelationshipMarriageWeddingCCHouseTopic16 [DIAL:03000B79];;[INFO:03000DC1] ([G] in GRUP Topic Children of RelationshipMarriageWeddingCCHouseTopic16 [DIAL:03000B79]);;;TIF__02000DC1;
33557952;RelationshipMarriageWeddingCCHouseTopic16 [DIAL:03000B79];;[INFO:03000DC0] ([G] in GRUP Topic Children of RelationshipMarriageWeddingCCHouseTopic16 [DIAL:03000B79]);;;TIF__02000DC0;
33557951;RelationshipMarriageWeddingCCHouseTopic16 [DIAL:03000B79];;[INFO:03000DBF] ([G] in GRUP Topic Children of RelationshipMarriageWeddingCCHouseTopic16 [DIAL:03000B79]);;;TIF__02000DBF;
33557950;RelationshipMarriageWeddingCCHouseTopic16 [DIAL:03000B79];;[INFO:03000DBE] ([G] in GRUP Topic Children of RelationshipMarriageWeddingCCHouseTopic16 [DIAL:03000B79]);;;TIF__02000DBE;
33557369;;RelationshipMarriageWeddingCCHouseTopic16 [DIAL:03000B79];;;RelationshipMarriageFIN [QUST:00021382];;
33557935;RelationshipMarriageWeddingCCHouseTopic17 [DIAL:03000B78];;[INFO:03000DAF] ([G] in GRUP Topic Children of RelationshipMarriageWeddingCCHouseTopic17 [DIAL:03000B78]);;;TIF__02000DAF;
33557934;RelationshipMarriageWeddingCCHouseTopic17 [DIAL:03000B78];;[INFO:03000DAE] ([G] in GRUP Topic Children of RelationshipMarriageWeddingCCHouseTopic17 [DIAL:03000B78]);;;TIF__02000DAE;
33557933;RelationshipMarriageWeddingCCHouseTopic17 [DIAL:03000B78];;[INFO:03000DAD] ([G] in GRUP Topic Children of RelationshipMarriageWeddingCCHouseTopic17 [DIAL:03000B78]);;;TIF__02000DAD;
33557932;RelationshipMarriageWeddingCCHouseTopic17 [DIAL:03000B78];;[INFO:03000DAC] ([G] in GRUP Topic Children of RelationshipMarriageWeddingCCHouseTopic17 [DIAL:03000B78]);;;TIF__02000DAC;
33557931;RelationshipMarriageWeddingCCHouseTopic17 [DIAL:03000B78];;[INFO:03000DAB] ([G] in GRUP Topic Children of RelationshipMarriageWeddingCCHouseTopic17 [DIAL:03000B78]);;;TIF__02000DAB;
33557930;RelationshipMarriageWeddingCCHouseTopic17 [DIAL:03000B78];;[INFO:03000DAA] ([G] in GRUP Topic Children of RelationshipMarriageWeddingCCHouseTopic17 [DIAL:03000B78]);;;TIF__02000DAA;
33557929;RelationshipMarriageWeddingCCHouseTopic17 [DIAL:03000B78];;[INFO:03000DA9] ([G] in GRUP Topic Children of RelationshipMarriageWeddingCCHouseTopic17 [DIAL:03000B78]);;;TIF__02000DA9;
33557368;;RelationshipMarriageWeddingCCHouseTopic17 [DIAL:03000B78];;;RelationshipMarriageFIN [QUST:00021382];;
33557745;RelationshipMarriageWeddingCCHouseTopic18 [DIAL:03000B77];;[INFO:03000CF1] ([G] in GRUP Topic Children of RelationshipMarriageWeddingCCHouseTopic18 [DIAL:03000B77]);;;TIF__02000CF1;
33557744;RelationshipMarriageWeddingCCHouseTopic18 [DIAL:03000B77];;[INFO:03000CF0] ([G] in GRUP Topic Children of RelationshipMarriageWeddingCCHouseTopic18 [DIAL:03000B77]);;;TIF__02000CF0;
33557743;RelationshipMarriageWeddingCCHouseTopic18 [DIAL:03000B77];;[INFO:03000CEF] ([G] in GRUP Topic Children of RelationshipMarriageWeddingCCHouseTopic18 [DIAL:03000B77]);;;TIF__02000CEF;
33557742;RelationshipMarriageWeddingCCHouseTopic18 [DIAL:03000B77];;[INFO:03000CEE] ([G] in GRUP Topic Children of RelationshipMarriageWeddingCCHouseTopic18 [DIAL:03000B77]);;;TIF__02000CEE;
33557741;RelationshipMarriageWeddingCCHouseTopic18 [DIAL:03000B77];;[INFO:03000CED] ([G] in GRUP Topic Children of RelationshipMarriageWeddingCCHouseTopic18 [DIAL:03000B77]);;;TIF__02000CED;
33557740;RelationshipMarriageWeddingCCHouseTopic18 [DIAL:03000B77];;[INFO:03000CEC] ([G] in GRUP Topic Children of RelationshipMarriageWeddingCCHouseTopic18 [DIAL:03000B77]);;;TIF__02000CEC;
33557739;RelationshipMarriageWeddingCCHouseTopic18 [DIAL:03000B77];;[INFO:03000CEB] ([G] in GRUP Topic Children of RelationshipMarriageWeddingCCHouseTopic18 [DIAL:03000B77]);;;TIF__02000CEB;
33557367;;RelationshipMarriageWeddingCCHouseTopic18 [DIAL:03000B77];;;RelationshipMarriageFIN [QUST:00021382];;
33557963;RelationshipMarriageWeddingCCHouseTopic19 [DIAL:03000B76];;[INFO:03000DCB] ([G] in GRUP Topic Children of RelationshipMarriageWeddingCCHouseTopic19 [DIAL:03000B76]);;;TIF__02000DCB;
33557962;RelationshipMarriageWeddingCCHouseTopic19 [DIAL:03000B76];;[INFO:03000DCA] ([G] in GRUP Topic Children of RelationshipMarriageWeddingCCHouseTopic19 [DIAL:03000B76]);;;TIF__02000DCA;
33557961;RelationshipMarriageWeddingCCHouseTopic19 [DIAL:03000B76];;[INFO:03000DC9] ([G] in GRUP Topic Children of RelationshipMarriageWeddingCCHouseTopic19 [DIAL:03000B76]);;;TIF__02000DC9;
33557960;RelationshipMarriageWeddingCCHouseTopic19 [DIAL:03000B76];;[INFO:03000DC8] ([G] in GRUP Topic Children of RelationshipMarriageWeddingCCHouseTopic19 [DIAL:03000B76]);;;TIF__02000DC8;
33557959;RelationshipMarriageWeddingCCHouseTopic19 [DIAL:03000B76];;[INFO:03000DC7] ([G] in GRUP Topic Children of RelationshipMarriageWeddingCCHouseTopic19 [DIAL:03000B76]);;;TIF__02000DC7;
33557958;RelationshipMarriageWeddingCCHouseTopic19 [DIAL:03000B76];;[INFO:03000DC6] ([G] in GRUP Topic Children of RelationshipMarriageWeddingCCHouseTopic19 [DIAL:03000B76]);;;TIF__02000DC6;
33557957;RelationshipMarriageWeddingCCHouseTopic19 [DIAL:03000B76];;[INFO:03000DC5] ([G] in GRUP Topic Children of RelationshipMarriageWeddingCCHouseTopic19 [DIAL:03000B76]);;;TIF__02000DC5;
33557366;;RelationshipMarriageWeddingCCHouseTopic19 [DIAL:03000B76];;;RelationshipMarriageFIN [QUST:00021382];;
33557942;RelationshipMarriageWeddingCCHouseTopic20 [DIAL:03000B75];;[INFO:03000DB6] ([G] in GRUP Topic Children of RelationshipMarriageWeddingCCHouseTopic20 [DIAL:03000B75]);;;TIF__02000DB6;
33557941;RelationshipMarriageWeddingCCHouseTopic20 [DIAL:03000B75];;[INFO:03000DB5] ([G] in GRUP Topic Children of RelationshipMarriageWeddingCCHouseTopic20 [DIAL:03000B75]);;;TIF__02000DB5;
33557940;RelationshipMarriageWeddingCCHouseTopic20 [DIAL:03000B75];;[INFO:03000DB4] ([G] in GRUP Topic Children of RelationshipMarriageWeddingCCHouseTopic20 [DIAL:03000B75]);;;TIF__02000DB4;
33557939;RelationshipMarriageWeddingCCHouseTopic20 [DIAL:03000B75];;[INFO:03000DB3] ([G] in GRUP Topic Children of RelationshipMarriageWeddingCCHouseTopic20 [DIAL:03000B75]);;;TIF__02000DB3;
33557938;RelationshipMarriageWeddingCCHouseTopic20 [DIAL:03000B75];;[INFO:03000DB2] ([G] in GRUP Topic Children of RelationshipMarriageWeddingCCHouseTopic20 [DIAL:03000B75]);;;TIF__02000DB2;
33557937;RelationshipMarriageWeddingCCHouseTopic20 [DIAL:03000B75];;[INFO:03000DB1] ([G] in GRUP Topic Children of RelationshipMarriageWeddingCCHouseTopic20 [DIAL:03000B75]);;;TIF__02000DB1;
33557936;RelationshipMarriageWeddingCCHouseTopic20 [DIAL:03000B75];;[INFO:03000DB0] ([G] in GRUP Topic Children of RelationshipMarriageWeddingCCHouseTopic20 [DIAL:03000B75]);;;TIF__02000DB0;
33557365;;RelationshipMarriageWeddingCCHouseTopic20 [DIAL:03000B75];;;RelationshipMarriageFIN [QUST:00021382];;
33557676;RelationshipAdoptableOrphanage_Q5_CCHouse01 "At Tundra Homestead." [DIAL:03000B74];;[INFO:03000CAC] (in GRUP Topic Children of RelationshipAdoptableOrphanage_Q5_CCHouse01 "At Tundra Homestead." [DIAL:03000B74]);;;TIF__02000CAC;
33557364;;RelationshipAdoptableOrphanage_Q5_CCHouse01 "At Tundra Homestead." [DIAL:03000B74];;At Tundra Homestead.;BYOHRelationshipAdoptableOrphanage [QUST:03004286];;
33557636;RelationshipAdoptableOrphanage_Q5_CCHouse02 "At Myrwatch." [DIAL:03000B73];;[INFO:03000C84] (in GRUP Topic Children of RelationshipAdoptableOrphanage_Q5_CCHouse02 "At Myrwatch." [DIAL:03000B73]);;;TIF__02000C84;
33557363;;RelationshipAdoptableOrphanage_Q5_CCHouse02 "At Myrwatch." [DIAL:03000B73];;At Myrwatch.;BYOHRelationshipAdoptableOrphanage [QUST:03004286];;
33557632;RelationshipAdoptableOrphanage_Q5_CCHouse03 "At Shadowfoot Sanctum." [DIAL:03000B72];;[INFO:03000C80] (in GRUP Topic Children of RelationshipAdoptableOrphanage_Q5_CCHouse03 "At Shadowfoot Sanctum." [DIAL:03000B72]);;;TIF__02000C80;
33557362;;RelationshipAdoptableOrphanage_Q5_CCHouse03 "At Shadowfoot Sanctum." [DIAL:03000B72];;At Shadowfoot Sanctum.;BYOHRelationshipAdoptableOrphanage [QUST:03004286];;
33557626;RelationshipAdoptableOrphanage_Q5_CCHouse04 "At Nchuanthumz." [DIAL:03000B71];;[INFO:03000C7A] (in GRUP Topic Children of RelationshipAdoptableOrphanage_Q5_CCHouse04 "At Nchuanthumz." [DIAL:03000B71]);;;TIF__02000C7A;
33557361;;RelationshipAdoptableOrphanage_Q5_CCHouse04 "At Nchuanthumz." [DIAL:03000B71];;At Nchuanthumz.;BYOHRelationshipAdoptableOrphanage [QUST:03004286];;
33557620;RelationshipAdoptableOrphanage_Q5_CCHouse05 "At Hendraheim." [DIAL:03000B70];;[INFO:03000C74] (in GRUP Topic Children of RelationshipAdoptableOrphanage_Q5_CCHouse05 "At Hendraheim." [DIAL:03000B70]);;;TIF__02000C74;
33557360;;RelationshipAdoptableOrphanage_Q5_CCHouse05 "At Hendraheim." [DIAL:03000B70];;At Hendraheim.;BYOHRelationshipAdoptableOrphanage [QUST:03004286];;
33557619;RelationshipAdoptableOrphanage_Q5_CCHouse06 "At Gallows Hall." [DIAL:03000B6F];;[INFO:03000C73] (in GRUP Topic Children of RelationshipAdoptableOrphanage_Q5_CCHouse06 "At Gallows Hall." [DIAL:03000B6F]);;;TIF__02000C73;
33557359;;RelationshipAdoptableOrphanage_Q5_CCHouse06 "At Gallows Hall." [DIAL:03000B6F];;At Gallows Hall.;BYOHRelationshipAdoptableOrphanage [QUST:03004286];;
33557618;RelationshipAdoptableOrphanage_Q5_CCHouse07 "At Bloodchill Manor." [DIAL:03000B6E];;[INFO:03000C72] (in GRUP Topic Children of RelationshipAdoptableOrphanage_Q5_CCHouse07 "At Bloodchill Manor." [DIAL:03000B6E]);;;TIF__02000C72;
33557358;;RelationshipAdoptableOrphanage_Q5_CCHouse07 "At Bloodchill Manor." [DIAL:03000B6E];;At Bloodchill Manor.;BYOHRelationshipAdoptableOrphanage [QUST:03004286];;
33557617;RelationshipAdoptableOrphanage_Q5_CCHouse08 "At Dead Man's Dread." [DIAL:03000B6D];;[INFO:03000C71] (in GRUP Topic Children of RelationshipAdoptableOrphanage_Q5_CCHouse08 "At Dead Man's Dread." [DIAL:03000B6D]);;;TIF__02000C71;
33557357;;RelationshipAdoptableOrphanage_Q5_CCHouse08 "At Dead Man's Dread." [DIAL:03000B6D];;At Dead Man's Dread.;BYOHRelationshipAdoptableOrphanage [QUST:03004286];;
33557616;RelationshipAdoptableOrphanage_Q5_CCHouse09 [DIAL:03000B6C];;[INFO:03000C70] (in GRUP Topic Children of RelationshipAdoptableOrphanage_Q5_CCHouse09 [DIAL:03000B6C]);;;TIF__02000C70;
33557356;;RelationshipAdoptableOrphanage_Q5_CCHouse09 [DIAL:03000B6C];;;BYOHRelationshipAdoptableOrphanage [QUST:03004286];;
33557615;RelationshipAdoptableOrphanage_Q5_CCHouse10 "At Goldenhills Plantation." [DIAL:03000B6B];;[INFO:03000C6F] (in GRUP Topic Children of RelationshipAdoptableOrphanage_Q5_CCHouse10 "At Goldenhills Plantation." [DIAL:03000B6B]);;;TIF__02000C6F;
33557355;;RelationshipAdoptableOrphanage_Q5_CCHouse10 "At Goldenhills Plantation." [DIAL:03000B6B];;At Goldenhills Plantation.;BYOHRelationshipAdoptableOrphanage [QUST:03004286];;
33557614;RelationshipAdoptableOrphanage_Q5_CCHouse11 [DIAL:03000B6A];;[INFO:03000C6E] (in GRUP Topic Children of RelationshipAdoptableOrphanage_Q5_CCHouse11 [DIAL:03000B6A]);;;TIF__02000C6E;
33557354;;RelationshipAdoptableOrphanage_Q5_CCHouse11 [DIAL:03000B6A];;;BYOHRelationshipAdoptableOrphanage [QUST:03004286];;
33557611;RelationshipAdoptableOrphanage_Q5_CCHouse12 [DIAL:03000B69];;[INFO:03000C6B] (in GRUP Topic Children of RelationshipAdoptableOrphanage_Q5_CCHouse12 [DIAL:03000B69]);;;TIF__02000C6B;
33557353;;RelationshipAdoptableOrphanage_Q5_CCHouse12 [DIAL:03000B69];;;BYOHRelationshipAdoptableOrphanage [QUST:03004286];;
33557609;RelationshipAdoptableOrphanage_Q5_CCHouse13 [DIAL:03000B68];;[INFO:03000C69] (in GRUP Topic Children of RelationshipAdoptableOrphanage_Q5_CCHouse13 [DIAL:03000B68]);;;TIF__02000C69;
33557352;;RelationshipAdoptableOrphanage_Q5_CCHouse13 [DIAL:03000B68];;;BYOHRelationshipAdoptableOrphanage [QUST:03004286];;
33557608;RelationshipAdoptableOrphanage_Q5_CCHouse14 [DIAL:03000B67];;[INFO:03000C68] (in GRUP Topic Children of RelationshipAdoptableOrphanage_Q5_CCHouse14 [DIAL:03000B67]);;;TIF__02000C68;
33557351;;RelationshipAdoptableOrphanage_Q5_CCHouse14 [DIAL:03000B67];;;BYOHRelationshipAdoptableOrphanage [QUST:03004286];;
33557607;RelationshipAdoptableOrphanage_Q5_CCHouse15 [DIAL:03000B66];;[INFO:03000C67] (in GRUP Topic Children of RelationshipAdoptableOrphanage_Q5_CCHouse15 [DIAL:03000B66]);;;TIF__02000C67;
33557350;;RelationshipAdoptableOrphanage_Q5_CCHouse15 [DIAL:03000B66];;;BYOHRelationshipAdoptableOrphanage [QUST:03004286];;
33557606;RelationshipAdoptableOrphanage_Q5_CCHouse16 [DIAL:03000B65];;[INFO:03000C66] (in GRUP Topic Children of RelationshipAdoptableOrphanage_Q5_CCHouse16 [DIAL:03000B65]);;;TIF__02000C66;
33557349;;RelationshipAdoptableOrphanage_Q5_CCHouse16 [DIAL:03000B65];;;BYOHRelationshipAdoptableOrphanage [QUST:03004286];;
33557605;RelationshipAdoptableOrphanage_Q5_CCHouse17 [DIAL:03000B64];;[INFO:03000C65] (in GRUP Topic Children of RelationshipAdoptableOrphanage_Q5_CCHouse17 [DIAL:03000B64]);;;TIF__02000C65;
33557348;;RelationshipAdoptableOrphanage_Q5_CCHouse17 [DIAL:03000B64];;;BYOHRelationshipAdoptableOrphanage [QUST:03004286];;
33557604;RelationshipAdoptableOrphanage_Q5_CCHouse18 [DIAL:03000B63];;[INFO:03000C64] (in GRUP Topic Children of RelationshipAdoptableOrphanage_Q5_CCHouse18 [DIAL:03000B63]);;;TIF__02000C64;
33557347;;RelationshipAdoptableOrphanage_Q5_CCHouse18 [DIAL:03000B63];;;BYOHRelationshipAdoptableOrphanage [QUST:03004286];;
33557602;RelationshipAdoptableOrphanage_Q5_CCHouse19 [DIAL:03000B62];;[INFO:03000C62] (in GRUP Topic Children of RelationshipAdoptableOrphanage_Q5_CCHouse19 [DIAL:03000B62]);;;TIF__02000C62;
33557346;;RelationshipAdoptableOrphanage_Q5_CCHouse19 [DIAL:03000B62];;;BYOHRelationshipAdoptableOrphanage [QUST:03004286];;
33557600;RelationshipAdoptableOrphanage_Q5_CCHouse20 [DIAL:03000B61];;[INFO:03000C60] (in GRUP Topic Children of RelationshipAdoptableOrphanage_Q5_CCHouse20 [DIAL:03000B61]);;;TIF__02000C60;
33557345;;RelationshipAdoptableOrphanage_Q5_CCHouse20 [DIAL:03000B61];;;BYOHRelationshipAdoptableOrphanage [QUST:03004286];;
33557907;RelationshipMarriageFINCCHouseTopic01 "Tundra Homestead." [DIAL:03000B60];;[INFO:03000D93] (in GRUP Topic Children of RelationshipMarriageFINCCHouseTopic01 "Tundra Homestead." [DIAL:03000B60]);;;TIF__02000D93;
33557906;RelationshipMarriageFINCCHouseTopic01 "Tundra Homestead." [DIAL:03000B60];;[INFO:03000D92] (in GRUP Topic Children of RelationshipMarriageFINCCHouseTopic01 "Tundra Homestead." [DIAL:03000B60]);;;TIF__02000D92;
33557905;RelationshipMarriageFINCCHouseTopic01 "Tundra Homestead." [DIAL:03000B60];;[INFO:03000D91] (in GRUP Topic Children of RelationshipMarriageFINCCHouseTopic01 "Tundra Homestead." [DIAL:03000B60]);;;TIF__02000D91;
33557904;RelationshipMarriageFINCCHouseTopic01 "Tundra Homestead." [DIAL:03000B60];;[INFO:03000D90] (in GRUP Topic Children of RelationshipMarriageFINCCHouseTopic01 "Tundra Homestead." [DIAL:03000B60]);;;TIF__02000D90;
33557903;RelationshipMarriageFINCCHouseTopic01 "Tundra Homestead." [DIAL:03000B60];;[INFO:03000D8F] (in GRUP Topic Children of RelationshipMarriageFINCCHouseTopic01 "Tundra Homestead." [DIAL:03000B60]);;;TIF__02000D8F;
33557902;RelationshipMarriageFINCCHouseTopic01 "Tundra Homestead." [DIAL:03000B60];;[INFO:03000D8E] (in GRUP Topic Children of RelationshipMarriageFINCCHouseTopic01 "Tundra Homestead." [DIAL:03000B60]);;;TIF__02000D8E;
33557901;RelationshipMarriageFINCCHouseTopic01 "Tundra Homestead." [DIAL:03000B60];;[INFO:03000D8D] (in GRUP Topic Children of RelationshipMarriageFINCCHouseTopic01 "Tundra Homestead." [DIAL:03000B60]);;;TIF__02000D8D;
33557344;;RelationshipMarriageFINCCHouseTopic01 "Tundra Homestead." [DIAL:03000B60];;Tundra Homestead.;RelationshipMarriageFIN [QUST:00021382];;
33557768;RelationshipMarriageFINCCHouseTopic02 "Myrwatch." [DIAL:03000B5F];;[INFO:03000D08] (in GRUP Topic Children of RelationshipMarriageFINCCHouseTopic02 "Myrwatch." [DIAL:03000B5F]);;;TIF__02000D08;
33557767;RelationshipMarriageFINCCHouseTopic02 "Myrwatch." [DIAL:03000B5F];;[INFO:03000D07] (in GRUP Topic Children of RelationshipMarriageFINCCHouseTopic02 "Myrwatch." [DIAL:03000B5F]);;;TIF__02000D07;
33557766;RelationshipMarriageFINCCHouseTopic02 "Myrwatch." [DIAL:03000B5F];;[INFO:03000D06] (in GRUP Topic Children of RelationshipMarriageFINCCHouseTopic02 "Myrwatch." [DIAL:03000B5F]);;;TIF__02000D06;
33557765;RelationshipMarriageFINCCHouseTopic02 "Myrwatch." [DIAL:03000B5F];;[INFO:03000D05] (in GRUP Topic Children of RelationshipMarriageFINCCHouseTopic02 "Myrwatch." [DIAL:03000B5F]);;;TIF__02000D05;
33557764;RelationshipMarriageFINCCHouseTopic02 "Myrwatch." [DIAL:03000B5F];;[INFO:03000D04] (in GRUP Topic Children of RelationshipMarriageFINCCHouseTopic02 "Myrwatch." [DIAL:03000B5F]);;;TIF__02000D04;
33557763;RelationshipMarriageFINCCHouseTopic02 "Myrwatch." [DIAL:03000B5F];;[INFO:03000D03] (in GRUP Topic Children of RelationshipMarriageFINCCHouseTopic02 "Myrwatch." [DIAL:03000B5F]);;;TIF__02000D03;
33557762;RelationshipMarriageFINCCHouseTopic02 "Myrwatch." [DIAL:03000B5F];;[INFO:03000D02] (in GRUP Topic Children of RelationshipMarriageFINCCHouseTopic02 "Myrwatch." [DIAL:03000B5F]);;;TIF__02000D02;
33557343;;RelationshipMarriageFINCCHouseTopic02 "Myrwatch." [DIAL:03000B5F];;Myrwatch.;RelationshipMarriageFIN [QUST:00021382];;
33557949;RelationshipMarriageFINCCHouseTopic03 "Shadowfoot Sanctum." [DIAL:03000B56];;[INFO:03000DBD] (in GRUP Topic Children of RelationshipMarriageFINCCHouseTopic03 "Shadowfoot Sanctum." [DIAL:03000B56]);;;TIF__02000DBD;
33557948;RelationshipMarriageFINCCHouseTopic03 "Shadowfoot Sanctum." [DIAL:03000B56];;[INFO:03000DBC] (in GRUP Topic Children of RelationshipMarriageFINCCHouseTopic03 "Shadowfoot Sanctum." [DIAL:03000B56]);;;TIF__02000DBC;
33557947;RelationshipMarriageFINCCHouseTopic03 "Shadowfoot Sanctum." [DIAL:03000B56];;[INFO:03000DBB] (in GRUP Topic Children of RelationshipMarriageFINCCHouseTopic03 "Shadowfoot Sanctum." [DIAL:03000B56]);;;TIF__02000DBB;
33557946;RelationshipMarriageFINCCHouseTopic03 "Shadowfoot Sanctum." [DIAL:03000B56];;[INFO:03000DBA] (in GRUP Topic Children of RelationshipMarriageFINCCHouseTopic03 "Shadowfoot Sanctum." [DIAL:03000B56]);;;TIF__02000DBA;
33557945;RelationshipMarriageFINCCHouseTopic03 "Shadowfoot Sanctum." [DIAL:03000B56];;[INFO:03000DB9] (in GRUP Topic Children of RelationshipMarriageFINCCHouseTopic03 "Shadowfoot Sanctum." [DIAL:03000B56]);;;TIF__02000DB9;
33557944;RelationshipMarriageFINCCHouseTopic03 "Shadowfoot Sanctum." [DIAL:03000B56];;[INFO:03000DB8] (in GRUP Topic Children of RelationshipMarriageFINCCHouseTopic03 "Shadowfoot Sanctum." [DIAL:03000B56]);;;TIF__02000DB8;
33557943;RelationshipMarriageFINCCHouseTopic03 "Shadowfoot Sanctum." [DIAL:03000B56];;[INFO:03000DB7] (in GRUP Topic Children of RelationshipMarriageFINCCHouseTopic03 "Shadowfoot Sanctum." [DIAL:03000B56]);;;TIF__02000DB7;
33557334;;RelationshipMarriageFINCCHouseTopic03 "Shadowfoot Sanctum." [DIAL:03000B56];;Shadowfoot Sanctum.;RelationshipMarriageFIN [QUST:00021382];;
33557814;RelationshipMarriageFINCCHouseTopic04 "Nchuanthumz." [DIAL:03000B53];;[INFO:03000D36] (in GRUP Topic Children of RelationshipMarriageFINCCHouseTopic04 "Nchuanthumz." [DIAL:03000B53]);;;TIF__02000D36;
33557813;RelationshipMarriageFINCCHouseTopic04 "Nchuanthumz." [DIAL:03000B53];;[INFO:03000D35] (in GRUP Topic Children of RelationshipMarriageFINCCHouseTopic04 "Nchuanthumz." [DIAL:03000B53]);;;TIF__02000D35;
33557812;RelationshipMarriageFINCCHouseTopic04 "Nchuanthumz." [DIAL:03000B53];;[INFO:03000D34] (in GRUP Topic Children of RelationshipMarriageFINCCHouseTopic04 "Nchuanthumz." [DIAL:03000B53]);;;TIF__02000D34;
33557811;RelationshipMarriageFINCCHouseTopic04 "Nchuanthumz." [DIAL:03000B53];;[INFO:03000D33] (in GRUP Topic Children of RelationshipMarriageFINCCHouseTopic04 "Nchuanthumz." [DIAL:03000B53]);;;TIF__02000D33;
33557810;RelationshipMarriageFINCCHouseTopic04 "Nchuanthumz." [DIAL:03000B53];;[INFO:03000D32] (in GRUP Topic Children of RelationshipMarriageFINCCHouseTopic04 "Nchuanthumz." [DIAL:03000B53]);;;TIF__02000D32;
33557809;RelationshipMarriageFINCCHouseTopic04 "Nchuanthumz." [DIAL:03000B53];;[INFO:03000D31] (in GRUP Topic Children of RelationshipMarriageFINCCHouseTopic04 "Nchuanthumz." [DIAL:03000B53]);;;TIF__02000D31;
33557808;RelationshipMarriageFINCCHouseTopic04 "Nchuanthumz." [DIAL:03000B53];;[INFO:03000D30] (in GRUP Topic Children of RelationshipMarriageFINCCHouseTopic04 "Nchuanthumz." [DIAL:03000B53]);;;TIF__02000D30;
33557331;;RelationshipMarriageFINCCHouseTopic04 "Nchuanthumz." [DIAL:03000B53];;Nchuanthumz.;RelationshipMarriageFIN [QUST:00021382];;
33557701;RelationshipMarriageFINCCHouseTopic05 "Hendraheim." [DIAL:03000B52];;[INFO:03000CC5] (in GRUP Topic Children of RelationshipMarriageFINCCHouseTopic05 "Hendraheim." [DIAL:03000B52]);;;TIF__02000CC5;
33557700;RelationshipMarriageFINCCHouseTopic05 "Hendraheim." [DIAL:03000B52];;[INFO:03000CC4] (in GRUP Topic Children of RelationshipMarriageFINCCHouseTopic05 "Hendraheim." [DIAL:03000B52]);;;TIF__02000CC4;
33557699;RelationshipMarriageFINCCHouseTopic05 "Hendraheim." [DIAL:03000B52];;[INFO:03000CC3] (in GRUP Topic Children of RelationshipMarriageFINCCHouseTopic05 "Hendraheim." [DIAL:03000B52]);;;TIF__02000CC3;
33557698;RelationshipMarriageFINCCHouseTopic05 "Hendraheim." [DIAL:03000B52];;[INFO:03000CC2] (in GRUP Topic Children of RelationshipMarriageFINCCHouseTopic05 "Hendraheim." [DIAL:03000B52]);;;TIF__02000CC2;
33557697;RelationshipMarriageFINCCHouseTopic05 "Hendraheim." [DIAL:03000B52];;[INFO:03000CC1] (in GRUP Topic Children of RelationshipMarriageFINCCHouseTopic05 "Hendraheim." [DIAL:03000B52]);;;TIF__02000CC1;
33557696;RelationshipMarriageFINCCHouseTopic05 "Hendraheim." [DIAL:03000B52];;[INFO:03000CC0] (in GRUP Topic Children of RelationshipMarriageFINCCHouseTopic05 "Hendraheim." [DIAL:03000B52]);;;TIF__02000CC0;
33557695;RelationshipMarriageFINCCHouseTopic05 "Hendraheim." [DIAL:03000B52];;[INFO:03000CBF] (in GRUP Topic Children of RelationshipMarriageFINCCHouseTopic05 "Hendraheim." [DIAL:03000B52]);;;TIF__02000CBF;
33557330;;RelationshipMarriageFINCCHouseTopic05 "Hendraheim." [DIAL:03000B52];;Hendraheim.;RelationshipMarriageFIN [QUST:00021382];;
33557864;RelationshipMarriageFINCCHouseTopic06 "Gallows Hall." [DIAL:03000B50];;[INFO:03000D68] (in GRUP Topic Children of RelationshipMarriageFINCCHouseTopic06 "Gallows Hall." [DIAL:03000B50]);;;TIF__02000D68;
33557863;RelationshipMarriageFINCCHouseTopic06 "Gallows Hall." [DIAL:03000B50];;[INFO:03000D67] (in GRUP Topic Children of RelationshipMarriageFINCCHouseTopic06 "Gallows Hall." [DIAL:03000B50]);;;TIF__02000D67;
33557862;RelationshipMarriageFINCCHouseTopic06 "Gallows Hall." [DIAL:03000B50];;[INFO:03000D66] (in GRUP Topic Children of RelationshipMarriageFINCCHouseTopic06 "Gallows Hall." [DIAL:03000B50]);;;TIF__02000D66;
33557861;RelationshipMarriageFINCCHouseTopic06 "Gallows Hall." [DIAL:03000B50];;[INFO:03000D65] (in GRUP Topic Children of RelationshipMarriageFINCCHouseTopic06 "Gallows Hall." [DIAL:03000B50]);;;TIF__02000D65;
33557860;RelationshipMarriageFINCCHouseTopic06 "Gallows Hall." [DIAL:03000B50];;[INFO:03000D64] (in GRUP Topic Children of RelationshipMarriageFINCCHouseTopic06 "Gallows Hall." [DIAL:03000B50]);;;TIF__02000D64;
33557859;RelationshipMarriageFINCCHouseTopic06 "Gallows Hall." [DIAL:03000B50];;[INFO:03000D63] (in GRUP Topic Children of RelationshipMarriageFINCCHouseTopic06 "Gallows Hall." [DIAL:03000B50]);;;TIF__02000D63;
33557858;RelationshipMarriageFINCCHouseTopic06 "Gallows Hall." [DIAL:03000B50];;[INFO:03000D62] (in GRUP Topic Children of RelationshipMarriageFINCCHouseTopic06 "Gallows Hall." [DIAL:03000B50]);;;TIF__02000D62;
33557328;;RelationshipMarriageFINCCHouseTopic06 "Gallows Hall." [DIAL:03000B50];;Gallows Hall.;RelationshipMarriageFIN [QUST:00021382];;
33557736;RelationshipMarriageFINCCHouseTopic07 "Bloodchill Manor." [DIAL:03000B4E];;[INFO:03000CE8] (in GRUP Topic Children of RelationshipMarriageFINCCHouseTopic07 "Bloodchill Manor." [DIAL:03000B4E]);;;TIF__02000CE8;
33557735;RelationshipMarriageFINCCHouseTopic07 "Bloodchill Manor." [DIAL:03000B4E];;[INFO:03000CE7] (in GRUP Topic Children of RelationshipMarriageFINCCHouseTopic07 "Bloodchill Manor." [DIAL:03000B4E]);;;TIF__02000CE7;
33557734;RelationshipMarriageFINCCHouseTopic07 "Bloodchill Manor." [DIAL:03000B4E];;[INFO:03000CE6] (in GRUP Topic Children of RelationshipMarriageFINCCHouseTopic07 "Bloodchill Manor." [DIAL:03000B4E]);;;TIF__02000CE6;
33557733;RelationshipMarriageFINCCHouseTopic07 "Bloodchill Manor." [DIAL:03000B4E];;[INFO:03000CE5] (in GRUP Topic Children of RelationshipMarriageFINCCHouseTopic07 "Bloodchill Manor." [DIAL:03000B4E]);;;TIF__02000CE5;
33557732;RelationshipMarriageFINCCHouseTopic07 "Bloodchill Manor." [DIAL:03000B4E];;[INFO:03000CE4] (in GRUP Topic Children of RelationshipMarriageFINCCHouseTopic07 "Bloodchill Manor." [DIAL:03000B4E]);;;TIF__02000CE4;
33557731;RelationshipMarriageFINCCHouseTopic07 "Bloodchill Manor." [DIAL:03000B4E];;[INFO:03000CE3] (in GRUP Topic Children of RelationshipMarriageFINCCHouseTopic07 "Bloodchill Manor." [DIAL:03000B4E]);;;TIF__02000CE3;
33557730;RelationshipMarriageFINCCHouseTopic07 "Bloodchill Manor." [DIAL:03000B4E];;[INFO:03000CE2] (in GRUP Topic Children of RelationshipMarriageFINCCHouseTopic07 "Bloodchill Manor." [DIAL:03000B4E]);;;TIF__02000CE2;
33557326;;RelationshipMarriageFINCCHouseTopic07 "Bloodchill Manor." [DIAL:03000B4E];;Bloodchill Manor.;RelationshipMarriageFIN [QUST:00021382];;
33557914;RelationshipMarriageFINCCHouseTopic08 "Dead Man's Dread." [DIAL:03000B4C];;[INFO:03000D9A] (in GRUP Topic Children of RelationshipMarriageFINCCHouseTopic08 "Dead Man's Dread." [DIAL:03000B4C]);;;TIF__02000D9A;
33557913;RelationshipMarriageFINCCHouseTopic08 "Dead Man's Dread." [DIAL:03000B4C];;[INFO:03000D99] (in GRUP Topic Children of RelationshipMarriageFINCCHouseTopic08 "Dead Man's Dread." [DIAL:03000B4C]);;;TIF__02000D99;
33557912;RelationshipMarriageFINCCHouseTopic08 "Dead Man's Dread." [DIAL:03000B4C];;[INFO:03000D98] (in GRUP Topic Children of RelationshipMarriageFINCCHouseTopic08 "Dead Man's Dread." [DIAL:03000B4C]);;;TIF__02000D98;
33557911;RelationshipMarriageFINCCHouseTopic08 "Dead Man's Dread." [DIAL:03000B4C];;[INFO:03000D97] (in GRUP Topic Children of RelationshipMarriageFINCCHouseTopic08 "Dead Man's Dread." [DIAL:03000B4C]);;;TIF__02000D97;
33557910;RelationshipMarriageFINCCHouseTopic08 "Dead Man's Dread." [DIAL:03000B4C];;[INFO:03000D96] (in GRUP Topic Children of RelationshipMarriageFINCCHouseTopic08 "Dead Man's Dread." [DIAL:03000B4C]);;;TIF__02000D96;
33557909;RelationshipMarriageFINCCHouseTopic08 "Dead Man's Dread." [DIAL:03000B4C];;[INFO:03000D95] (in GRUP Topic Children of RelationshipMarriageFINCCHouseTopic08 "Dead Man's Dread." [DIAL:03000B4C]);;;TIF__02000D95;
33557908;RelationshipMarriageFINCCHouseTopic08 "Dead Man's Dread." [DIAL:03000B4C];;[INFO:03000D94] (in GRUP Topic Children of RelationshipMarriageFINCCHouseTopic08 "Dead Man's Dread." [DIAL:03000B4C]);;;TIF__02000D94;
33557324;;RelationshipMarriageFINCCHouseTopic08 "Dead Man's Dread." [DIAL:03000B4C];;Dead Man's Dread.;RelationshipMarriageFIN [QUST:00021382];;
33557970;RelationshipMarriageFINCCHouseTopic09 [DIAL:03000B4B];;[INFO:03000DD2] (in GRUP Topic Children of RelationshipMarriageFINCCHouseTopic09 [DIAL:03000B4B]);;;TIF__02000DD2;
33557969;RelationshipMarriageFINCCHouseTopic09 [DIAL:03000B4B];;[INFO:03000DD1] (in GRUP Topic Children of RelationshipMarriageFINCCHouseTopic09 [DIAL:03000B4B]);;;TIF__02000DD1;
33557968;RelationshipMarriageFINCCHouseTopic09 [DIAL:03000B4B];;[INFO:03000DD0] (in GRUP Topic Children of RelationshipMarriageFINCCHouseTopic09 [DIAL:03000B4B]);;;TIF__02000DD0;
33557967;RelationshipMarriageFINCCHouseTopic09 [DIAL:03000B4B];;[INFO:03000DCF] (in GRUP Topic Children of RelationshipMarriageFINCCHouseTopic09 [DIAL:03000B4B]);;;TIF__02000DCF;
33557966;RelationshipMarriageFINCCHouseTopic09 [DIAL:03000B4B];;[INFO:03000DCE] (in GRUP Topic Children of RelationshipMarriageFINCCHouseTopic09 [DIAL:03000B4B]);;;TIF__02000DCE;
33557965;RelationshipMarriageFINCCHouseTopic09 [DIAL:03000B4B];;[INFO:03000DCD] (in GRUP Topic Children of RelationshipMarriageFINCCHouseTopic09 [DIAL:03000B4B]);;;TIF__02000DCD;
33557964;RelationshipMarriageFINCCHouseTopic09 [DIAL:03000B4B];;[INFO:03000DCC] (in GRUP Topic Children of RelationshipMarriageFINCCHouseTopic09 [DIAL:03000B4B]);;;TIF__02000DCC;
33557323;;RelationshipMarriageFINCCHouseTopic09 [DIAL:03000B4B];;;RelationshipMarriageFIN [QUST:00021382];;
33557928;RelationshipMarriageFINCCHouseTopic10 "Goldenhills Plantation." [DIAL:03000A1A];;[INFO:03000DA8] (in GRUP Topic Children of RelationshipMarriageFINCCHouseTopic10 "Goldenhills Plantation." [DIAL:03000A1A]);;;TIF__02000DA8;
33557927;RelationshipMarriageFINCCHouseTopic10 "Goldenhills Plantation." [DIAL:03000A1A];;[INFO:03000DA7] (in GRUP Topic Children of RelationshipMarriageFINCCHouseTopic10 "Goldenhills Plantation." [DIAL:03000A1A]);;;TIF__02000DA7;
33557926;RelationshipMarriageFINCCHouseTopic10 "Goldenhills Plantation." [DIAL:03000A1A];;[INFO:03000DA6] (in GRUP Topic Children of RelationshipMarriageFINCCHouseTopic10 "Goldenhills Plantation." [DIAL:03000A1A]);;;TIF__02000DA6;
33557925;RelationshipMarriageFINCCHouseTopic10 "Goldenhills Plantation." [DIAL:03000A1A];;[INFO:03000DA5] (in GRUP Topic Children of RelationshipMarriageFINCCHouseTopic10 "Goldenhills Plantation." [DIAL:03000A1A]);;;TIF__02000DA5;
33557924;RelationshipMarriageFINCCHouseTopic10 "Goldenhills Plantation." [DIAL:03000A1A];;[INFO:03000DA4] (in GRUP Topic Children of RelationshipMarriageFINCCHouseTopic10 "Goldenhills Plantation." [DIAL:03000A1A]);;;TIF__02000DA4;
33557923;RelationshipMarriageFINCCHouseTopic10 "Goldenhills Plantation." [DIAL:03000A1A];;[INFO:03000DA3] (in GRUP Topic Children of RelationshipMarriageFINCCHouseTopic10 "Goldenhills Plantation." [DIAL:03000A1A]);;;TIF__02000DA3;
33557922;RelationshipMarriageFINCCHouseTopic10 "Goldenhills Plantation." [DIAL:03000A1A];;[INFO:03000DA2] (in GRUP Topic Children of RelationshipMarriageFINCCHouseTopic10 "Goldenhills Plantation." [DIAL:03000A1A]);;;TIF__02000DA2;
33557018;;RelationshipMarriageFINCCHouseTopic10 "Goldenhills Plantation." [DIAL:03000A1A];;Goldenhills Plantation.;RelationshipMarriageFIN [QUST:00021382];;
33557793;RelationshipMarriageFINCCHouseTopic11 [DIAL:03000A16];;[INFO:03000D21] (in GRUP Topic Children of RelationshipMarriageFINCCHouseTopic11 [DIAL:03000A16]);;;TIF__02000D21;
33557792;RelationshipMarriageFINCCHouseTopic11 [DIAL:03000A16];;[INFO:03000D20] (in GRUP Topic Children of RelationshipMarriageFINCCHouseTopic11 [DIAL:03000A16]);;;TIF__02000D20;
33557791;RelationshipMarriageFINCCHouseTopic11 [DIAL:03000A16];;[INFO:03000D1F] (in GRUP Topic Children of RelationshipMarriageFINCCHouseTopic11 [DIAL:03000A16]);;;TIF__02000D1F;
33557790;RelationshipMarriageFINCCHouseTopic11 [DIAL:03000A16];;[INFO:03000D1E] (in GRUP Topic Children of RelationshipMarriageFINCCHouseTopic11 [DIAL:03000A16]);;;TIF__02000D1E;
33557789;RelationshipMarriageFINCCHouseTopic11 [DIAL:03000A16];;[INFO:03000D1D] (in GRUP Topic Children of RelationshipMarriageFINCCHouseTopic11 [DIAL:03000A16]);;;TIF__02000D1D;
33557788;RelationshipMarriageFINCCHouseTopic11 [DIAL:03000A16];;[INFO:03000D1C] (in GRUP Topic Children of RelationshipMarriageFINCCHouseTopic11 [DIAL:03000A16]);;;TIF__02000D1C;
33557787;RelationshipMarriageFINCCHouseTopic11 [DIAL:03000A16];;[INFO:03000D1B] (in GRUP Topic Children of RelationshipMarriageFINCCHouseTopic11 [DIAL:03000A16]);;;TIF__02000D1B;
33557014;;RelationshipMarriageFINCCHouseTopic11 [DIAL:03000A16];;;RelationshipMarriageFIN [QUST:00021382];;
33557692;RelationshipMarriageFINCCHouseTopic12 [DIAL:03000A15];;[INFO:03000CBC] (in GRUP Topic Children of RelationshipMarriageFINCCHouseTopic12 [DIAL:03000A15]);;;TIF__02000CBC;
33557691;RelationshipMarriageFINCCHouseTopic12 [DIAL:03000A15];;[INFO:03000CBB] (in GRUP Topic Children of RelationshipMarriageFINCCHouseTopic12 [DIAL:03000A15]);;;TIF__02000CBB;
33557690;RelationshipMarriageFINCCHouseTopic12 [DIAL:03000A15];;[INFO:03000CBA] (in GRUP Topic Children of RelationshipMarriageFINCCHouseTopic12 [DIAL:03000A15]);;;TIF__02000CBA;
33557689;RelationshipMarriageFINCCHouseTopic12 [DIAL:03000A15];;[INFO:03000CB9] (in GRUP Topic Children of RelationshipMarriageFINCCHouseTopic12 [DIAL:03000A15]);;;TIF__02000CB9;
33557688;RelationshipMarriageFINCCHouseTopic12 [DIAL:03000A15];;[INFO:03000CB8] (in GRUP Topic Children of RelationshipMarriageFINCCHouseTopic12 [DIAL:03000A15]);;;TIF__02000CB8;
33557687;RelationshipMarriageFINCCHouseTopic12 [DIAL:03000A15];;[INFO:03000CB7] (in GRUP Topic Children of RelationshipMarriageFINCCHouseTopic12 [DIAL:03000A15]);;;TIF__02000CB7;
33557686;RelationshipMarriageFINCCHouseTopic12 [DIAL:03000A15];;[INFO:03000CB6] (in GRUP Topic Children of RelationshipMarriageFINCCHouseTopic12 [DIAL:03000A15]);;;TIF__02000CB6;
33557013;;RelationshipMarriageFINCCHouseTopic12 [DIAL:03000A15];;;RelationshipMarriageFIN [QUST:00021382];;
33557855;RelationshipMarriageFINCCHouseTopic13 [DIAL:03000A0A];;[INFO:03000D5F] (in GRUP Topic Children of RelationshipMarriageFINCCHouseTopic13 [DIAL:03000A0A]);;;TIF__02000D5F;
33557854;RelationshipMarriageFINCCHouseTopic13 [DIAL:03000A0A];;[INFO:03000D5E] (in GRUP Topic Children of RelationshipMarriageFINCCHouseTopic13 [DIAL:03000A0A]);;;TIF__02000D5E;
33557853;RelationshipMarriageFINCCHouseTopic13 [DIAL:03000A0A];;[INFO:03000D5D] (in GRUP Topic Children of RelationshipMarriageFINCCHouseTopic13 [DIAL:03000A0A]);;;TIF__02000D5D;
33557852;RelationshipMarriageFINCCHouseTopic13 [DIAL:03000A0A];;[INFO:03000D5C] (in GRUP Topic Children of RelationshipMarriageFINCCHouseTopic13 [DIAL:03000A0A]);;;TIF__02000D5C;
33557851;RelationshipMarriageFINCCHouseTopic13 [DIAL:03000A0A];;[INFO:03000D5B] (in GRUP Topic Children of RelationshipMarriageFINCCHouseTopic13 [DIAL:03000A0A]);;;TIF__02000D5B;
33557850;RelationshipMarriageFINCCHouseTopic13 [DIAL:03000A0A];;[INFO:03000D5A] (in GRUP Topic Children of RelationshipMarriageFINCCHouseTopic13 [DIAL:03000A0A]);;;TIF__02000D5A;
33557849;RelationshipMarriageFINCCHouseTopic13 [DIAL:03000A0A];;[INFO:03000D59] (in GRUP Topic Children of RelationshipMarriageFINCCHouseTopic13 [DIAL:03000A0A]);;;TIF__02000D59;
33557002;;RelationshipMarriageFINCCHouseTopic13 [DIAL:03000A0A];;;RelationshipMarriageFIN [QUST:00021382];;
33557725;RelationshipMarriageFINCCHouseTopic14 [DIAL:03000A07];;[INFO:03000CDD] (in GRUP Topic Children of RelationshipMarriageFINCCHouseTopic14 [DIAL:03000A07]);;;TIF__02000CDD;
33557724;RelationshipMarriageFINCCHouseTopic14 [DIAL:03000A07];;[INFO:03000CDC] (in GRUP Topic Children of RelationshipMarriageFINCCHouseTopic14 [DIAL:03000A07]);;;TIF__02000CDC;
33557723;RelationshipMarriageFINCCHouseTopic14 [DIAL:03000A07];;[INFO:03000CDB] (in GRUP Topic Children of RelationshipMarriageFINCCHouseTopic14 [DIAL:03000A07]);;;TIF__02000CDB;
33557722;RelationshipMarriageFINCCHouseTopic14 [DIAL:03000A07];;[INFO:03000CDA] (in GRUP Topic Children of RelationshipMarriageFINCCHouseTopic14 [DIAL:03000A07]);;;TIF__02000CDA;
33557721;RelationshipMarriageFINCCHouseTopic14 [DIAL:03000A07];;[INFO:03000CD9] (in GRUP Topic Children of RelationshipMarriageFINCCHouseTopic14 [DIAL:03000A07]);;;TIF__02000CD9;
33557720;RelationshipMarriageFINCCHouseTopic14 [DIAL:03000A07];;[INFO:03000CD8] (in GRUP Topic Children of RelationshipMarriageFINCCHouseTopic14 [DIAL:03000A07]);;;TIF__02000CD8;
33557719;RelationshipMarriageFINCCHouseTopic14 [DIAL:03000A07];;[INFO:03000CD7] (in GRUP Topic Children of RelationshipMarriageFINCCHouseTopic14 [DIAL:03000A07]);;;TIF__02000CD7;
33556999;;RelationshipMarriageFINCCHouseTopic14 [DIAL:03000A07];;;RelationshipMarriageFIN [QUST:00021382];;
33557900;RelationshipMarriageFINCCHouseTopic15 [DIAL:030009F9];;[INFO:03000D8C] (in GRUP Topic Children of RelationshipMarriageFINCCHouseTopic15 [DIAL:030009F9]);;;TIF__02000D8C;
33557899;RelationshipMarriageFINCCHouseTopic15 [DIAL:030009F9];;[INFO:03000D8B] (in GRUP Topic Children of RelationshipMarriageFINCCHouseTopic15 [DIAL:030009F9]);;;TIF__02000D8B;
33557898;RelationshipMarriageFINCCHouseTopic15 [DIAL:030009F9];;[INFO:03000D8A] (in GRUP Topic Children of RelationshipMarriageFINCCHouseTopic15 [DIAL:030009F9]);;;TIF__02000D8A;
33557897;RelationshipMarriageFINCCHouseTopic15 [DIAL:030009F9];;[INFO:03000D89] (in GRUP Topic Children of RelationshipMarriageFINCCHouseTopic15 [DIAL:030009F9]);;;TIF__02000D89;
33557896;RelationshipMarriageFINCCHouseTopic15 [DIAL:030009F9];;[INFO:03000D88] (in GRUP Topic Children of RelationshipMarriageFINCCHouseTopic15 [DIAL:030009F9]);;;TIF__02000D88;
33557895;RelationshipMarriageFINCCHouseTopic15 [DIAL:030009F9];;[INFO:03000D87] (in GRUP Topic Children of RelationshipMarriageFINCCHouseTopic15 [DIAL:030009F9]);;;TIF__02000D87;
33557894;RelationshipMarriageFINCCHouseTopic15 [DIAL:030009F9];;[INFO:03000D86] (in GRUP Topic Children of RelationshipMarriageFINCCHouseTopic15 [DIAL:030009F9]);;;TIF__02000D86;
33556985;;RelationshipMarriageFINCCHouseTopic15 [DIAL:030009F9];;;RelationshipMarriageFIN [QUST:00021382];;
33557752;RelationshipMarriageFINCCHouseTopic16 [DIAL:030009F4];;[INFO:03000CF8] (in GRUP Topic Children of RelationshipMarriageFINCCHouseTopic16 [DIAL:030009F4]);;;TIF__02000CF8;
33557751;RelationshipMarriageFINCCHouseTopic16 [DIAL:030009F4];;[INFO:03000CF7] (in GRUP Topic Children of RelationshipMarriageFINCCHouseTopic16 [DIAL:030009F4]);;;TIF__02000CF7;
33557750;RelationshipMarriageFINCCHouseTopic16 [DIAL:030009F4];;[INFO:03000CF6] (in GRUP Topic Children of RelationshipMarriageFINCCHouseTopic16 [DIAL:030009F4]);;;TIF__02000CF6;
33557749;RelationshipMarriageFINCCHouseTopic16 [DIAL:030009F4];;[INFO:03000CF5] (in GRUP Topic Children of RelationshipMarriageFINCCHouseTopic16 [DIAL:030009F4]);;;TIF__02000CF5;
33557748;RelationshipMarriageFINCCHouseTopic16 [DIAL:030009F4];;[INFO:03000CF4] (in GRUP Topic Children of RelationshipMarriageFINCCHouseTopic16 [DIAL:030009F4]);;;TIF__02000CF4;
33557747;RelationshipMarriageFINCCHouseTopic16 [DIAL:030009F4];;[INFO:03000CF3] (in GRUP Topic Children of RelationshipMarriageFINCCHouseTopic16 [DIAL:030009F4]);;;TIF__02000CF3;
33557746;RelationshipMarriageFINCCHouseTopic16 [DIAL:030009F4];;[INFO:03000CF2] (in GRUP Topic Children of RelationshipMarriageFINCCHouseTopic16 [DIAL:030009F4]);;;TIF__02000CF2;
33556980;;RelationshipMarriageFINCCHouseTopic16 [DIAL:030009F4];;;RelationshipMarriageFIN [QUST:00021382];;
33557977;RelationshipMarriageFINCCHouseTopic17 [DIAL:030009EF];;[INFO:03000DD9] (in GRUP Topic Children of RelationshipMarriageFINCCHouseTopic17 [DIAL:030009EF]);;;TIF__02000DD9;
33557976;RelationshipMarriageFINCCHouseTopic17 [DIAL:030009EF];;[INFO:03000DD8] (in GRUP Topic Children of RelationshipMarriageFINCCHouseTopic17 [DIAL:030009EF]);;;TIF__02000DD8;
33557975;RelationshipMarriageFINCCHouseTopic17 [DIAL:030009EF];;[INFO:03000DD7] (in GRUP Topic Children of RelationshipMarriageFINCCHouseTopic17 [DIAL:030009EF]);;;TIF__02000DD7;
33557974;RelationshipMarriageFINCCHouseTopic17 [DIAL:030009EF];;[INFO:03000DD6] (in GRUP Topic Children of RelationshipMarriageFINCCHouseTopic17 [DIAL:030009EF]);;;TIF__02000DD6;
33557973;RelationshipMarriageFINCCHouseTopic17 [DIAL:030009EF];;[INFO:03000DD5] (in GRUP Topic Children of RelationshipMarriageFINCCHouseTopic17 [DIAL:030009EF]);;;TIF__02000DD5;
33557972;RelationshipMarriageFINCCHouseTopic17 [DIAL:030009EF];;[INFO:03000DD4] (in GRUP Topic Children of RelationshipMarriageFINCCHouseTopic17 [DIAL:030009EF]);;;TIF__02000DD4;
33557971;RelationshipMarriageFINCCHouseTopic17 [DIAL:030009EF];;[INFO:03000DD3] (in GRUP Topic Children of RelationshipMarriageFINCCHouseTopic17 [DIAL:030009EF]);;;TIF__02000DD3;
33556975;;RelationshipMarriageFINCCHouseTopic17 [DIAL:030009EF];;;RelationshipMarriageFIN [QUST:00021382];;
33557823;RelationshipMarriageFINCCHouseTopic18 [DIAL:030009EE];;[INFO:03000D3F] (in GRUP Topic Children of RelationshipMarriageFINCCHouseTopic18 [DIAL:030009EE]);;;TIF__02000D3F;
33557822;RelationshipMarriageFINCCHouseTopic18 [DIAL:030009EE];;[INFO:03000D3E] (in GRUP Topic Children of RelationshipMarriageFINCCHouseTopic18 [DIAL:030009EE]);;;TIF__02000D3E;
33557821;RelationshipMarriageFINCCHouseTopic18 [DIAL:030009EE];;[INFO:03000D3D] (in GRUP Topic Children of RelationshipMarriageFINCCHouseTopic18 [DIAL:030009EE]);;;TIF__02000D3D;
33557820;RelationshipMarriageFINCCHouseTopic18 [DIAL:030009EE];;[INFO:03000D3C] (in GRUP Topic Children of RelationshipMarriageFINCCHouseTopic18 [DIAL:030009EE]);;;TIF__02000D3C;
33557819;RelationshipMarriageFINCCHouseTopic18 [DIAL:030009EE];;[INFO:03000D3B] (in GRUP Topic Children of RelationshipMarriageFINCCHouseTopic18 [DIAL:030009EE]);;;TIF__02000D3B;
33557818;RelationshipMarriageFINCCHouseTopic18 [DIAL:030009EE];;[INFO:03000D3A] (in GRUP Topic Children of RelationshipMarriageFINCCHouseTopic18 [DIAL:030009EE]);;;TIF__02000D3A;
33557817;RelationshipMarriageFINCCHouseTopic18 [DIAL:030009EE];;[INFO:03000D39] (in GRUP Topic Children of RelationshipMarriageFINCCHouseTopic18 [DIAL:030009EE]);;;TIF__02000D39;
33556974;;RelationshipMarriageFINCCHouseTopic18 [DIAL:030009EE];;;RelationshipMarriageFIN [QUST:00021382];;
33557921;RelationshipMarriageFINCCHouseTopic19 [DIAL:030009B9];;[INFO:03000DA1] (in GRUP Topic Children of RelationshipMarriageFINCCHouseTopic19 [DIAL:030009B9]);;;TIF__02000DA1;
33557920;RelationshipMarriageFINCCHouseTopic19 [DIAL:030009B9];;[INFO:03000DA0] (in GRUP Topic Children of RelationshipMarriageFINCCHouseTopic19 [DIAL:030009B9]);;;TIF__02000DA0;
33557919;RelationshipMarriageFINCCHouseTopic19 [DIAL:030009B9];;[INFO:03000D9F] (in GRUP Topic Children of RelationshipMarriageFINCCHouseTopic19 [DIAL:030009B9]);;;TIF__02000D9F;
33557918;RelationshipMarriageFINCCHouseTopic19 [DIAL:030009B9];;[INFO:03000D9E] (in GRUP Topic Children of RelationshipMarriageFINCCHouseTopic19 [DIAL:030009B9]);;;TIF__02000D9E;
33557917;RelationshipMarriageFINCCHouseTopic19 [DIAL:030009B9];;[INFO:03000D9D] (in GRUP Topic Children of RelationshipMarriageFINCCHouseTopic19 [DIAL:030009B9]);;;TIF__02000D9D;
33557916;RelationshipMarriageFINCCHouseTopic19 [DIAL:030009B9];;[INFO:03000D9C] (in GRUP Topic Children of RelationshipMarriageFINCCHouseTopic19 [DIAL:030009B9]);;;TIF__02000D9C;
33557915;RelationshipMarriageFINCCHouseTopic19 [DIAL:030009B9];;[INFO:03000D9B] (in GRUP Topic Children of RelationshipMarriageFINCCHouseTopic19 [DIAL:030009B9]);;;TIF__02000D9B;
33556921;;RelationshipMarriageFINCCHouseTopic19 [DIAL:030009B9];;;RelationshipMarriageFIN [QUST:00021382];;
33557834;RelationshipMarriageFINCCHouseTopic20 [DIAL:030009AD];;[INFO:03000D4A] (in GRUP Topic Children of RelationshipMarriageFINCCHouseTopic20 [DIAL:030009AD]);;;TIF__02000D4A;
33557833;RelationshipMarriageFINCCHouseTopic20 [DIAL:030009AD];;[INFO:03000D49] (in GRUP Topic Children of RelationshipMarriageFINCCHouseTopic20 [DIAL:030009AD]);;;TIF__02000D49;
33557832;RelationshipMarriageFINCCHouseTopic20 [DIAL:030009AD];;[INFO:03000D48] (in GRUP Topic Children of RelationshipMarriageFINCCHouseTopic20 [DIAL:030009AD]);;;TIF__02000D48;
33557831;RelationshipMarriageFINCCHouseTopic20 [DIAL:030009AD];;[INFO:03000D47] (in GRUP Topic Children of RelationshipMarriageFINCCHouseTopic20 [DIAL:030009AD]);;;TIF__02000D47;
33557830;RelationshipMarriageFINCCHouseTopic20 [DIAL:030009AD];;[INFO:03000D46] (in GRUP Topic Children of RelationshipMarriageFINCCHouseTopic20 [DIAL:030009AD]);;;TIF__02000D46;
33557829;RelationshipMarriageFINCCHouseTopic20 [DIAL:030009AD];;[INFO:03000D45] (in GRUP Topic Children of RelationshipMarriageFINCCHouseTopic20 [DIAL:030009AD]);;;TIF__02000D45;
33557828;RelationshipMarriageFINCCHouseTopic20 [DIAL:030009AD];;[INFO:03000D44] (in GRUP Topic Children of RelationshipMarriageFINCCHouseTopic20 [DIAL:030009AD]);;;TIF__02000D44;
33556909;;RelationshipMarriageFINCCHouseTopic20 [DIAL:030009AD];;;RelationshipMarriageFIN [QUST:00021382];;
33557630;RelationshipAdoption_MoveToCCHouse01 "Tundra Homestead." [DIAL:030009A9];;[INFO:03000C7E] ([G] in GRUP Topic Children of RelationshipAdoption_MoveToCCHouse01 "Tundra Homestead." [DIAL:030009A9]);;;TIF__02000C7E;
33557629;RelationshipAdoption_MoveToCCHouse01 "Tundra Homestead." [DIAL:030009A9];;[INFO:03000C7D] ([G] in GRUP Topic Children of RelationshipAdoption_MoveToCCHouse01 "Tundra Homestead." [DIAL:030009A9]);;;TIF__02000C7D;
33556905;;RelationshipAdoption_MoveToCCHouse01 "Tundra Homestead." [DIAL:030009A9];;Tundra Homestead.;BYOHRelationshipAdoption [QUST:030042B4];;
33557857;RelationshipAdoption_MoveToCCHouse02 "Myrwatch." [DIAL:030009A8];;[INFO:03000D61] ([G] in GRUP Topic Children of RelationshipAdoption_MoveToCCHouse02 "Myrwatch." [DIAL:030009A8]);;;TIF__02000D61;
33557856;RelationshipAdoption_MoveToCCHouse02 "Myrwatch." [DIAL:030009A8];;[INFO:03000D60] ([G] in GRUP Topic Children of RelationshipAdoption_MoveToCCHouse02 "Myrwatch." [DIAL:030009A8]);;;TIF__02000D60;
33556904;;RelationshipAdoption_MoveToCCHouse02 "Myrwatch." [DIAL:030009A8];;Myrwatch.;BYOHRelationshipAdoption [QUST:030042B4];;
33557727;RelationshipAdoption_MoveToCCHouse03 "Shadowfoot Sanctum." [DIAL:030009A7];;[INFO:03000CDF] ([G] in GRUP Topic Children of RelationshipAdoption_MoveToCCHouse03 "Shadowfoot Sanctum." [DIAL:030009A7]);;;TIF__02000CDF;
33557726;RelationshipAdoption_MoveToCCHouse03 "Shadowfoot Sanctum." [DIAL:030009A7];;[INFO:03000CDE] ([G] in GRUP Topic Children of RelationshipAdoption_MoveToCCHouse03 "Shadowfoot Sanctum." [DIAL:030009A7]);;;TIF__02000CDE;
33556903;;RelationshipAdoption_MoveToCCHouse03 "Shadowfoot Sanctum." [DIAL:030009A7];;Shadowfoot Sanctum.;BYOHRelationshipAdoption [QUST:030042B4];;
33557826;RelationshipAdoption_MoveToCCHouse04 "Nchuanthumz." [DIAL:030009A6];;[INFO:03000D42] ([G] in GRUP Topic Children of RelationshipAdoption_MoveToCCHouse04 "Nchuanthumz." [DIAL:030009A6]);;;TIF__02000D42;
33557825;RelationshipAdoption_MoveToCCHouse04 "Nchuanthumz." [DIAL:030009A6];;[INFO:03000D41] ([G] in GRUP Topic Children of RelationshipAdoption_MoveToCCHouse04 "Nchuanthumz." [DIAL:030009A6]);;;TIF__02000D41;
33556902;;RelationshipAdoption_MoveToCCHouse04 "Nchuanthumz." [DIAL:030009A6];;Nchuanthumz.;BYOHRelationshipAdoption [QUST:030042B4];;
33557712;RelationshipAdoption_MoveToCCHouse05 "Hendraheim." [DIAL:030009A5];;[INFO:03000CD0] ([G] in GRUP Topic Children of RelationshipAdoption_MoveToCCHouse05 "Hendraheim." [DIAL:030009A5]);;;TIF__02000CD0;
33557711;RelationshipAdoption_MoveToCCHouse05 "Hendraheim." [DIAL:030009A5];;[INFO:03000CCF] ([G] in GRUP Topic Children of RelationshipAdoption_MoveToCCHouse05 "Hendraheim." [DIAL:030009A5]);;;TIF__02000CCF;
33556901;;RelationshipAdoption_MoveToCCHouse05 "Hendraheim." [DIAL:030009A5];;Hendraheim.;BYOHRelationshipAdoption [QUST:030042B4];;
33557816;RelationshipAdoption_MoveToCCHouse06 "Gallows Hall." [DIAL:0300099A];;[INFO:03000D38] ([G] in GRUP Topic Children of RelationshipAdoption_MoveToCCHouse06 "Gallows Hall." [DIAL:0300099A]);;;TIF__02000D38;
33557815;RelationshipAdoption_MoveToCCHouse06 "Gallows Hall." [DIAL:0300099A];;[INFO:03000D37] ([G] in GRUP Topic Children of RelationshipAdoption_MoveToCCHouse06 "Gallows Hall." [DIAL:0300099A]);;;TIF__02000D37;
33556890;;RelationshipAdoption_MoveToCCHouse06 "Gallows Hall." [DIAL:0300099A];;Gallows Hall.;BYOHRelationshipAdoption [QUST:030042B4];;
33557694;RelationshipAdoption_MoveToCCHouse07 "Bloodchill Manor." [DIAL:0300096E];;[INFO:03000CBE] ([G] in GRUP Topic Children of RelationshipAdoption_MoveToCCHouse07 "Bloodchill Manor." [DIAL:0300096E]);;;TIF__02000CBE;
33557693;RelationshipAdoption_MoveToCCHouse07 "Bloodchill Manor." [DIAL:0300096E];;[INFO:03000CBD] ([G] in GRUP Topic Children of RelationshipAdoption_MoveToCCHouse07 "Bloodchill Manor." [DIAL:0300096E]);;;TIF__02000CBD;
33556846;;RelationshipAdoption_MoveToCCHouse07 "Bloodchill Manor." [DIAL:0300096E];;Bloodchill Manor.;BYOHRelationshipAdoption [QUST:030042B4];;
33557779;RelationshipAdoption_MoveToCCHouse08 "Dead Man's Dread." [DIAL:0300096D];;[INFO:03000D13] ([G] in GRUP Topic Children of RelationshipAdoption_MoveToCCHouse08 "Dead Man's Dread." [DIAL:0300096D]);;;TIF__02000D13;
33557778;RelationshipAdoption_MoveToCCHouse08 "Dead Man's Dread." [DIAL:0300096D];;[INFO:03000D12] ([G] in GRUP Topic Children of RelationshipAdoption_MoveToCCHouse08 "Dead Man's Dread." [DIAL:0300096D]);;;TIF__02000D12;
33556845;;RelationshipAdoption_MoveToCCHouse08 "Dead Man's Dread." [DIAL:0300096D];;Dead Man's Dread.;BYOHRelationshipAdoption [QUST:030042B4];;
33557684;RelationshipAdoption_MoveToCCHouse09 [DIAL:03000920];;[INFO:03000CB4] ([G] in GRUP Topic Children of RelationshipAdoption_MoveToCCHouse09 [DIAL:03000920]);;;TIF__02000CB4;
33557683;RelationshipAdoption_MoveToCCHouse09 [DIAL:03000920];;[INFO:03000CB3] ([G] in GRUP Topic Children of RelationshipAdoption_MoveToCCHouse09 [DIAL:03000920]);;;TIF__02000CB3;
33556768;;RelationshipAdoption_MoveToCCHouse09 [DIAL:03000920];;;BYOHRelationshipAdoption [QUST:030042B4];;
33557770;RelationshipAdoption_MoveToCCHouse10 "Goldenhills Plantation." [DIAL:0300091F];;[INFO:03000D0A] ([G] in GRUP Topic Children of RelationshipAdoption_MoveToCCHouse10 "Goldenhills Plantation." [DIAL:0300091F]);;;TIF__02000D0A;
33557769;RelationshipAdoption_MoveToCCHouse10 "Goldenhills Plantation." [DIAL:0300091F];;[INFO:03000D09] ([G] in GRUP Topic Children of RelationshipAdoption_MoveToCCHouse10 "Goldenhills Plantation." [DIAL:0300091F]);;;TIF__02000D09;
33556767;;RelationshipAdoption_MoveToCCHouse10 "Goldenhills Plantation." [DIAL:0300091F];;Goldenhills Plantation.;BYOHRelationshipAdoption [QUST:030042B4];;
33557682;RelationshipAdoption_MoveToCCHouse11 [DIAL:0300091E];;[INFO:03000CB2] ([G] in GRUP Topic Children of RelationshipAdoption_MoveToCCHouse11 [DIAL:0300091E]);;;TIF__02000CB2;
33557681;RelationshipAdoption_MoveToCCHouse11 [DIAL:0300091E];;[INFO:03000CB1] ([G] in GRUP Topic Children of RelationshipAdoption_MoveToCCHouse11 [DIAL:0300091E]);;;TIF__02000CB1;
33556766;;RelationshipAdoption_MoveToCCHouse11 [DIAL:0300091E];;;BYOHRelationshipAdoption [QUST:030042B4];;
33557754;RelationshipAdoption_MoveToCCHouse12 [DIAL:0300091D];;[INFO:03000CFA] ([G] in GRUP Topic Children of RelationshipAdoption_MoveToCCHouse12 [DIAL:0300091D]);;;TIF__02000CFA;
33557753;RelationshipAdoption_MoveToCCHouse12 [DIAL:0300091D];;[INFO:03000CF9] ([G] in GRUP Topic Children of RelationshipAdoption_MoveToCCHouse12 [DIAL:0300091D]);;;TIF__02000CF9;
33556765;;RelationshipAdoption_MoveToCCHouse12 [DIAL:0300091D];;;BYOHRelationshipAdoption [QUST:030042B4];;
33557678;RelationshipAdoption_MoveToCCHouse13 [DIAL:0300091C];;[INFO:03000CAE] ([G] in GRUP Topic Children of RelationshipAdoption_MoveToCCHouse13 [DIAL:0300091C]);;;TIF__02000CAE;
33557677;RelationshipAdoption_MoveToCCHouse13 [DIAL:0300091C];;[INFO:03000CAD] ([G] in GRUP Topic Children of RelationshipAdoption_MoveToCCHouse13 [DIAL:0300091C]);;;TIF__02000CAD;
33556764;;RelationshipAdoption_MoveToCCHouse13 [DIAL:0300091C];;;BYOHRelationshipAdoption [QUST:030042B4];;
33557738;RelationshipAdoption_MoveToCCHouse14 [DIAL:030008F9];;[INFO:03000CEA] ([G] in GRUP Topic Children of RelationshipAdoption_MoveToCCHouse14 [DIAL:030008F9]);;;TIF__02000CEA;
33557737;RelationshipAdoption_MoveToCCHouse14 [DIAL:030008F9];;[INFO:03000CE9] ([G] in GRUP Topic Children of RelationshipAdoption_MoveToCCHouse14 [DIAL:030008F9]);;;TIF__02000CE9;
33556729;;RelationshipAdoption_MoveToCCHouse14 [DIAL:030008F9];;;BYOHRelationshipAdoption [QUST:030042B4];;
33557675;RelationshipAdoption_MoveToCCHouse15 [DIAL:030008F1];;[INFO:03000CAB] ([G] in GRUP Topic Children of RelationshipAdoption_MoveToCCHouse15 [DIAL:030008F1]);;;TIF__02000CAB;
33557674;RelationshipAdoption_MoveToCCHouse15 [DIAL:030008F1];;[INFO:03000CAA] ([G] in GRUP Topic Children of RelationshipAdoption_MoveToCCHouse15 [DIAL:030008F1]);;;TIF__02000CAA;
33556721;;RelationshipAdoption_MoveToCCHouse15 [DIAL:030008F1];;;BYOHRelationshipAdoption [QUST:030042B4];;
33557729;RelationshipAdoption_MoveToCCHouse16 [DIAL:030008F0];;[INFO:03000CE1] ([G] in GRUP Topic Children of RelationshipAdoption_MoveToCCHouse16 [DIAL:030008F0]);;;TIF__02000CE1;
33557728;RelationshipAdoption_MoveToCCHouse16 [DIAL:030008F0];;[INFO:03000CE0] ([G] in GRUP Topic Children of RelationshipAdoption_MoveToCCHouse16 [DIAL:030008F0]);;;TIF__02000CE0;
33556720;;RelationshipAdoption_MoveToCCHouse16 [DIAL:030008F0];;;BYOHRelationshipAdoption [QUST:030042B4];;
33557665;RelationshipAdoption_MoveToCCHouse17 [DIAL:030008EE];;[INFO:03000CA1] ([G] in GRUP Topic Children of RelationshipAdoption_MoveToCCHouse17 [DIAL:030008EE]);;;TIF__02000CA1;
33557664;RelationshipAdoption_MoveToCCHouse17 [DIAL:030008EE];;[INFO:03000CA0] ([G] in GRUP Topic Children of RelationshipAdoption_MoveToCCHouse17 [DIAL:030008EE]);;;TIF__02000CA0;
33556718;;RelationshipAdoption_MoveToCCHouse17 [DIAL:030008EE];;;BYOHRelationshipAdoption [QUST:030042B4];;
33557714;RelationshipAdoption_MoveToCCHouse18 [DIAL:030008ED];;[INFO:03000CD2] ([G] in GRUP Topic Children of RelationshipAdoption_MoveToCCHouse18 [DIAL:030008ED]);;;TIF__02000CD2;
33557713;RelationshipAdoption_MoveToCCHouse18 [DIAL:030008ED];;[INFO:03000CD1] ([G] in GRUP Topic Children of RelationshipAdoption_MoveToCCHouse18 [DIAL:030008ED]);;;TIF__02000CD1;
33556717;;RelationshipAdoption_MoveToCCHouse18 [DIAL:030008ED];;;BYOHRelationshipAdoption [QUST:030042B4];;
33557655;RelationshipAdoption_MoveToCCHouse19 [DIAL:030008E5];;[INFO:03000C97] ([G] in GRUP Topic Children of RelationshipAdoption_MoveToCCHouse19 [DIAL:030008E5]);;;TIF__02000C97;
33557654;RelationshipAdoption_MoveToCCHouse19 [DIAL:030008E5];;[INFO:03000C96] ([G] in GRUP Topic Children of RelationshipAdoption_MoveToCCHouse19 [DIAL:030008E5]);;;TIF__02000C96;
33556709;;RelationshipAdoption_MoveToCCHouse19 [DIAL:030008E5];;;BYOHRelationshipAdoption [QUST:030042B4];;
33557710;RelationshipAdoption_MoveToCCHouse20 [DIAL:030008E3];;[INFO:03000CCE] ([G] in GRUP Topic Children of RelationshipAdoption_MoveToCCHouse20 [DIAL:030008E3]);;;TIF__02000CCE;
33557709;RelationshipAdoption_MoveToCCHouse20 [DIAL:030008E3];;[INFO:03000CCD] ([G] in GRUP Topic Children of RelationshipAdoption_MoveToCCHouse20 [DIAL:030008E3]);;;TIF__02000CCD;
33556707;;RelationshipAdoption_MoveToCCHouse20 [DIAL:030008E3];;;BYOHRelationshipAdoption [QUST:030042B4];;
33557685;BYOHRelationshipAdoptable_ProposeCCHouse01 "Yes, Tundra Homestead." [DIAL:030008E2];;[INFO:03000CB5] (in GRUP Topic Children of BYOHRelationshipAdoptable_ProposeCCHouse01 "Yes, Tundra Homestead." [DIAL:030008E2]);;;TIF__02000CB5;
33556706;;BYOHRelationshipAdoptable_ProposeCCHouse01 "Yes, Tundra Homestead." [DIAL:030008E2];;Yes, Tundra Homestead.;BYOHRelationshipAdoptable [QUST:03004291];;
33557653;BYOHRelationshipAdoptable_ProposeCCHouse02 "Yes, Myrwatch." [DIAL:030008D5];;[INFO:03000C95] (in GRUP Topic Children of BYOHRelationshipAdoptable_ProposeCCHouse02 "Yes, Myrwatch." [DIAL:030008D5]);;;TIF__02000C95;
33556693;;BYOHRelationshipAdoptable_ProposeCCHouse02 "Yes, Myrwatch." [DIAL:030008D5];;Yes, Myrwatch.;BYOHRelationshipAdoptable [QUST:03004291];;
33557652;BYOHRelationshipAdoptable_ProposeCCHouse03 "Yes, Shadowfoot Sanctum." [DIAL:030008D4];;[INFO:03000C94] (in GRUP Topic Children of BYOHRelationshipAdoptable_ProposeCCHouse03 "Yes, Shadowfoot Sanctum." [DIAL:030008D4]);;;TIF__02000C94;
33556692;;BYOHRelationshipAdoptable_ProposeCCHouse03 "Yes, Shadowfoot Sanctum." [DIAL:030008D4];;Yes, Shadowfoot Sanctum.;BYOHRelationshipAdoptable [QUST:03004291];;
33556680;BYOHHouseBanditAttack2BossWalkaway "You're dead." [DIAL:030008C7];;[INFO:030008C8] ([G]'You don't get a second chance with me.' in GRUP Topic Children of BYOHHouseBanditAttack2BossWalkaway "You're dead." [DIAL:030008C7]);;;BYOH_TIF__010008C8;
33556679;;BYOHHouseBanditAttack2BossWalkaway "You're dead." [DIAL:030008C7];;You're dead.;BYOHHouseBanditAttack2 [QUST:030008A8];;
33557651;BYOHRelationshipAdoptable_ProposeCCHouse04 "Yes, Nchuanthumz." [DIAL:030008C1];;[INFO:03000C93] (in GRUP Topic Children of BYOHRelationshipAdoptable_ProposeCCHouse04 "Yes, Nchuanthumz." [DIAL:030008C1]);;;TIF__02000C93;
33556673;;BYOHRelationshipAdoptable_ProposeCCHouse04 "Yes, Nchuanthumz." [DIAL:030008C1];;Yes, Nchuanthumz.;BYOHRelationshipAdoptable [QUST:03004291];;
33556668;BYOHHouseBanditAttack2BossPersuade2 [DIAL:030008BB];;[INFO:030008BC] ([G]'Have it your way. It isn't worth it. There are easier ways to make money.' in GRUP Topic Children of BYOHHouseBanditAttack2BossPersuade2 [DIAL:030008BB]);;;;
33556667;;BYOHHouseBanditAttack2BossPersuade2 [DIAL:030008BB];;;BYOHHouseBanditAttack2 [QUST:030008A8];;
33556674;[DIAL:030008BA];;[INFO:030008C2] ([R]'I can't wait to get back home.' in GRUP Topic Children of [DIAL:030008BA]);;;;
33556666;;[DIAL:030008BA];;;BYOHHouseBanditAttack2 [QUST:030008A8];;
33556671;[DIAL:030008B9];;[INFO:030008BF] ([R][RE]'I think you're looking for the chief.' in GRUP Topic Children of [DIAL:030008B9]);;;;
33556670;[DIAL:030008B9];;[INFO:030008BE] ([R]'You don't want to be bothering me.' in GRUP Topic Children of [DIAL:030008B9]);;;;
33556669;[DIAL:030008B9];;[INFO:030008BD] ([R]'Get lost.' in GRUP Topic Children of [DIAL:030008B9]);;;;
33556665;;[DIAL:030008B9];;;BYOHHouseBanditPacifier [QUST:030008C3];;
33557650;BYOHRelationshipAdoptable_ProposeCCHouse05 "Yes, Hendraheim." [DIAL:03000894];;[INFO:03000C92] (in GRUP Topic Children of BYOHRelationshipAdoptable_ProposeCCHouse05 "Yes, Hendraheim." [DIAL:03000894]);;;TIF__02000C92;
33556628;;BYOHRelationshipAdoptable_ProposeCCHouse05 "Yes, Hendraheim." [DIAL:03000894];;Yes, Hendraheim.;BYOHRelationshipAdoptable [QUST:03004291];;
33557649;BYOHRelationshipAdoptable_ProposeCCHouse06 "Yes, Gallows Hall." [DIAL:0300088F];;[INFO:03000C91] (in GRUP Topic Children of BYOHRelationshipAdoptable_ProposeCCHouse06 "Yes, Gallows Hall." [DIAL:0300088F]);;;TIF__02000C91;
33556623;;BYOHRelationshipAdoptable_ProposeCCHouse06 "Yes, Gallows Hall." [DIAL:0300088F];;Yes, Gallows Hall.;BYOHRelationshipAdoptable [QUST:03004291];;
33556647;[DIAL:03000887];;[INFO:030008A7] (in GRUP Topic Children of [DIAL:03000887]);;;;
33556646;[DIAL:03000887];;[INFO:030008A6] ('I think there's something in the basement. I'm afraid to go down there.' in GRUP Topic Children of [DIAL:03000887]);;;;
33556615;;[DIAL:03000887];;;BYOHHouseSkeeverInfestation [QUST:03010A44];;
33556631;[DIAL:03000886];;BYOHHouseSkeeverInfestationSpouseHello [INFO:03000897] ('Could you take a look in the basement? I've been hearing strange noises down there lately.' in GRUP Topic Children of [DIAL:03000886]);;;;
33556614;;[DIAL:03000886];;;BYOHHouseSkeeverInfestation [QUST:03010A44];;
33556627;[DIAL:03000885];;[INFO:03000893] ([SO]'You're stupid. All we wanted was money! They're gonna cut her throat now!' in GRUP Topic Children of [DIAL:03000885]);;;;
33556626;[DIAL:03000885];;[INFO:03000892] ([SO]'You're stupid. All we wanted was money! They're gonna cut his throat now!' in GRUP Topic Children of [DIAL:03000885]);;;;
33556625;[DIAL:03000885];;[INFO:03000891] ([R]'You won't enter this house while I live!' in GRUP Topic Children of [DIAL:03000885]);;;;
33556624;[DIAL:03000885];;[INFO:03000890] ([R]'I'll try to hold them off!' in GRUP Topic Children of [DIAL:03000885]);;;;
33556613;;[DIAL:03000885];;;BYOHHouseBanditAttack2 [QUST:030008A8];;
33556645;BYOHHouseBanditAttack2SpouseTopic "Let's get out of here." [DIAL:03000884];;[INFO:030008A5] ([G]'I'm glad to see you! Let's get out of here!' in GRUP Topic Children of BYOHHouseBanditAttack2SpouseTopic "Let's get out of here." [DIAL:03000884]);;;BYOH_TIF__010008A5;
33556644;BYOHHouseBanditAttack2SpouseTopic "Let's get out of here." [DIAL:03000884];;[INFO:030008A4] ([G] in GRUP Topic Children of BYOHHouseBanditAttack2SpouseTopic "Let's get out of here." [DIAL:03000884]);;;BYOH_TIF__010008A4;
33556643;BYOHHouseBanditAttack2SpouseTopic "Let's get out of here." [DIAL:03000884];;[INFO:030008A3] ([G]'I knew you'd come for me!' in GRUP Topic Children of BYOHHouseBanditAttack2SpouseTopic "Let's get out of here." [DIAL:03000884]);;;;
33556642;BYOHHouseBanditAttack2SpouseTopic "Let's get out of here." [DIAL:03000884];;[INFO:030008A2] ([G]'I just want to get out of here!' in GRUP Topic Children of BYOHHouseBanditAttack2SpouseTopic "Let's get out of here." [DIAL:03000884]);;;;
33556612;;BYOHHouseBanditAttack2SpouseTopic "Let's get out of here." [DIAL:03000884];;Let's get out of here.;BYOHHouseBanditAttack2 [QUST:030008A8];;
33556611;;BYOHHouseBanditAttack2RescueYes "Come on. Let's go." [DIAL:03000883];;Come on. Let's go.;BYOHHouseBanditAttack2 [QUST:030008A8];;
33556610;;BYOHHouseBanditAttack2RescueNo "Not yet. I'll be back for you." [DIAL:03000882];;Not yet. I'll be back for you.;BYOHHouseBanditAttack2 [QUST:030008A8];;
33556641;BYOHHouseBanditAttack2BanditTopic "What do you want?" [DIAL:03000881];;[INFO:030008A1] ([G]'You gotta talk to the chief. Rochelle.' in GRUP Topic Children of BYOHHouseBanditAttack2BanditTopic "What do you want?" [DIAL:03000881]);;;;
33556640;BYOHHouseBanditAttack2BanditTopic "What do you want?" [DIAL:03000881];;[INFO:030008A0] ('The chief wanted me to tell you... your boyfriend was real nice to us while you were gone.' in GRUP Topic Children of BYOHHouseBanditAttack2BanditTopic "What do you want?" [DIAL:03000881]);;;;
33556639;BYOHHouseBanditAttack2BanditTopic "What do you want?" [DIAL:03000881];;[INFO:0300089F] ('The chief wanted me to tell you... your girlfriend was real nice to us while you were gone.' in GRUP Topic Children of BYOHHouseBanditAttack2BanditTopic "What do you want?" [DIAL:03000881]);;;;
33556638;BYOHHouseBanditAttack2BanditTopic "What do you want?" [DIAL:03000881];;[INFO:0300089E] ('Well, well. You're a lot smarter than I expected. I hope you brought the gold.' in GRUP Topic Children of BYOHHouseBanditAttack2BanditTopic "What do you want?" [DIAL:03000881]);;;;
33556672;BYOHHouseBanditAttack2BanditTopic "What do you want?" [DIAL:03000881];;[INFO:030008C0] ([G]'You'd better be on your way now.' in GRUP Topic Children of BYOHHouseBanditAttack2BanditTopic "What do you want?" [DIAL:03000881]);;;;
33556637;BYOHHouseBanditAttack2BanditTopic "What do you want?" [DIAL:03000881];;[INFO:0300089D] ([G]'Don't worry, he's on his way. Just be patient for a minute.' in GRUP Topic Children of BYOHHouseBanditAttack2BanditTopic "What do you want?" [DIAL:03000881]);;;;
33556636;BYOHHouseBanditAttack2BanditTopic "What do you want?" [DIAL:03000881];;[INFO:0300089C] ([G]'Don't worry, she's on her way. Just be patient for a minute.' in GRUP Topic Children of BYOHHouseBanditAttack2BanditTopic "What do you want?" [DIAL:03000881]);;;;
33556609;;BYOHHouseBanditAttack2BanditTopic "What do you want?" [DIAL:03000881];;What do you want?;BYOHHouseBanditAttack2 [QUST:030008A8];;
33556622;BYOHHouseBanditAttack2SpouseWhere "What did you do to my wife?" [DIAL:03000880];;[INFO:0300088E] ([G]'Relax, hero... he's fine. At least he was. The chief liked him so much, she took him back home. Here's a letter for you.' in GRUP Topic Children of BYOHHouseBanditAttack2SpouseWhere "What did you do to my wife?" [DIAL:03000880]);;;BYOH_TIF__0100088E;What did you do to my husband?
33556621;BYOHHouseBanditAttack2SpouseWhere "What did you do to my wife?" [DIAL:03000880];;[INFO:0300088D] ([G]'Relax, hero. She's fine. At least she was. The chief liked her so much, she took her back home. Here's a letter for you.' in GRUP Topic Children of BYOHHouseBanditAttack2SpouseWhere "What did you do to my wife?" [DIAL:03000880]);;;BYOH_TIF__0100088D;
33556608;;BYOHHouseBanditAttack2SpouseWhere "What did you do to my wife?" [DIAL:03000880];;What did you do to my wife?;BYOHHouseBanditAttack2 [QUST:030008A8];;
33556616;BYOHHouseBanditAttack2BanditDead "I've heard enough. You're dead." [DIAL:0300087F];;[INFO:03000888] ([G]'Maybe you want to read this first.' in GRUP Topic Children of BYOHHouseBanditAttack2BanditDead "I've heard enough. You're dead." [DIAL:0300087F]);;;BYOH_TIF__01000888;
33556607;;BYOHHouseBanditAttack2BanditDead "I've heard enough. You're dead." [DIAL:0300087F];;I've heard enough. You're dead.;BYOHHouseBanditAttack2 [QUST:030008A8];;
33556635;BYOHHouseBanditAttack2BossPayRansom "Here's your money. She'd better be safe. (Give <Global=BYOHHBA2Ransom> gold)" [DIAL:0300087E];;[INFO:0300089B] ([G]'Don't worry, we're not monsters. He's fine. We get the money, you get the guy. Everybody wins, right?' in GRUP Topic Children of BYOHHouseBanditAttack2BossPayRansom "Here's your money. She'd better be safe. (Give <Global=BYOHHBA2Ransom> gold)" [DIAL:0300087E]);;;BYOH_TIF__0100089B;Here's your money. He'd better be safe. (Give <Global=BYOHHBA2Ransom> gold)
33556634;BYOHHouseBanditAttack2BossPayRansom "Here's your money. She'd better be safe. (Give <Global=BYOHHBA2Ransom> gold)" [DIAL:0300087E];;[INFO:0300089A] ([G]'Don't worry, we're not monsters. She's fine. We get the money, you get the girl. Everybody wins, right?' in GRUP Topic Children of BYOHHouseBanditAttack2BossPayRansom "Here's your money. She'd better be safe. (Give <Global=BYOHHBA2Ransom> gold)" [DIAL:0300087E]);;;BYOH_TIF__0100089A;
33556606;;BYOHHouseBanditAttack2BossPayRansom "Here's your money. She'd better be safe. (Give <Global=BYOHHBA2Ransom> gold)" [DIAL:0300087E];;Here's your money. She'd better be safe. (Give <Global=BYOHHBA2Ransom> gold);BYOHHouseBanditAttack2 [QUST:030008A8];;
33556633;BYOHHouseBanditAttack2BossPersuade "How about you just let her go and nobody has to get hurt? (Persuade)" [DIAL:0300087D];;[INFO:03000899] ('You look like the type who'd rather let your boyfriend die than fork over some gold. And people think we're heartless monsters...' in GRUP Topic Children of BYOHHouseBanditAttack2BossPersuade "How about you just let her go and nobody has to get hurt? (Persuade)" [DIAL:0300087D]);;;BYOH_TIF__01000899;How about you just let him go and nobody has to get hurt? (Persuade)
33556632;BYOHHouseBanditAttack2BossPersuade "How about you just let her go and nobody has to get hurt? (Persuade)" [DIAL:0300087D];;[INFO:03000898] ('You look like the type who'd rather let your girlfriend die than fork over some gold. And people think we're heartless monsters...' in GRUP Topic Children of BYOHHouseBanditAttack2BossPersuade "How about you just let her go and nobody has to get hurt? (Persuade)" [DIAL:0300087D]);;;BYOH_TIF__01000898;
33556605;;BYOHHouseBanditAttack2BossPersuade "How about you just let her go and nobody has to get hurt? (Persuade)" [DIAL:0300087D];;How about you just let her go and nobody has to get hurt? (Persuade);BYOHHouseBanditAttack2 [QUST:030008A8];;
33556630;BYOHHouseBanditAttack2BossNoMoney "I don't have the money. Can't you just let her go?" [DIAL:0300087C];;[INFO:03000896] ([G]'Well if you don't have any money, what are we standing here talking about?' in GRUP Topic Children of BYOHHouseBanditAttack2BossNoMoney "I don't have the money. Can't you just let her go?" [DIAL:0300087C]);;;BYOH_TIF__01000896;I don't have the money. Can't you just let him go?
33556629;BYOHHouseBanditAttack2BossNoMoney "I don't have the money. Can't you just let her go?" [DIAL:0300087C];;[INFO:03000895] ([G]'Well if you don't have any money, what are we standing here talking about?' in GRUP Topic Children of BYOHHouseBanditAttack2BossNoMoney "I don't have the money. Can't you just let her go?" [DIAL:0300087C]);;;BYOH_TIF__01000895;
33556604;;BYOHHouseBanditAttack2BossNoMoney "I don't have the money. Can't you just let her go?" [DIAL:0300087C];;I don't have the money. Can't you just let her go?;BYOHHouseBanditAttack2 [QUST:030008A8];;
33556851;[DIAL:0300087B];;BYOHHouseBanditAttackSpouseRescue [INFO:03000973] ([G]'I knew you'd come for me!' in GRUP Topic Children of [DIAL:0300087B]);;;;
33556620;[DIAL:0300087B];;BYOHHouseBanditAttack2NoMoney [INFO:0300088C] ([G]'Well if you don't have any money, what are we standing here talking about?' in GRUP Topic Children of [DIAL:0300087B]);;;;
33556603;;[DIAL:0300087B];;;BYOHHouseBanditAttack2 [QUST:030008A8];;
33556619;BYOHHouseBanditAttack2BossIntimidate "Money's not going to do you much good after I've killed you." [DIAL:0300087A];;[INFO:0300088B] ([G]'Is that how you want to play it, huh? That's fine with me.' in GRUP Topic Children of BYOHHouseBanditAttack2BossIntimidate "Money's not going to do you much good after I've killed you." [DIAL:0300087A]);;;BYOH_TIF__0100088B;
33556618;BYOHHouseBanditAttack2BossIntimidate "Money's not going to do you much good after I've killed you." [DIAL:0300087A];;[INFO:0300088A] ([G]'Hold on. We didn't know it was you we were messing with. Look, we'll let him go and call it even, all right? No need for any more trouble.' in GRUP Topic Children of BYOHHouseBanditAttack2BossIntimidate "Money's not going to do you much good after I've killed you." [DIAL:0300087A]);;;BYOH_TIF__0100088A;
33556617;BYOHHouseBanditAttack2BossIntimidate "Money's not going to do you much good after I've killed you." [DIAL:0300087A];;[INFO:03000889] ([G]'Hold on. We didn't know it was you we were messing with. Look, we'll let her go and call it even, all right? No need for any more trouble.' in GRUP Topic Children of BYOHHouseBanditAttack2BossIntimidate "Money's not going to do you much good after I've killed you." [DIAL:0300087A]);;;BYOH_TIF__01000889;
33556602;;BYOHHouseBanditAttack2BossIntimidate "Money's not going to do you much good after I've killed you." [DIAL:0300087A];;Money's not going to do you much good after I've killed you.;BYOHHouseBanditAttack2 [QUST:030008A8];;
33557648;BYOHRelationshipAdoptable_ProposeCCHouse07 "Yes, Bloodchill Manor." [DIAL:03000878];;[INFO:03000C90] (in GRUP Topic Children of BYOHRelationshipAdoptable_ProposeCCHouse07 "Yes, Bloodchill Manor." [DIAL:03000878]);;;TIF__02000C90;
33556600;;BYOHRelationshipAdoptable_ProposeCCHouse07 "Yes, Bloodchill Manor." [DIAL:03000878];;Yes, Bloodchill Manor.;BYOHRelationshipAdoptable [QUST:03004291];;
33557640;BYOHRelationshipAdoptable_ProposeCCHouse08 "Yes, Dead Man's Dread." [DIAL:0300086F];;[INFO:03000C88] (in GRUP Topic Children of BYOHRelationshipAdoptable_ProposeCCHouse08 "Yes, Dead Man's Dread." [DIAL:0300086F]);;;TIF__02000C88;
33556591;;BYOHRelationshipAdoptable_ProposeCCHouse08 "Yes, Dead Man's Dread." [DIAL:0300086F];;Yes, Dead Man's Dread.;BYOHRelationshipAdoptable [QUST:03004291];;
33557639;BYOHRelationshipAdoptable_ProposeCCHouse09 [DIAL:0300086E];;[INFO:03000C87] (in GRUP Topic Children of BYOHRelationshipAdoptable_ProposeCCHouse09 [DIAL:0300086E]);;;TIF__02000C87;
33556590;;BYOHRelationshipAdoptable_ProposeCCHouse09 [DIAL:0300086E];;;BYOHRelationshipAdoptable [QUST:03004291];;
33557638;BYOHRelationshipAdoptable_ProposeCCHouse10 "Yes, Goldenhills Plantation." [DIAL:0300086D];;[INFO:03000C86] (in GRUP Topic Children of BYOHRelationshipAdoptable_ProposeCCHouse10 "Yes, Goldenhills Plantation." [DIAL:0300086D]);;;TIF__02000C86;
33556589;;BYOHRelationshipAdoptable_ProposeCCHouse10 "Yes, Goldenhills Plantation." [DIAL:0300086D];;Yes, Goldenhills Plantation.;BYOHRelationshipAdoptable [QUST:03004291];;
33557637;BYOHRelationshipAdoptable_ProposeCCHouse11 [DIAL:03000867];;[INFO:03000C85] (in GRUP Topic Children of BYOHRelationshipAdoptable_ProposeCCHouse11 [DIAL:03000867]);;;TIF__02000C85;
33556583;;BYOHRelationshipAdoptable_ProposeCCHouse11 [DIAL:03000867];;;BYOHRelationshipAdoptable [QUST:03004291];;
33557635;BYOHRelationshipAdoptable_ProposeCCHouse12 [DIAL:03000863];;[INFO:03000C83] (in GRUP Topic Children of BYOHRelationshipAdoptable_ProposeCCHouse12 [DIAL:03000863]);;;TIF__02000C83;
33556579;;BYOHRelationshipAdoptable_ProposeCCHouse12 [DIAL:03000863];;;BYOHRelationshipAdoptable [QUST:03004291];;
33557634;BYOHRelationshipAdoptable_ProposeCCHouse13 [DIAL:03000862];;[INFO:03000C82] (in GRUP Topic Children of BYOHRelationshipAdoptable_ProposeCCHouse13 [DIAL:03000862]);;;TIF__02000C82;
33556578;;BYOHRelationshipAdoptable_ProposeCCHouse13 [DIAL:03000862];;;BYOHRelationshipAdoptable [QUST:03004291];;
33557633;BYOHRelationshipAdoptable_ProposeCCHouse14 [DIAL:03000861];;[INFO:03000C81] (in GRUP Topic Children of BYOHRelationshipAdoptable_ProposeCCHouse14 [DIAL:03000861]);;;TIF__02000C81;
33556577;;BYOHRelationshipAdoptable_ProposeCCHouse14 [DIAL:03000861];;;BYOHRelationshipAdoptable [QUST:03004291];;
33557631;BYOHRelationshipAdoptable_ProposeCCHouse15 [DIAL:03000860];;[INFO:03000C7F] (in GRUP Topic Children of BYOHRelationshipAdoptable_ProposeCCHouse15 [DIAL:03000860]);;;TIF__02000C7F;
33556576;;BYOHRelationshipAdoptable_ProposeCCHouse15 [DIAL:03000860];;;BYOHRelationshipAdoptable [QUST:03004291];;
33557628;BYOHRelationshipAdoptable_ProposeCCHouse16 [DIAL:0300085F];;[INFO:03000C7C] (in GRUP Topic Children of BYOHRelationshipAdoptable_ProposeCCHouse16 [DIAL:0300085F]);;;TIF__02000C7C;
33556575;;BYOHRelationshipAdoptable_ProposeCCHouse16 [DIAL:0300085F];;;BYOHRelationshipAdoptable [QUST:03004291];;
33557627;BYOHRelationshipAdoptable_ProposeCCHouse17 [DIAL:0300085E];;[INFO:03000C7B] (in GRUP Topic Children of BYOHRelationshipAdoptable_ProposeCCHouse17 [DIAL:0300085E]);;;TIF__02000C7B;
33556574;;BYOHRelationshipAdoptable_ProposeCCHouse17 [DIAL:0300085E];;;BYOHRelationshipAdoptable [QUST:03004291];;
33557624;BYOHRelationshipAdoptable_ProposeCCHouse18 [DIAL:0300085D];;[INFO:03000C78] (in GRUP Topic Children of BYOHRelationshipAdoptable_ProposeCCHouse18 [DIAL:0300085D]);;;TIF__02000C78;
33556573;;BYOHRelationshipAdoptable_ProposeCCHouse18 [DIAL:0300085D];;;BYOHRelationshipAdoptable [QUST:03004291];;
33557623;BYOHRelationshipAdoptable_ProposeCCHouse19 [DIAL:0300085C];;[INFO:03000C77] (in GRUP Topic Children of BYOHRelationshipAdoptable_ProposeCCHouse19 [DIAL:0300085C]);;;TIF__02000C77;
33556572;;BYOHRelationshipAdoptable_ProposeCCHouse19 [DIAL:0300085C];;;BYOHRelationshipAdoptable [QUST:03004291];;
33557621;BYOHRelationshipAdoptable_ProposeCCHouse20 [DIAL:0300085B];;[INFO:03000C75] (in GRUP Topic Children of BYOHRelationshipAdoptable_ProposeCCHouse20 [DIAL:0300085B]);;;TIF__02000C75;
33556571;;BYOHRelationshipAdoptable_ProposeCCHouse20 [DIAL:0300085B];;;BYOHRelationshipAdoptable [QUST:03004291];;
33557610;PetFramework_SendPetCCHouse01 "Tundra Homestead" [DIAL:0300085A];;[INFO:03000C6A] ([G]'(grumble)' in GRUP Topic Children of PetFramework_SendPetCCHouse01 "Tundra Homestead" [DIAL:0300085A]);;;TIF__02000C6A;
33556570;;PetFramework_SendPetCCHouse01 "Tundra Homestead" [DIAL:0300085A];;Tundra Homestead;PetFramework_ParentQuest [QUST:01002F1C];;
33557595;PetFramework_SendPetCCHouse02 "Myrwatch" [DIAL:03000859];;[INFO:03000C5B] ([G]'(grumble)' in GRUP Topic Children of PetFramework_SendPetCCHouse02 "Myrwatch" [DIAL:03000859]);;;TIF__02000C5B;
33556569;;PetFramework_SendPetCCHouse02 "Myrwatch" [DIAL:03000859];;Myrwatch;PetFramework_ParentQuest [QUST:01002F1C];;
33557593;PetFramework_SendPetCCHouse03 "Shadowfoot Sanctum" [DIAL:03000858];;[INFO:03000C59] ([G]'(grumble)' in GRUP Topic Children of PetFramework_SendPetCCHouse03 "Shadowfoot Sanctum" [DIAL:03000858]);;;TIF__02000C59;
33556568;;PetFramework_SendPetCCHouse03 "Shadowfoot Sanctum" [DIAL:03000858];;Shadowfoot Sanctum;PetFramework_ParentQuest [QUST:01002F1C];;
33557827;PetFramework_SendPetCCHouse04 "Nchuanthumz" [DIAL:03000857];;[INFO:03000D43] ([G]'(grumble)' in GRUP Topic Children of PetFramework_SendPetCCHouse04 "Nchuanthumz" [DIAL:03000857]);;;TIF__02000D43;
33556567;;PetFramework_SendPetCCHouse04 "Nchuanthumz" [DIAL:03000857];;Nchuanthumz;PetFramework_ParentQuest [QUST:01002F1C];;
33557718;PetFramework_SendPetCCHouse05 "Hendraheim" [DIAL:03000856];;[INFO:03000CD6] ([G]'(grumble)' in GRUP Topic Children of PetFramework_SendPetCCHouse05 "Hendraheim" [DIAL:03000856]);;;TIF__02000CD6;
33556566;;PetFramework_SendPetCCHouse05 "Hendraheim" [DIAL:03000856];;Hendraheim;PetFramework_ParentQuest [QUST:01002F1C];;
33557666;PetFramework_SendPetCCHouse06 "Gallows Hall" [DIAL:03000855];;[INFO:03000CA2] ([G]'(grumble)' in GRUP Topic Children of PetFramework_SendPetCCHouse06 "Gallows Hall" [DIAL:03000855]);;;TIF__02000CA2;
33556565;;PetFramework_SendPetCCHouse06 "Gallows Hall" [DIAL:03000855];;Gallows Hall;PetFramework_ParentQuest [QUST:01002F1C];;
33557625;PetFramework_SendPetCCHouse07 "Bloodchill Manor" [DIAL:03000854];;[INFO:03000C79] ([G]'(grumble)' in GRUP Topic Children of PetFramework_SendPetCCHouse07 "Bloodchill Manor" [DIAL:03000854]);;;TIF__02000C79;
33556564;;PetFramework_SendPetCCHouse07 "Bloodchill Manor" [DIAL:03000854];;Bloodchill Manor;PetFramework_ParentQuest [QUST:01002F1C];;
33557613;PetFramework_SendPetCCHouse08 "Dead Man's Dread" [DIAL:03000853];;[INFO:03000C6D] ([G]'(grumble)' in GRUP Topic Children of PetFramework_SendPetCCHouse08 "Dead Man's Dread" [DIAL:03000853]);;;TIF__02000C6D;
33556563;;PetFramework_SendPetCCHouse08 "Dead Man's Dread" [DIAL:03000853];;Dead Man's Dread;PetFramework_ParentQuest [QUST:01002F1C];;
33557603;PetFramework_SendPetCCHouse09 [DIAL:03000852];;[INFO:03000C63] ([G]'(grumble)' in GRUP Topic Children of PetFramework_SendPetCCHouse09 [DIAL:03000852]);;;TIF__02000C63;
33556562;;PetFramework_SendPetCCHouse09 [DIAL:03000852];;;PetFramework_ParentQuest [QUST:01002F1C];;
33557599;PetFramework_SendPetCCHouse10 "Goldenhills Plantation" [DIAL:03000851];;[INFO:03000C5F] ([G]'(grumble)' in GRUP Topic Children of PetFramework_SendPetCCHouse10 "Goldenhills Plantation" [DIAL:03000851]);;;TIF__02000C5F;
33556561;;PetFramework_SendPetCCHouse10 "Goldenhills Plantation" [DIAL:03000851];;Goldenhills Plantation;PetFramework_ParentQuest [QUST:01002F1C];;
33557596;PetFramework_SendPetCCHouse11 [DIAL:03000850];;[INFO:03000C5C] ([G]'(grumble)' in GRUP Topic Children of PetFramework_SendPetCCHouse11 [DIAL:03000850]);;;TIF__02000C5C;
33556560;;PetFramework_SendPetCCHouse11 [DIAL:03000850];;;PetFramework_ParentQuest [QUST:01002F1C];;
33557594;PetFramework_SendPetCCHouse12 [DIAL:0300084F];;[INFO:03000C5A] ([G]'(grumble)' in GRUP Topic Children of PetFramework_SendPetCCHouse12 [DIAL:0300084F]);;;TIF__02000C5A;
33556559;;PetFramework_SendPetCCHouse12 [DIAL:0300084F];;;PetFramework_ParentQuest [QUST:01002F1C];;
33557978;PetFramework_SendPetCCHouse13 [DIAL:0300084E];;[INFO:03000DDA] ([G]'(grumble)' in GRUP Topic Children of PetFramework_SendPetCCHouse13 [DIAL:0300084E]);;;TIF__02000DDA;
33556558;;PetFramework_SendPetCCHouse13 [DIAL:0300084E];;;PetFramework_ParentQuest [QUST:01002F1C];;
33557824;PetFramework_SendPetCCHouse14 [DIAL:0300084D];;[INFO:03000D40] ([G]'(grumble)' in GRUP Topic Children of PetFramework_SendPetCCHouse14 [DIAL:0300084D]);;;TIF__02000D40;
33556557;;PetFramework_SendPetCCHouse14 [DIAL:0300084D];;;PetFramework_ParentQuest [QUST:01002F1C];;
33557717;PetFramework_SendPetCCHouse15 [DIAL:0300084C];;[INFO:03000CD5] ([G]'(grumble)' in GRUP Topic Children of PetFramework_SendPetCCHouse15 [DIAL:0300084C]);;;TIF__02000CD5;
33556556;;PetFramework_SendPetCCHouse15 [DIAL:0300084C];;;PetFramework_ParentQuest [QUST:01002F1C];;
33557663;PetFramework_SendPetCCHouse16 [DIAL:0300084B];;[INFO:03000C9F] ([G]'(grumble)' in GRUP Topic Children of PetFramework_SendPetCCHouse16 [DIAL:0300084B]);;;TIF__02000C9F;
33556555;;PetFramework_SendPetCCHouse16 [DIAL:0300084B];;;PetFramework_ParentQuest [QUST:01002F1C];;
33557622;PetFramework_SendPetCCHouse17 [DIAL:0300084A];;[INFO:03000C76] ([G]'(grumble)' in GRUP Topic Children of PetFramework_SendPetCCHouse17 [DIAL:0300084A]);;;TIF__02000C76;
33556554;;PetFramework_SendPetCCHouse17 [DIAL:0300084A];;;PetFramework_ParentQuest [QUST:01002F1C];;
33557612;PetFramework_SendPetCCHouse18 [DIAL:03000848];;[INFO:03000C6C] ([G]'(grumble)' in GRUP Topic Children of PetFramework_SendPetCCHouse18 [DIAL:03000848]);;;TIF__02000C6C;
33556552;;PetFramework_SendPetCCHouse18 [DIAL:03000848];;;PetFramework_ParentQuest [QUST:01002F1C];;
33557601;PetFramework_SendPetCCHouse19 [DIAL:03000841];;[INFO:03000C61] ([G]'(grumble)' in GRUP Topic Children of PetFramework_SendPetCCHouse19 [DIAL:03000841]);;;TIF__02000C61;
33556545;;PetFramework_SendPetCCHouse19 [DIAL:03000841];;;PetFramework_ParentQuest [QUST:01002F1C];;
33557598;PetFramework_SendPetCCHouse20 [DIAL:03000840];;[INFO:03000C5E] ([G]'(grumble)' in GRUP Topic Children of PetFramework_SendPetCCHouse20 [DIAL:03000840]);;;TIF__02000C5E;
33556544;;PetFramework_SendPetCCHouse20 [DIAL:03000840];;;PetFramework_ParentQuest [QUST:01002F1C];;
16789262;PetFramework_BranchDismiss_HomeTopic "Wait for me at home..." [DIAL:01002EFF];;[INFO:01002F0E] ('(whine)' in GRUP Topic Children of PetFramework_BranchDismiss_HomeTopic "Wait for me at home..." [DIAL:01002EFF]);;;;
16789247;;PetFramework_BranchDismiss_HomeTopic "Wait for me at home..." [DIAL:01002EFF];;Wait for me at home...;PetFramework_ParentQuest [QUST:01002F1C];;
33574145;DecorateWhiterunAlchemy "Alchemy laboratory. (<Global=HDWhiterunAlchemy> gold)" [DIAL:000F391F];;[INFO:03004D01] (in GRUP Topic Children of DecorateWhiterunAlchemy "Alchemy laboratory. (<Global=HDWhiterunAlchemy> gold)" [DIAL:000F391F]);;;BYOH_TIF__01004D01;Replace my Child's Room with an Alchemy Lab. (<Global=HDWhiterunAlchemy> gold)
997665;DecorateWhiterunAlchemy "Alchemy laboratory. (<Global=HDWhiterunAlchemy> gold)" [DIAL:000F391F];;[INFO:000F3921] (in GRUP Topic Children of DecorateWhiterunAlchemy "Alchemy laboratory. (<Global=HDWhiterunAlchemy> gold)" [DIAL:000F391F]);;;TIF__000F3921;
997663;;DecorateWhiterunAlchemy "Alchemy laboratory. (<Global=HDWhiterunAlchemy> gold)" [DIAL:000F391F];;Alchemy laboratory. (<Global=HDWhiterunAlchemy> gold);HousePurchase [QUST:000A7B33];;
944068;DecorateWindhelmElse [DIAL:000E67BC];;[INFO:000E67C4] (in GRUP Topic Children of DecorateWindhelmElse [DIAL:000E67BC]);;;;
944060;;DecorateWindhelmElse [DIAL:000E67BC];;;HousePurchase [QUST:000A7B33];;
944074;DecorateWindhelmBedroom "Bedroom furnishings. (<Global=HDWindhelmBedroom> gold)" [DIAL:000E67B9];;[INFO:000E67CA] (in GRUP Topic Children of DecorateWindhelmBedroom "Bedroom furnishings. (<Global=HDWindhelmBedroom> gold)" [DIAL:000E67B9]);;;TIF__000E67CA;
944073;DecorateWindhelmBedroom "Bedroom furnishings. (<Global=HDWindhelmBedroom> gold)" [DIAL:000E67B9];;[INFO:000E67C9] (in GRUP Topic Children of DecorateWindhelmBedroom "Bedroom furnishings. (<Global=HDWindhelmBedroom> gold)" [DIAL:000E67B9]);;;;
944057;;DecorateWindhelmBedroom "Bedroom furnishings. (<Global=HDWindhelmBedroom> gold)" [DIAL:000E67B9];;Bedroom furnishings. (<Global=HDWindhelmBedroom> gold);HousePurchase [QUST:000A7B33];;
33570199;DecorateWindhelmArmory "Armory. (<Global=HDWindhelmArmory> gold)" [DIAL:000E67B4];;[INFO:03003D97] (in GRUP Topic Children of DecorateWindhelmArmory "Armory. (<Global=HDWindhelmArmory> gold)" [DIAL:000E67B4]);;;BYOH_TIF__01003D97;
33570198;DecorateWindhelmArmory "Armory. (<Global=HDWindhelmArmory> gold)" [DIAL:000E67B4];;[INFO:03003D96] (in GRUP Topic Children of DecorateWindhelmArmory "Armory. (<Global=HDWindhelmArmory> gold)" [DIAL:000E67B4]);;;;
944052;;DecorateWindhelmArmory "Armory. (<Global=HDWindhelmArmory> gold)" [DIAL:000E67B4];;Armory. (<Global=HDWindhelmArmory> gold);HousePurchase [QUST:000A7B33];;
936236;DecorateMarkarthElse [DIAL:000E492A];;[INFO:000E492C] (in GRUP Topic Children of DecorateMarkarthElse [DIAL:000E492A]);;;;
936234;;DecorateMarkarthElse [DIAL:000E492A];;;HousePurchase [QUST:000A7B33];;
33574154;DecorateMarkarthAlchemyLab "Alchemy laboratory. (<Global=HDMarkarthAlchemy> gold)" [DIAL:000E4924];;[INFO:03004D0A] (in GRUP Topic Children of DecorateMarkarthAlchemyLab "Alchemy laboratory. (<Global=HDMarkarthAlchemy> gold)" [DIAL:000E4924]);;;BYOH_TIF__01004D0A;Replace my Child's Room with an Alchemy Lab. (<Global=HDMarkarthAlchemy> gold)
33570235;DecorateMarkarthAlchemyLab "Alchemy laboratory. (<Global=HDMarkarthAlchemy> gold)" [DIAL:000E4924];;[INFO:03003DBB] (in GRUP Topic Children of DecorateMarkarthAlchemyLab "Alchemy laboratory. (<Global=HDMarkarthAlchemy> gold)" [DIAL:000E4924]);;;BYOH_TIF__01003DBB;
936228;;DecorateMarkarthAlchemyLab "Alchemy laboratory. (<Global=HDMarkarthAlchemy> gold)" [DIAL:000E4924];;Alchemy laboratory. (<Global=HDMarkarthAlchemy> gold);HousePurchase [QUST:000A7B33];;
933521;HeartwoodMillGoodbyes [DIAL:000E3DE8];;[INFO:000E3E91] ('Bye, lady.' in GRUP Topic Children of HeartwoodMillGoodbyes [DIAL:000E3DE8]);;;;
933520;HeartwoodMillGoodbyes [DIAL:000E3DE8];;[INFO:000E3E90] ('Bye, mister.' in GRUP Topic Children of HeartwoodMillGoodbyes [DIAL:000E3DE8]);;;;
933352;;HeartwoodMillGoodbyes [DIAL:000E3DE8];;;DialogueHeartwoodMill "Dialogue Heartwood Mill" [QUST:000302C0];;
926946;DecorateSolitudeElse [DIAL:000E24D3];;[INFO:000E24E2] (in GRUP Topic Children of DecorateSolitudeElse [DIAL:000E24D3]);;;;
926931;;DecorateSolitudeElse [DIAL:000E24D3];;;HousePurchase [QUST:000A7B33];;
33570270;DecorateSolitudeBedroom "Bedroom. (<Global=HDSolitudeBedroom> gold)" [DIAL:000E24D0];;[INFO:03003DDE] (in GRUP Topic Children of DecorateSolitudeBedroom "Bedroom. (<Global=HDSolitudeBedroom> gold)" [DIAL:000E24D0]);;;BYOH_TIF__01003DDE;
33570269;DecorateSolitudeBedroom "Bedroom. (<Global=HDSolitudeBedroom> gold)" [DIAL:000E24D0];;[INFO:03003DDD] (in GRUP Topic Children of DecorateSolitudeBedroom "Bedroom. (<Global=HDSolitudeBedroom> gold)" [DIAL:000E24D0]);;;;
926928;;DecorateSolitudeBedroom "Bedroom. (<Global=HDSolitudeBedroom> gold)" [DIAL:000E24D0];;Bedroom. (<Global=HDSolitudeBedroom> gold);HousePurchase [QUST:000A7B33];;
926956;DecorateSolitudeLivingRoom "Living room. (<Global=HDSolitudeLiving> gold)" [DIAL:000E24CF];;[INFO:000E24EC] (in GRUP Topic Children of DecorateSolitudeLivingRoom "Living room. (<Global=HDSolitudeLiving> gold)" [DIAL:000E24CF]);;;TIF__000E24EC;
926927;;DecorateSolitudeLivingRoom "Living room. (<Global=HDSolitudeLiving> gold)" [DIAL:000E24CF];;Living room. (<Global=HDSolitudeLiving> gold);HousePurchase [QUST:000A7B33];;
830725;DecorateRiftenGardenTopic "Garden. (<Global=HDRiftenGarden> gold)" [DIAL:000CAD03];;[INFO:000CAD05] (in GRUP Topic Children of DecorateRiftenGardenTopic "Garden. (<Global=HDRiftenGarden> gold)" [DIAL:000CAD03]);;;TIF__000CAD05;
830723;;DecorateRiftenGardenTopic "Garden. (<Global=HDRiftenGarden> gold)" [DIAL:000CAD03];;Garden. (<Global=HDRiftenGarden> gold);HousePurchase [QUST:000A7B33];;
33574142;DecorateRiftenEnchantingTopic "Enchanting laboratory. (<Global=HDRiftenEnchanting> gold)" [DIAL:000C9D9A];;[INFO:03004CFE] (in GRUP Topic Children of DecorateRiftenEnchantingTopic "Enchanting laboratory. (<Global=HDRiftenEnchanting> gold)" [DIAL:000C9D9A]);;;BYOH_TIF__01004CFE;Swap my Child's Room with an Enchanting Lab. (<Global=HDRiftenEnchanting> gold)
826786;DecorateRiftenEnchantingTopic "Enchanting laboratory. (<Global=HDRiftenEnchanting> gold)" [DIAL:000C9D9A];;[INFO:000C9DA2] (in GRUP Topic Children of DecorateRiftenEnchantingTopic "Enchanting laboratory. (<Global=HDRiftenEnchanting> gold)" [DIAL:000C9D9A]);;;TIF__000C9DA2;
826778;;DecorateRiftenEnchantingTopic "Enchanting laboratory. (<Global=HDRiftenEnchanting> gold)" [DIAL:000C9D9A];;Enchanting laboratory. (<Global=HDRiftenEnchanting> gold);HousePurchase [QUST:000A7B33];;
33570187;DecorateRiftenBedroomTopic "Bedroom furnishings. (<Global=HDRiftenBedroom> gold)" [DIAL:000C8962];;[INFO:03003D8B] (in GRUP Topic Children of DecorateRiftenBedroomTopic "Bedroom furnishings. (<Global=HDRiftenBedroom> gold)" [DIAL:000C8962]);;;BYOH_TIF__01003D8B;
33570186;DecorateRiftenBedroomTopic "Bedroom furnishings. (<Global=HDRiftenBedroom> gold)" [DIAL:000C8962];;[INFO:03003D8A] (in GRUP Topic Children of DecorateRiftenBedroomTopic "Bedroom furnishings. (<Global=HDRiftenBedroom> gold)" [DIAL:000C8962]);;;;
821602;;DecorateRiftenBedroomTopic "Bedroom furnishings. (<Global=HDRiftenBedroom> gold)" [DIAL:000C8962];;Bedroom furnishings. (<Global=HDRiftenBedroom> gold);HousePurchase [QUST:000A7B33];;
818952;DecorateSolitudeViewBranch1Topic "I'd like to decorate my home." [DIAL:000C7F01];;[INFO:000C7F08] (in GRUP Topic Children of DecorateSolitudeViewBranch1Topic "I'd like to decorate my home." [DIAL:000C7F01]);;;;
818951;DecorateSolitudeViewBranch1Topic "I'd like to decorate my home." [DIAL:000C7F01];;[INFO:000C7F07] (in GRUP Topic Children of DecorateSolitudeViewBranch1Topic "I'd like to decorate my home." [DIAL:000C7F01]);;;;
818945;;DecorateSolitudeViewBranch1Topic "I'd like to decorate my home." [DIAL:000C7F01];;I'd like to decorate my home.;HousePurchase [QUST:000A7B33];;
818950;DecorateMarkarthViewBranch1Topic "I'd like to decorate my home." [DIAL:000C7F00];;[INFO:000C7F06] (in GRUP Topic Children of DecorateMarkarthViewBranch1Topic "I'd like to decorate my home." [DIAL:000C7F00]);;;;
818949;DecorateMarkarthViewBranch1Topic "I'd like to decorate my home." [DIAL:000C7F00];;[INFO:000C7F05] (in GRUP Topic Children of DecorateMarkarthViewBranch1Topic "I'd like to decorate my home." [DIAL:000C7F00]);;;;
818944;;DecorateMarkarthViewBranch1Topic "I'd like to decorate my home." [DIAL:000C7F00];;I'd like to decorate my home.;HousePurchase [QUST:000A7B33];;
818947;DecorateWindhelmViewBranch1Topic "I'd like to decorate my home." [DIAL:000C7EFF];;[INFO:000C7F03] (in GRUP Topic Children of DecorateWindhelmViewBranch1Topic "I'd like to decorate my home." [DIAL:000C7EFF]);;;;
818948;DecorateWindhelmViewBranch1Topic "I'd like to decorate my home." [DIAL:000C7EFF];;[INFO:000C7F04] (in GRUP Topic Children of DecorateWindhelmViewBranch1Topic "I'd like to decorate my home." [DIAL:000C7EFF]);;;;
818943;;DecorateWindhelmViewBranch1Topic "I'd like to decorate my home." [DIAL:000C7EFF];;I'd like to decorate my home.;HousePurchase [QUST:000A7B33];;
818946;DecorateRiftenContinueTopic [DIAL:000C7EFE];;[INFO:000C7F02] (in GRUP Topic Children of DecorateRiftenContinueTopic [DIAL:000C7EFE]);;;;
818942;;DecorateRiftenContinueTopic [DIAL:000C7EFE];;;HousePurchase [QUST:000A7B33];;
817931;[DIAL:000C7913];;[INFO:000C7B0B] ([R]'I trust you're not planning any trouble. What can I do for you, friend?' in GRUP Topic Children of [DIAL:000C7913]);;;;
817930;[DIAL:000C7913];;[INFO:000C7B0A] ([R]'You lost?' in GRUP Topic Children of [DIAL:000C7913]);;;;
817431;[DIAL:000C7913];;[INFO:000C7917] ([R]'Can I help you?' in GRUP Topic Children of [DIAL:000C7913]);;;;
817929;[DIAL:000C7913];;[INFO:000C7B09] ([R]'Hello friend. Make yourself at home.' in GRUP Topic Children of [DIAL:000C7913]);;;;
817928;[DIAL:000C7913];;[INFO:000C7B08] ([R]'Aren't you a sight for sore eyes.' in GRUP Topic Children of [DIAL:000C7913]);;;;
832100;[DIAL:000C7913];;[INFO:000CB264] ([R]'Good to see you. Come on in.' in GRUP Topic Children of [DIAL:000C7913]);;;;
817427;;[DIAL:000C7913];;;WIGreeting [QUST:000C7919];;
814614;DecorateWhiterunViewTopic1Topic "I'd like to decorate my home." [DIAL:000C6E0C];;[INFO:000C6E16] (in GRUP Topic Children of DecorateWhiterunViewTopic1Topic "I'd like to decorate my home." [DIAL:000C6E0C]);;;;
814615;DecorateWhiterunViewTopic1Topic "I'd like to decorate my home." [DIAL:000C6E0C];;[INFO:000C6E17] (in GRUP Topic Children of DecorateWhiterunViewTopic1Topic "I'd like to decorate my home." [DIAL:000C6E0C]);;;;
814604;;DecorateWhiterunViewTopic1Topic "I'd like to decorate my home." [DIAL:000C6E0C];;I'd like to decorate my home.;HousePurchase [QUST:000A7B33];;
814625;DecorateWhiterunContinue [DIAL:000C6E09];;[INFO:000C6E21] (in GRUP Topic Children of DecorateWhiterunContinue [DIAL:000C6E09]);;;;
814601;;DecorateWhiterunContinue [DIAL:000C6E09];;;HousePurchase [QUST:000A7B33];;
33570215;DecorateWhiterunBedroom "Bedroom furnishings. (<Global=HDWhiterunBedroom> gold)" [DIAL:000C6E07];;[INFO:03003DA7] (in GRUP Topic Children of DecorateWhiterunBedroom "Bedroom furnishings. (<Global=HDWhiterunBedroom> gold)" [DIAL:000C6E07]);;;BYOH_TIF__01003DA7;
33570214;DecorateWhiterunBedroom "Bedroom furnishings. (<Global=HDWhiterunBedroom> gold)" [DIAL:000C6E07];;[INFO:03003DA6] (in GRUP Topic Children of DecorateWhiterunBedroom "Bedroom furnishings. (<Global=HDWhiterunBedroom> gold)" [DIAL:000C6E07]);;;;
814599;;DecorateWhiterunBedroom "Bedroom furnishings. (<Global=HDWhiterunBedroom> gold)" [DIAL:000C6E07];;Bedroom furnishings. (<Global=HDWhiterunBedroom> gold);HousePurchase [QUST:000A7B33];;
814638;HousePurchaseSharedInfo [DIAL:000C6E04];;PlayerHouseDecorateSold [INFO:000C6E2E] ('Very well, I'll make the arrangements. The next time you visit your house, your new furnishings will be in place.' in GRUP Topic Children of HousePurchaseSharedInfo [DIAL:000C6E04]);;;;Floor decorations. (400 gold)
814596;;HousePurchaseSharedInfo [DIAL:000C6E04];;;HousePurchase [QUST:000A7B33];;
818953;DecorateRiftenViewTopic1Topic "I'd like to decorate my home." [DIAL:000C6E03];;[INFO:000C7F09] (in GRUP Topic Children of DecorateRiftenViewTopic1Topic "I'd like to decorate my home." [DIAL:000C6E03]);;;;
814619;DecorateRiftenViewTopic1Topic "I'd like to decorate my home." [DIAL:000C6E03];;[INFO:000C6E1B] (in GRUP Topic Children of DecorateRiftenViewTopic1Topic "I'd like to decorate my home." [DIAL:000C6E03]);;;;I'd like to decorate my home.
814595;;DecorateRiftenViewTopic1Topic "I'd like to decorate my home." [DIAL:000C6E03];;I'd like to decorate my home.;HousePurchase [QUST:000A7B33];;
785341;dunHunterHellos [DIAL:000C6500];;[INFO:000BFBBD] ([R][RE]'I'm eleven years old, and I could take you.' in GRUP Topic Children of dunHunterHellos [DIAL:000C6500]);;;;
785343;dunHunterHellos [DIAL:000C6500];;[INFO:000BFBBF] ([R]'Someday I'm going to kill a dragon all by myself.' in GRUP Topic Children of dunHunterHellos [DIAL:000C6500]);;;;
812288;;dunHunterHellos [DIAL:000C6500];;;dunHunterQST "Kyne's Sacred Trials" [QUST:00018601];;
841130;RelationshipMarriageFINHouseChoiceTopic "I'd like us to move somewhere else." [DIAL:000C57EE];;[INFO:000CD5AA] (in GRUP Topic Children of RelationshipMarriageFINHouseChoiceTopic "I'd like us to move somewhere else." [DIAL:000C57EE]);;;;
841129;RelationshipMarriageFINHouseChoiceTopic "I'd like us to move somewhere else." [DIAL:000C57EE];;[INFO:000CD5A9] (in GRUP Topic Children of RelationshipMarriageFINHouseChoiceTopic "I'd like us to move somewhere else." [DIAL:000C57EE]);;;;
841128;RelationshipMarriageFINHouseChoiceTopic "I'd like us to move somewhere else." [DIAL:000C57EE];;[INFO:000CD5A8] (in GRUP Topic Children of RelationshipMarriageFINHouseChoiceTopic "I'd like us to move somewhere else." [DIAL:000C57EE]);;;;
841127;RelationshipMarriageFINHouseChoiceTopic "I'd like us to move somewhere else." [DIAL:000C57EE];;[INFO:000CD5A7] (in GRUP Topic Children of RelationshipMarriageFINHouseChoiceTopic "I'd like us to move somewhere else." [DIAL:000C57EE]);;;;
841125;RelationshipMarriageFINHouseChoiceTopic "I'd like us to move somewhere else." [DIAL:000C57EE];;[INFO:000CD5A5] (in GRUP Topic Children of RelationshipMarriageFINHouseChoiceTopic "I'd like us to move somewhere else." [DIAL:000C57EE]);;;;
841123;RelationshipMarriageFINHouseChoiceTopic "I'd like us to move somewhere else." [DIAL:000C57EE];;[INFO:000CD5A3] (in GRUP Topic Children of RelationshipMarriageFINHouseChoiceTopic "I'd like us to move somewhere else." [DIAL:000C57EE]);;;;
808945;RelationshipMarriageFINHouseChoiceTopic "I'd like us to move somewhere else." [DIAL:000C57EE];;[INFO:000C57F1] (in GRUP Topic Children of RelationshipMarriageFINHouseChoiceTopic "I'd like us to move somewhere else." [DIAL:000C57EE]);;;;
808942;;RelationshipMarriageFINHouseChoiceTopic "I'd like us to move somewhere else." [DIAL:000C57EE];;I'd like us to move somewhere else.;RelationshipMarriageFIN [QUST:00021382];;
839001;RelationshipMarriageFINSolitudeHouse "Proudspire Manor, my house in Solitude." [DIAL:000C57ED];;[INFO:000CCD59] (in GRUP Topic Children of RelationshipMarriageFINSolitudeHouse "Proudspire Manor, my house in Solitude." [DIAL:000C57ED]);;;TIF__000CCD59;
839000;RelationshipMarriageFINSolitudeHouse "Proudspire Manor, my house in Solitude." [DIAL:000C57ED];;[INFO:000CCD58] (in GRUP Topic Children of RelationshipMarriageFINSolitudeHouse "Proudspire Manor, my house in Solitude." [DIAL:000C57ED]);;;TIF__000CCD58;
838999;RelationshipMarriageFINSolitudeHouse "Proudspire Manor, my house in Solitude." [DIAL:000C57ED];;[INFO:000CCD57] (in GRUP Topic Children of RelationshipMarriageFINSolitudeHouse "Proudspire Manor, my house in Solitude." [DIAL:000C57ED]);;;TIF__000CCD57;
838998;RelationshipMarriageFINSolitudeHouse "Proudspire Manor, my house in Solitude." [DIAL:000C57ED];;[INFO:000CCD56] (in GRUP Topic Children of RelationshipMarriageFINSolitudeHouse "Proudspire Manor, my house in Solitude." [DIAL:000C57ED]);;;TIF__000CCD56;
838997;RelationshipMarriageFINSolitudeHouse "Proudspire Manor, my house in Solitude." [DIAL:000C57ED];;[INFO:000CCD55] (in GRUP Topic Children of RelationshipMarriageFINSolitudeHouse "Proudspire Manor, my house in Solitude." [DIAL:000C57ED]);;;TIF__000CCD55;
838996;RelationshipMarriageFINSolitudeHouse "Proudspire Manor, my house in Solitude." [DIAL:000C57ED];;[INFO:000CCD54] (in GRUP Topic Children of RelationshipMarriageFINSolitudeHouse "Proudspire Manor, my house in Solitude." [DIAL:000C57ED]);;;TIF__000CCD54;
808958;RelationshipMarriageFINSolitudeHouse "Proudspire Manor, my house in Solitude." [DIAL:000C57ED];;[INFO:000C57FE] (in GRUP Topic Children of RelationshipMarriageFINSolitudeHouse "Proudspire Manor, my house in Solitude." [DIAL:000C57ED]);;;TIF__000C57FE;
808941;;RelationshipMarriageFINSolitudeHouse "Proudspire Manor, my house in Solitude." [DIAL:000C57ED];;Proudspire Manor, my house in Solitude.;RelationshipMarriageFIN [QUST:00021382];;
838618;[DIAL:000C57EC];;RelationshipMarriageFINSharedNord [INFO:000CCBDA] ('I'll meet you there.' in GRUP Topic Children of [DIAL:000C57EC]);;;;
808951;[DIAL:000C57EC];;RelationshipMarriageFINSharedNeutral [INFO:000C57F7] ('I'll get everything ready and meet you there.' in GRUP Topic Children of [DIAL:000C57EC]);;;;
33566545;[DIAL:000C57EC];;RelationshipMarriageFIN_MoveRough [INFO:03002F51] ('And where would that be?' in GRUP Topic Children of [DIAL:000C57EC]);;;;
33566544;[DIAL:000C57EC];;RelationshipMarriageFIN_MoveArrogant [INFO:03002F50] ('Oh really? And where were you thinking?' in GRUP Topic Children of [DIAL:000C57EC]);;;;
33566543;[DIAL:000C57EC];;RelationshipMarriageFIN_MoveDrunk [INFO:03002F4F] ('I was just getting settled in. Where are we going?' in GRUP Topic Children of [DIAL:000C57EC]);;;;
33566535;[DIAL:000C57EC];;RelationshipMarriageFIN_MoveNeutral [INFO:03002F47] ('Oh? Where?' in GRUP Topic Children of [DIAL:000C57EC]);;;;
841108;[DIAL:000C57EC];;RelationshipMarriageWeddingSharedRough [INFO:000CD594] ('I'll be waiting for you at home, then.' in GRUP Topic Children of [DIAL:000C57EC]);;;;
841107;[DIAL:000C57EC];;RelationshipMarriageWeddingSharedArrogant [INFO:000CD593] ('I'll see you at home, then. Don't keep me waiting!' in GRUP Topic Children of [DIAL:000C57EC]);;;;
841105;[DIAL:000C57EC];;RelationshipMarriageWeddingSharedDrunk [INFO:000CD591] ('The two of us, living together. I'll see you at home!' in GRUP Topic Children of [DIAL:000C57EC]);;;;
841104;[DIAL:000C57EC];;RelationshipMarriageWeddingSharedArgonian [INFO:000CD590] ('It will be our little nest. I'll be waiting for you there.' in GRUP Topic Children of [DIAL:000C57EC]);;;;
841101;[DIAL:000C57EC];;RelationshipMarriageWeddingSharedOrc [INFO:000CD58D] ('A home for the two of us. I'll meet you there.' in GRUP Topic Children of [DIAL:000C57EC]);;;;
838976;[DIAL:000C57EC];;RelationshipMarriageWeddingSharedNord [INFO:000CCD40] ('Then I'll see you at home!' in GRUP Topic Children of [DIAL:000C57EC]);;;;
808952;[DIAL:000C57EC];;RelationshipMarriageWeddingSharedNeutral [INFO:000C57F8] ('Our new home. I'll see you there!' in GRUP Topic Children of [DIAL:000C57EC]);;;;
838975;[DIAL:000C57EC];;RelationshipMarriageFINSharedRough [INFO:000CCD3F] ('I'll see you there.' in GRUP Topic Children of [DIAL:000C57EC]);;;;
838974;[DIAL:000C57EC];;RelationshipMarriageFINSharedArrogant [INFO:000CCD3E] ('If that's what you want. I'll see you there, soon.' in GRUP Topic Children of [DIAL:000C57EC]);;;;
838879;[DIAL:000C57EC];;RelationshipMarriageFINSharedDrunk [INFO:000CCCDF] ('All right. I'll see you there.' in GRUP Topic Children of [DIAL:000C57EC]);;;;
838872;[DIAL:000C57EC];;RelationshipMarriageFINSharedArgonian [INFO:000CCCD8] ('Very well. I'll meet you there.' in GRUP Topic Children of [DIAL:000C57EC]);;;;
838619;[DIAL:000C57EC];;RelationshipMarriageFINSharedOrc [INFO:000CCBDB] ('I'll see you there, then.' in GRUP Topic Children of [DIAL:000C57EC]);;;;
33566542;[DIAL:000C57EC];;RelationshipMarriageFIN_MoveArgonian [INFO:03002F4E] ('You want to move? Where?' in GRUP Topic Children of [DIAL:000C57EC]);;;;
33566541;[DIAL:000C57EC];;RelationshipMarriageFIN_MoveOrc [INFO:03002F4D] ('Where?' in GRUP Topic Children of [DIAL:000C57EC]);;;;
33566540;[DIAL:000C57EC];;RelationshipMarriageFIN_MoveNord [INFO:03002F4C] ('Where are you thinking?' in GRUP Topic Children of [DIAL:000C57EC]);;;;
808940;;[DIAL:000C57EC];;;RelationshipMarriageFIN [QUST:00021382];;
838989;RelationshipMarriageFINWindhelmHouse "Hjerim, my house in Windhelm." [DIAL:000C57EB];;[INFO:000CCD4D] (in GRUP Topic Children of RelationshipMarriageFINWindhelmHouse "Hjerim, my house in Windhelm." [DIAL:000C57EB]);;;TIF__000CCD4D;
838988;RelationshipMarriageFINWindhelmHouse "Hjerim, my house in Windhelm." [DIAL:000C57EB];;[INFO:000CCD4C] (in GRUP Topic Children of RelationshipMarriageFINWindhelmHouse "Hjerim, my house in Windhelm." [DIAL:000C57EB]);;;TIF__000CCD4C;
838987;RelationshipMarriageFINWindhelmHouse "Hjerim, my house in Windhelm." [DIAL:000C57EB];;[INFO:000CCD4B] (in GRUP Topic Children of RelationshipMarriageFINWindhelmHouse "Hjerim, my house in Windhelm." [DIAL:000C57EB]);;;TIF__000CCD4B;
838986;RelationshipMarriageFINWindhelmHouse "Hjerim, my house in Windhelm." [DIAL:000C57EB];;[INFO:000CCD4A] (in GRUP Topic Children of RelationshipMarriageFINWindhelmHouse "Hjerim, my house in Windhelm." [DIAL:000C57EB]);;;TIF__000CCD4A;
838985;RelationshipMarriageFINWindhelmHouse "Hjerim, my house in Windhelm." [DIAL:000C57EB];;[INFO:000CCD49] (in GRUP Topic Children of RelationshipMarriageFINWindhelmHouse "Hjerim, my house in Windhelm." [DIAL:000C57EB]);;;TIF__000CCD49;
838984;RelationshipMarriageFINWindhelmHouse "Hjerim, my house in Windhelm." [DIAL:000C57EB];;[INFO:000CCD48] (in GRUP Topic Children of RelationshipMarriageFINWindhelmHouse "Hjerim, my house in Windhelm." [DIAL:000C57EB]);;;TIF__000CCD48;
808943;RelationshipMarriageFINWindhelmHouse "Hjerim, my house in Windhelm." [DIAL:000C57EB];;[INFO:000C57EF] (in GRUP Topic Children of RelationshipMarriageFINWindhelmHouse "Hjerim, my house in Windhelm." [DIAL:000C57EB]);;;TIF__000C57EF;
808939;;RelationshipMarriageFINWindhelmHouse "Hjerim, my house in Windhelm." [DIAL:000C57EB];;Hjerim, my house in Windhelm.;RelationshipMarriageFIN [QUST:00021382];;
839025;RelationshipMarriageFINMarkarthHouse "Vlindrel Hall, my house in Markarth." [DIAL:000C57EA];;[INFO:000CCD71] (in GRUP Topic Children of RelationshipMarriageFINMarkarthHouse "Vlindrel Hall, my house in Markarth." [DIAL:000C57EA]);;;TIF__000CCD71;
839024;RelationshipMarriageFINMarkarthHouse "Vlindrel Hall, my house in Markarth." [DIAL:000C57EA];;[INFO:000CCD70] (in GRUP Topic Children of RelationshipMarriageFINMarkarthHouse "Vlindrel Hall, my house in Markarth." [DIAL:000C57EA]);;;TIF__000CCD70;
839023;RelationshipMarriageFINMarkarthHouse "Vlindrel Hall, my house in Markarth." [DIAL:000C57EA];;[INFO:000CCD6F] (in GRUP Topic Children of RelationshipMarriageFINMarkarthHouse "Vlindrel Hall, my house in Markarth." [DIAL:000C57EA]);;;TIF__000CCD6F;
839022;RelationshipMarriageFINMarkarthHouse "Vlindrel Hall, my house in Markarth." [DIAL:000C57EA];;[INFO:000CCD6E] (in GRUP Topic Children of RelationshipMarriageFINMarkarthHouse "Vlindrel Hall, my house in Markarth." [DIAL:000C57EA]);;;TIF__000CCD6E;
839021;RelationshipMarriageFINMarkarthHouse "Vlindrel Hall, my house in Markarth." [DIAL:000C57EA];;[INFO:000CCD6D] (in GRUP Topic Children of RelationshipMarriageFINMarkarthHouse "Vlindrel Hall, my house in Markarth." [DIAL:000C57EA]);;;TIF__000CCD6D;
839020;RelationshipMarriageFINMarkarthHouse "Vlindrel Hall, my house in Markarth." [DIAL:000C57EA];;[INFO:000CCD6C] (in GRUP Topic Children of RelationshipMarriageFINMarkarthHouse "Vlindrel Hall, my house in Markarth." [DIAL:000C57EA]);;;TIF__000CCD6C;
808956;RelationshipMarriageFINMarkarthHouse "Vlindrel Hall, my house in Markarth." [DIAL:000C57EA];;[INFO:000C57FC] (in GRUP Topic Children of RelationshipMarriageFINMarkarthHouse "Vlindrel Hall, my house in Markarth." [DIAL:000C57EA]);;;TIF__000C57FC;
808938;;RelationshipMarriageFINMarkarthHouse "Vlindrel Hall, my house in Markarth." [DIAL:000C57EA];;Vlindrel Hall, my house in Markarth.;RelationshipMarriageFIN [QUST:00021382];;
837788;RelationshipMarriageFINRiftenHouse "Honeyside, my house in Riften." [DIAL:000C57E9];;[INFO:000CC89C] (in GRUP Topic Children of RelationshipMarriageFINRiftenHouse "Honeyside, my house in Riften." [DIAL:000C57E9]);;;TIF__000CC89C;
837787;RelationshipMarriageFINRiftenHouse "Honeyside, my house in Riften." [DIAL:000C57E9];;[INFO:000CC89B] (in GRUP Topic Children of RelationshipMarriageFINRiftenHouse "Honeyside, my house in Riften." [DIAL:000C57E9]);;;TIF__000CC89B;
837786;RelationshipMarriageFINRiftenHouse "Honeyside, my house in Riften." [DIAL:000C57E9];;[INFO:000CC89A] (in GRUP Topic Children of RelationshipMarriageFINRiftenHouse "Honeyside, my house in Riften." [DIAL:000C57E9]);;;TIF__000CC89A;
837782;RelationshipMarriageFINRiftenHouse "Honeyside, my house in Riften." [DIAL:000C57E9];;[INFO:000CC896] (in GRUP Topic Children of RelationshipMarriageFINRiftenHouse "Honeyside, my house in Riften." [DIAL:000C57E9]);;;TIF__000CC896;
837773;RelationshipMarriageFINRiftenHouse "Honeyside, my house in Riften." [DIAL:000C57E9];;[INFO:000CC88D] (in GRUP Topic Children of RelationshipMarriageFINRiftenHouse "Honeyside, my house in Riften." [DIAL:000C57E9]);;;TIF__000CC88D;
837768;RelationshipMarriageFINRiftenHouse "Honeyside, my house in Riften." [DIAL:000C57E9];;[INFO:000CC888] (in GRUP Topic Children of RelationshipMarriageFINRiftenHouse "Honeyside, my house in Riften." [DIAL:000C57E9]);;;TIF__000CC888;
808950;RelationshipMarriageFINRiftenHouse "Honeyside, my house in Riften." [DIAL:000C57E9];;[INFO:000C57F6] (in GRUP Topic Children of RelationshipMarriageFINRiftenHouse "Honeyside, my house in Riften." [DIAL:000C57E9]);;;TIF__000C57F6;
808937;;RelationshipMarriageFINRiftenHouse "Honeyside, my house in Riften." [DIAL:000C57E9];;Honeyside, my house in Riften.;RelationshipMarriageFIN [QUST:00021382];;
33570352;RelationshipMarriageFINWhiterunHouse "Breezehome, my house in Whiterun." [DIAL:000C57E8];;[INFO:03003E30] (in GRUP Topic Children of RelationshipMarriageFINWhiterunHouse "Breezehome, my house in Whiterun." [DIAL:000C57E8]);;;BYOH_TIF__01003E30;
33570351;RelationshipMarriageFINWhiterunHouse "Breezehome, my house in Whiterun." [DIAL:000C57E8];;[INFO:03003E2F] (in GRUP Topic Children of RelationshipMarriageFINWhiterunHouse "Breezehome, my house in Whiterun." [DIAL:000C57E8]);;;BYOH_TIF__01003E2F;
33570350;RelationshipMarriageFINWhiterunHouse "Breezehome, my house in Whiterun." [DIAL:000C57E8];;[INFO:03003E2E] (in GRUP Topic Children of RelationshipMarriageFINWhiterunHouse "Breezehome, my house in Whiterun." [DIAL:000C57E8]);;;BYOH_TIF__01003E2E;
33570349;RelationshipMarriageFINWhiterunHouse "Breezehome, my house in Whiterun." [DIAL:000C57E8];;[INFO:03003E2D] (in GRUP Topic Children of RelationshipMarriageFINWhiterunHouse "Breezehome, my house in Whiterun." [DIAL:000C57E8]);;;BYOH_TIF__01003E2D;
33570348;RelationshipMarriageFINWhiterunHouse "Breezehome, my house in Whiterun." [DIAL:000C57E8];;[INFO:03003E2C] (in GRUP Topic Children of RelationshipMarriageFINWhiterunHouse "Breezehome, my house in Whiterun." [DIAL:000C57E8]);;;BYOH_TIF__01003E2C;
33570347;RelationshipMarriageFINWhiterunHouse "Breezehome, my house in Whiterun." [DIAL:000C57E8];;[INFO:03003E2B] (in GRUP Topic Children of RelationshipMarriageFINWhiterunHouse "Breezehome, my house in Whiterun." [DIAL:000C57E8]);;;BYOH_TIF__01003E2B;
33570346;RelationshipMarriageFINWhiterunHouse "Breezehome, my house in Whiterun." [DIAL:000C57E8];;[INFO:03003E2A] (in GRUP Topic Children of RelationshipMarriageFINWhiterunHouse "Breezehome, my house in Whiterun." [DIAL:000C57E8]);;;BYOH_TIF__01003E2A;
808936;;RelationshipMarriageFINWhiterunHouse "Breezehome, my house in Whiterun." [DIAL:000C57E8];;Breezehome, my house in Whiterun.;RelationshipMarriageFIN [QUST:00021382];;
837767;RelationshipMarriageFINSpouseHouse "Your old place would suit us just fine." [DIAL:000C57E7];;[INFO:000CC887] (in GRUP Topic Children of RelationshipMarriageFINSpouseHouse "Your old place would suit us just fine." [DIAL:000C57E7]);;;TIF__000CC887;
837766;RelationshipMarriageFINSpouseHouse "Your old place would suit us just fine." [DIAL:000C57E7];;[INFO:000CC886] (in GRUP Topic Children of RelationshipMarriageFINSpouseHouse "Your old place would suit us just fine." [DIAL:000C57E7]);;;TIF__000CC886;
837765;RelationshipMarriageFINSpouseHouse "Your old place would suit us just fine." [DIAL:000C57E7];;[INFO:000CC885] (in GRUP Topic Children of RelationshipMarriageFINSpouseHouse "Your old place would suit us just fine." [DIAL:000C57E7]);;;TIF__000CC885;
837764;RelationshipMarriageFINSpouseHouse "Your old place would suit us just fine." [DIAL:000C57E7];;[INFO:000CC884] (in GRUP Topic Children of RelationshipMarriageFINSpouseHouse "Your old place would suit us just fine." [DIAL:000C57E7]);;;TIF__000CC884;
837763;RelationshipMarriageFINSpouseHouse "Your old place would suit us just fine." [DIAL:000C57E7];;[INFO:000CC883] (in GRUP Topic Children of RelationshipMarriageFINSpouseHouse "Your old place would suit us just fine." [DIAL:000C57E7]);;;TIF__000CC883;
837762;RelationshipMarriageFINSpouseHouse "Your old place would suit us just fine." [DIAL:000C57E7];;[INFO:000CC882] (in GRUP Topic Children of RelationshipMarriageFINSpouseHouse "Your old place would suit us just fine." [DIAL:000C57E7]);;;TIF__000CC882;
808953;RelationshipMarriageFINSpouseHouse "Your old place would suit us just fine." [DIAL:000C57E7];;[INFO:000C57F9] (in GRUP Topic Children of RelationshipMarriageFINSpouseHouse "Your old place would suit us just fine." [DIAL:000C57E7]);;;TIF__000C57F9;
808935;;RelationshipMarriageFINSpouseHouse "Your old place would suit us just fine." [DIAL:000C57E7];;Your old place would suit us just fine.;RelationshipMarriageFIN [QUST:00021382];;
838983;RelationshipMarriageWeddingHouseSolitude "Let's live in my house in Solitude." [DIAL:000C57E5];;[INFO:000CCD47] ([G] in GRUP Topic Children of RelationshipMarriageWeddingHouseSolitude "Let's live in my house in Solitude." [DIAL:000C57E5]);;;TIF__000CCD47;
838982;RelationshipMarriageWeddingHouseSolitude "Let's live in my house in Solitude." [DIAL:000C57E5];;[INFO:000CCD46] ([G] in GRUP Topic Children of RelationshipMarriageWeddingHouseSolitude "Let's live in my house in Solitude." [DIAL:000C57E5]);;;TIF__000CCD46;
838981;RelationshipMarriageWeddingHouseSolitude "Let's live in my house in Solitude." [DIAL:000C57E5];;[INFO:000CCD45] ([G] in GRUP Topic Children of RelationshipMarriageWeddingHouseSolitude "Let's live in my house in Solitude." [DIAL:000C57E5]);;;TIF__000CCD45;
838980;RelationshipMarriageWeddingHouseSolitude "Let's live in my house in Solitude." [DIAL:000C57E5];;[INFO:000CCD44] ([G] in GRUP Topic Children of RelationshipMarriageWeddingHouseSolitude "Let's live in my house in Solitude." [DIAL:000C57E5]);;;TIF__000CCD44;
838979;RelationshipMarriageWeddingHouseSolitude "Let's live in my house in Solitude." [DIAL:000C57E5];;[INFO:000CCD43] ([G] in GRUP Topic Children of RelationshipMarriageWeddingHouseSolitude "Let's live in my house in Solitude." [DIAL:000C57E5]);;;TIF__000CCD43;
838978;RelationshipMarriageWeddingHouseSolitude "Let's live in my house in Solitude." [DIAL:000C57E5];;[INFO:000CCD42] ([G] in GRUP Topic Children of RelationshipMarriageWeddingHouseSolitude "Let's live in my house in Solitude." [DIAL:000C57E5]);;;TIF__000CCD42;
808949;RelationshipMarriageWeddingHouseSolitude "Let's live in my house in Solitude." [DIAL:000C57E5];;[INFO:000C57F5] ([G] in GRUP Topic Children of RelationshipMarriageWeddingHouseSolitude "Let's live in my house in Solitude." [DIAL:000C57E5]);;;TIF__000C57F5;
808933;;RelationshipMarriageWeddingHouseSolitude "Let's live in my house in Solitude." [DIAL:000C57E5];;Let's live in my house in Solitude.;RelationshipMarriageFIN [QUST:00021382];;
841215;RelationshipMarriageWeddingHouseWindhelm "How about my house in Windhelm?" [DIAL:000C57E3];;[INFO:000CD5FF] ([G] in GRUP Topic Children of RelationshipMarriageWeddingHouseWindhelm "How about my house in Windhelm?" [DIAL:000C57E3]);;;TIF__000CD5FF;
841214;RelationshipMarriageWeddingHouseWindhelm "How about my house in Windhelm?" [DIAL:000C57E3];;[INFO:000CD5FE] ([G] in GRUP Topic Children of RelationshipMarriageWeddingHouseWindhelm "How about my house in Windhelm?" [DIAL:000C57E3]);;;TIF__000CD5FE;
841213;RelationshipMarriageWeddingHouseWindhelm "How about my house in Windhelm?" [DIAL:000C57E3];;[INFO:000CD5FD] ([G] in GRUP Topic Children of RelationshipMarriageWeddingHouseWindhelm "How about my house in Windhelm?" [DIAL:000C57E3]);;;TIF__000CD5FD;
841212;RelationshipMarriageWeddingHouseWindhelm "How about my house in Windhelm?" [DIAL:000C57E3];;[INFO:000CD5FC] ([G] in GRUP Topic Children of RelationshipMarriageWeddingHouseWindhelm "How about my house in Windhelm?" [DIAL:000C57E3]);;;TIF__000CD5FC;
838486;RelationshipMarriageWeddingHouseWindhelm "How about my house in Windhelm?" [DIAL:000C57E3];;[INFO:000CCB56] ([G] in GRUP Topic Children of RelationshipMarriageWeddingHouseWindhelm "How about my house in Windhelm?" [DIAL:000C57E3]);;;TIF__000CCB56;
838123;RelationshipMarriageWeddingHouseWindhelm "How about my house in Windhelm?" [DIAL:000C57E3];;[INFO:000CC9EB] ([G] in GRUP Topic Children of RelationshipMarriageWeddingHouseWindhelm "How about my house in Windhelm?" [DIAL:000C57E3]);;;TIF__000CC9EB;
808954;RelationshipMarriageWeddingHouseWindhelm "How about my house in Windhelm?" [DIAL:000C57E3];;[INFO:000C57FA] ([G] in GRUP Topic Children of RelationshipMarriageWeddingHouseWindhelm "How about my house in Windhelm?" [DIAL:000C57E3]);;;TIF__000C57FA;
808931;;RelationshipMarriageWeddingHouseWindhelm "How about my house in Windhelm?" [DIAL:000C57E3];;How about my house in Windhelm?;RelationshipMarriageFIN [QUST:00021382];;
841076;RelationshipMarriageWeddingMarkarthHouse "My house in Markarth would be perfect." [DIAL:000C57E2];;[INFO:000CD574] ([G] in GRUP Topic Children of RelationshipMarriageWeddingMarkarthHouse "My house in Markarth would be perfect." [DIAL:000C57E2]);;;TIF__000CD574;
841075;RelationshipMarriageWeddingMarkarthHouse "My house in Markarth would be perfect." [DIAL:000C57E2];;[INFO:000CD573] ([G] in GRUP Topic Children of RelationshipMarriageWeddingMarkarthHouse "My house in Markarth would be perfect." [DIAL:000C57E2]);;;TIF__000CD573;
841073;RelationshipMarriageWeddingMarkarthHouse "My house in Markarth would be perfect." [DIAL:000C57E2];;[INFO:000CD571] ([G] in GRUP Topic Children of RelationshipMarriageWeddingMarkarthHouse "My house in Markarth would be perfect." [DIAL:000C57E2]);;;TIF__000CD571;
841068;RelationshipMarriageWeddingMarkarthHouse "My house in Markarth would be perfect." [DIAL:000C57E2];;[INFO:000CD56C] ([G] in GRUP Topic Children of RelationshipMarriageWeddingMarkarthHouse "My house in Markarth would be perfect." [DIAL:000C57E2]);;;TIF__000CD56C;
841067;RelationshipMarriageWeddingMarkarthHouse "My house in Markarth would be perfect." [DIAL:000C57E2];;[INFO:000CD56B] ([G] in GRUP Topic Children of RelationshipMarriageWeddingMarkarthHouse "My house in Markarth would be perfect." [DIAL:000C57E2]);;;TIF__000CD56B;
841063;RelationshipMarriageWeddingMarkarthHouse "My house in Markarth would be perfect." [DIAL:000C57E2];;[INFO:000CD567] ([G] in GRUP Topic Children of RelationshipMarriageWeddingMarkarthHouse "My house in Markarth would be perfect." [DIAL:000C57E2]);;;TIF__000CD567;
808944;RelationshipMarriageWeddingMarkarthHouse "My house in Markarth would be perfect." [DIAL:000C57E2];;[INFO:000C57F0] ([G] in GRUP Topic Children of RelationshipMarriageWeddingMarkarthHouse "My house in Markarth would be perfect." [DIAL:000C57E2]);;;TIF__000C57F0;
808930;;RelationshipMarriageWeddingMarkarthHouse "My house in Markarth would be perfect." [DIAL:000C57E2];;My house in Markarth would be perfect.;RelationshipMarriageFIN [QUST:00021382];;
841211;RelationshipMarriageWeddingRiftenHouse "I have a house in Riften." [DIAL:000C57E1];;[INFO:000CD5FB] ([G] in GRUP Topic Children of RelationshipMarriageWeddingRiftenHouse "I have a house in Riften." [DIAL:000C57E1]);;;TIF__000CD5FB;
841153;RelationshipMarriageWeddingRiftenHouse "I have a house in Riften." [DIAL:000C57E1];;[INFO:000CD5C1] ([G] in GRUP Topic Children of RelationshipMarriageWeddingRiftenHouse "I have a house in Riften." [DIAL:000C57E1]);;;TIF__000CD5C1;
841145;RelationshipMarriageWeddingRiftenHouse "I have a house in Riften." [DIAL:000C57E1];;[INFO:000CD5B9] ([G] in GRUP Topic Children of RelationshipMarriageWeddingRiftenHouse "I have a house in Riften." [DIAL:000C57E1]);;;TIF__000CD5B9;
841136;RelationshipMarriageWeddingRiftenHouse "I have a house in Riften." [DIAL:000C57E1];;[INFO:000CD5B0] ([G] in GRUP Topic Children of RelationshipMarriageWeddingRiftenHouse "I have a house in Riften." [DIAL:000C57E1]);;;TIF__000CD5B0;
841135;RelationshipMarriageWeddingRiftenHouse "I have a house in Riften." [DIAL:000C57E1];;[INFO:000CD5AF] ([G] in GRUP Topic Children of RelationshipMarriageWeddingRiftenHouse "I have a house in Riften." [DIAL:000C57E1]);;;TIF__000CD5AF;
841134;RelationshipMarriageWeddingRiftenHouse "I have a house in Riften." [DIAL:000C57E1];;[INFO:000CD5AE] ([G] in GRUP Topic Children of RelationshipMarriageWeddingRiftenHouse "I have a house in Riften." [DIAL:000C57E1]);;;TIF__000CD5AE;
808957;RelationshipMarriageWeddingRiftenHouse "I have a house in Riften." [DIAL:000C57E1];;[INFO:000C57FD] ([G] in GRUP Topic Children of RelationshipMarriageWeddingRiftenHouse "I have a house in Riften." [DIAL:000C57E1]);;;TIF__000C57FD;
808929;;RelationshipMarriageWeddingRiftenHouse "I have a house in Riften." [DIAL:000C57E1];;I have a house in Riften.;RelationshipMarriageFIN [QUST:00021382];;
33570391;RelationshipMarriageWeddingWhiterunHouse "We could live in my house in Whiterun." [DIAL:000C57E0];;[INFO:03003E57] ([G] in GRUP Topic Children of RelationshipMarriageWeddingWhiterunHouse "We could live in my house in Whiterun." [DIAL:000C57E0]);;;BYOH_TIF__01003E57;
33570390;RelationshipMarriageWeddingWhiterunHouse "We could live in my house in Whiterun." [DIAL:000C57E0];;[INFO:03003E56] ([G] in GRUP Topic Children of RelationshipMarriageWeddingWhiterunHouse "We could live in my house in Whiterun." [DIAL:000C57E0]);;;BYOH_TIF__01003E56;
33570389;RelationshipMarriageWeddingWhiterunHouse "We could live in my house in Whiterun." [DIAL:000C57E0];;[INFO:03003E55] ([G] in GRUP Topic Children of RelationshipMarriageWeddingWhiterunHouse "We could live in my house in Whiterun." [DIAL:000C57E0]);;;BYOH_TIF__01003E55;
33570388;RelationshipMarriageWeddingWhiterunHouse "We could live in my house in Whiterun." [DIAL:000C57E0];;[INFO:03003E54] ([G] in GRUP Topic Children of RelationshipMarriageWeddingWhiterunHouse "We could live in my house in Whiterun." [DIAL:000C57E0]);;;BYOH_TIF__01003E54;
33570387;RelationshipMarriageWeddingWhiterunHouse "We could live in my house in Whiterun." [DIAL:000C57E0];;[INFO:03003E53] ([G] in GRUP Topic Children of RelationshipMarriageWeddingWhiterunHouse "We could live in my house in Whiterun." [DIAL:000C57E0]);;;BYOH_TIF__01003E53;
33570386;RelationshipMarriageWeddingWhiterunHouse "We could live in my house in Whiterun." [DIAL:000C57E0];;[INFO:03003E52] ([G] in GRUP Topic Children of RelationshipMarriageWeddingWhiterunHouse "We could live in my house in Whiterun." [DIAL:000C57E0]);;;BYOH_TIF__01003E52;
33570385;RelationshipMarriageWeddingWhiterunHouse "We could live in my house in Whiterun." [DIAL:000C57E0];;[INFO:03003E51] ([G] in GRUP Topic Children of RelationshipMarriageWeddingWhiterunHouse "We could live in my house in Whiterun." [DIAL:000C57E0]);;;BYOH_TIF__01003E51;
808928;;RelationshipMarriageWeddingWhiterunHouse "We could live in my house in Whiterun." [DIAL:000C57E0];;We could live in my house in Whiterun.;RelationshipMarriageFIN [QUST:00021382];;
841062;RelationshipMarriageWeddingSpouseHouse "Living with you would be perfect." [DIAL:000C57DF];;[INFO:000CD566] ([G] in GRUP Topic Children of RelationshipMarriageWeddingSpouseHouse "Living with you would be perfect." [DIAL:000C57DF]);;;TIF__000CD566;
841061;RelationshipMarriageWeddingSpouseHouse "Living with you would be perfect." [DIAL:000C57DF];;[INFO:000CD565] ([G] in GRUP Topic Children of RelationshipMarriageWeddingSpouseHouse "Living with you would be perfect." [DIAL:000C57DF]);;;TIF__000CD565;
841021;RelationshipMarriageWeddingSpouseHouse "Living with you would be perfect." [DIAL:000C57DF];;[INFO:000CD53D] ([G] in GRUP Topic Children of RelationshipMarriageWeddingSpouseHouse "Living with you would be perfect." [DIAL:000C57DF]);;;TIF__000CD53D;
841020;RelationshipMarriageWeddingSpouseHouse "Living with you would be perfect." [DIAL:000C57DF];;[INFO:000CD53C] ([G] in GRUP Topic Children of RelationshipMarriageWeddingSpouseHouse "Living with you would be perfect." [DIAL:000C57DF]);;;TIF__000CD53C;
841008;RelationshipMarriageWeddingSpouseHouse "Living with you would be perfect." [DIAL:000C57DF];;[INFO:000CD530] ([G] in GRUP Topic Children of RelationshipMarriageWeddingSpouseHouse "Living with you would be perfect." [DIAL:000C57DF]);;;TIF__000CD530;
841004;RelationshipMarriageWeddingSpouseHouse "Living with you would be perfect." [DIAL:000C57DF];;[INFO:000CD52C] ([G] in GRUP Topic Children of RelationshipMarriageWeddingSpouseHouse "Living with you would be perfect." [DIAL:000C57DF]);;;TIF__000CD52C;
808947;RelationshipMarriageWeddingSpouseHouse "Living with you would be perfect." [DIAL:000C57DF];;[INFO:000C57F3] ([G] in GRUP Topic Children of RelationshipMarriageWeddingSpouseHouse "Living with you would be perfect." [DIAL:000C57DF]);;;TIF__000C57F3;
808927;;RelationshipMarriageWeddingSpouseHouse "Living with you would be perfect." [DIAL:000C57DF];;Living with you would be perfect.;RelationshipMarriageFIN [QUST:00021382];;
781834;[DIAL:000BD6F7];;[INFO:000BEE0A] ('For a stranger, you're not so bad.' in GRUP Topic Children of [DIAL:000BD6F7]);;;;
781832;[DIAL:000BD6F7];;[INFO:000BEE08] ('Thanks for talking to me.' in GRUP Topic Children of [DIAL:000BD6F7]);;;;
780725;[DIAL:000BD6F7];;[INFO:000BE9B5] ('Papa doesn't like when I talk to customers, anyway.' in GRUP Topic Children of [DIAL:000BD6F7]);;;;
780671;[DIAL:000BD6F7];;[INFO:000BE97F] ('Come back if you want to play tag.' in GRUP Topic Children of [DIAL:000BD6F7]);;;;
775927;;[DIAL:000BD6F7];;;DialogueSolitude "Solitude Dialogue" [QUST:0002E1AD];;
733134;DialogueSolitudeKaydTagTopic [DIAL:000B2FC8];;[INFO:000B2FCE] ([G]'Five, four, three, two, one... go!' in GRUP Topic Children of DialogueSolitudeKaydTagTopic [DIAL:000B2FC8]);;;TIF__000B2FCE;Sure, tag sounds fun.
733133;DialogueSolitudeKaydTagTopic [DIAL:000B2FC8];;[INFO:000B2FCD] ([G]'Five, four, three, two, one... go!' in GRUP Topic Children of DialogueSolitudeKaydTagTopic [DIAL:000B2FC8]);;;TIF__000B2FCD;Sure, tag sounds fun.
733128;;DialogueSolitudeKaydTagTopic [DIAL:000B2FC8];;;DialogueSolitude "Solitude Dialogue" [QUST:0002E1AD];;
724713;DialogueFavorGenericFollowBranchTopic "Follow me. I need your help." [DIAL:000B0EE6];;[INFO:000B0EE9] ([G]'Lead the way.' in GRUP Topic Children of DialogueFavorGenericFollowBranchTopic "Follow me. I need your help." [DIAL:000B0EE6]);;;TIF__000B0EE9;
33643792;DialogueFavorGenericFollowBranchTopic "Follow me. I need your help." [DIAL:000B0EE6];;[INFO:03015D10] ([G]'Good. My place is by your side, Thane.' in GRUP Topic Children of DialogueFavorGenericFollowBranchTopic "Follow me. I need your help." [DIAL:000B0EE6]);;;BYOH_TIF__01015D10;
33643791;DialogueFavorGenericFollowBranchTopic "Follow me. I need your help." [DIAL:000B0EE6];;[INFO:03015D0F] ([G]'Excellent. Lead on, Thane.' in GRUP Topic Children of DialogueFavorGenericFollowBranchTopic "Follow me. I need your help." [DIAL:000B0EE6]);;;BYOH_TIF__01015D0F;
33643790;DialogueFavorGenericFollowBranchTopic "Follow me. I need your help." [DIAL:000B0EE6];;[INFO:03015D0E] ([G]'Lead on, Thane. My blade is always yours to command.' in GRUP Topic Children of DialogueFavorGenericFollowBranchTopic "Follow me. I need your help." [DIAL:000B0EE6]);;;BYOH_TIF__01015D0E;
724710;;DialogueFavorGenericFollowBranchTopic "Follow me. I need your help." [DIAL:000B0EE6];;Follow me. I need your help.;DialogueFavorGeneric "Generic dialogue" [QUST:0005A6DC];;
671785;DialogueRiftenGoodbyes "DialogueRiftenGoodbyes" [DIAL:000A4027];;[INFO:000A4029] ('If there's nothing else, I really must ask you to leave.' in GRUP Topic Children of DialogueRiftenGoodbyes "DialogueRiftenGoodbyes" [DIAL:000A4027]);;;;
671783;;DialogueRiftenGoodbyes "DialogueRiftenGoodbyes" [DIAL:000A4027];;DialogueRiftenGoodbyes;DialogueRiften "Riften Dialogue" [QUST:000368D8];;
668835;Favor255QuestReturnTopic "I've helped your people." [DIAL:000A3498];;[INFO:000A34A3] ('Then by my right as Jarl, I name you Thane of Hjaalmarch. Congratulations.' in GRUP Topic Children of Favor255QuestReturnTopic "I've helped your people." [DIAL:000A3498]);;;TIF__000A34A3;
33627316;Favor255QuestReturnTopic "I've helped your people." [DIAL:000A3498];;[INFO:03011CB4] ('Then by my right as Jarl, I name you Thane of Hjaalmarch. Congratulations.' in GRUP Topic Children of Favor255QuestReturnTopic "I've helped your people." [DIAL:000A3498]);;;BYOH_TIF__01011CB4;
668824;;Favor255QuestReturnTopic "I've helped your people." [DIAL:000A3498];;I've helped your people.;Favor255 "Thane of Hjaalmarch" [QUST:000A34CE];;
668840;Favor256QuestReturnTopic "I've helped your people." [DIAL:000A3496];;[INFO:000A34A8] ('Then by my right as Jarl, I name you Thane of the Pale. Congratulations.' in GRUP Topic Children of Favor256QuestReturnTopic "I've helped your people." [DIAL:000A3496]);;;TIF__000A34A8;
33627317;Favor256QuestReturnTopic "I've helped your people." [DIAL:000A3496];;[INFO:03011CB5] ('Then by my right as Jarl, I name you Thane of the Pale. Congratulations.' in GRUP Topic Children of Favor256QuestReturnTopic "I've helped your people." [DIAL:000A3496]);;;BYOH_TIF__01011CB5;
668822;;Favor256QuestReturnTopic "I've helped your people." [DIAL:000A3496];;I've helped your people.;Favor256 "Thane of the Pale" [QUST:000A34D4];;
668830;Favor258QuestReturnTopic "I've helped your people." [DIAL:000A3492];;[INFO:000A349E] ('Then by my right as Jarl, I name you Thane of Falkreath. Congratulations.' in GRUP Topic Children of Favor258QuestReturnTopic "I've helped your people." [DIAL:000A3492]);;;TIF__000A349E;
33627318;Favor258QuestReturnTopic "I've helped your people." [DIAL:000A3492];;[INFO:03011CB6] ('Then by my right as Jarl, I name you Thane of Falkreath. Congratulations.' in GRUP Topic Children of Favor258QuestReturnTopic "I've helped your people." [DIAL:000A3492]);;;BYOH_TIF__01011CB6;
668818;;Favor258QuestReturnTopic "I've helped your people." [DIAL:000A3492];;I've helped your people.;Favor258 "Thane of Falkreath" [QUST:000A34DE];;
603379;WhiterunBraithBullyBranchTopic [DIAL:000934F1];;[INFO:000934F3] ('Yeah? Why?' in GRUP Topic Children of WhiterunBraithBullyBranchTopic [DIAL:000934F1]);;;;You need to stop bullying Lars Battle-Born.
603377;;WhiterunBraithBullyBranchTopic [DIAL:000934F1];;;DialogueWhiterun "Whiterun City Dialogue" [QUST:000270A4];;
603362;WhiterunLarsBullyTopicTopic [DIAL:000934E1];;[INFO:000934E2] ('Yes. Braith bullies me all the time. All the elders think I'm a milk drinker 'cause I can't fight. Nobody understands.' in GRUP Topic Children of WhiterunLarsBullyTopicTopic [DIAL:000934E1]);;;;Having trouble?
603361;;WhiterunLarsBullyTopicTopic [DIAL:000934E1];;;DialogueWhiterun "Whiterun City Dialogue" [QUST:000270A4];;
600674;[DIAL:00092A5D];;[INFO:00092A62] ('Battle-Born! Give me your money!' in GRUP Topic Children of [DIAL:00092A5D]);;;;
600669;;[DIAL:00092A5D];;;DialogueWhiterun "Whiterun City Dialogue" [QUST:000270A4];;
600671;[DIAL:00092A5C];;[INFO:00092A5F] ('I... I don't have any money.' in GRUP Topic Children of [DIAL:00092A5C]);;;;
600668;;[DIAL:00092A5C];;;DialogueWhiterun "Whiterun City Dialogue" [QUST:000270A4];;
600670;[DIAL:00092A5B];;[INFO:00092A5E] ('You'd better give me five septims right now, or I'm going to bloody your nose...' in GRUP Topic Children of [DIAL:00092A5B]);;;;
600667;;[DIAL:00092A5B];;;DialogueWhiterun "Whiterun City Dialogue" [QUST:000270A4];;
600673;[DIAL:00092A5A];;[INFO:00092A61] ('No! Please! I really don't have any money, Braith! I'll give you ten septims tomorrow. Just don't hit me.' in GRUP Topic Children of [DIAL:00092A5A]);;;;
600666;;[DIAL:00092A5A];;;DialogueWhiterun "Whiterun City Dialogue" [QUST:000270A4];;
600672;[DIAL:00092A59];;[INFO:00092A60] ('Ten septims tomorrow, baby Battle-Born. Or I'm gonna bloody your nose and your lip.' in GRUP Topic Children of [DIAL:00092A59]);;;;
600665;;[DIAL:00092A59];;;DialogueWhiterun "Whiterun City Dialogue" [QUST:000270A4];;
591086;[DIAL:000904AC];;[INFO:000904EE] ('Finally. I got stuff to do, ya know.' in GRUP Topic Children of [DIAL:000904AC]);;;;
591085;[DIAL:000904AC];;[INFO:000904ED] ('We done?' in GRUP Topic Children of [DIAL:000904AC]);;;;
591020;;[DIAL:000904AC];;;DialogueWhiterun "Whiterun City Dialogue" [QUST:000270A4];;
578240;AventusGreetingBranchTopic [DIAL:0008D2BC];;[INFO:0008D2C0] ([G][R]'When I grow up, I'm going to be an assassin. That way I can help lots of children, just like you.' in GRUP Topic Children of AventusGreetingBranchTopic [DIAL:0008D2BC]);;;;
578236;;AventusGreetingBranchTopic [DIAL:0008D2BC];;;DialogueWindhelm [QUST:0003502E];;
578238;DialogueAventusRiftenBranchTopic [DIAL:0008D2BB];;[INFO:0008D2BE] ([G]'You came to visit! It's so much better here with Grelod gone. Thanks to you.' in GRUP Topic Children of DialogueAventusRiftenBranchTopic [DIAL:0008D2BB]);;;;
578235;;DialogueAventusRiftenBranchTopic [DIAL:0008D2BB];;;DialogueRiften "Riften Dialogue" [QUST:000368D8];;
498457;DialogueOldHroldanSkuliTopic "You're awfully... mature for your age." [DIAL:00079B15];;[INFO:00079B19] ('Watch your tongue, stranger. We don't take backtalk in this inn.' in GRUP Topic Children of DialogueOldHroldanSkuliTopic "You're awfully... mature for your age." [DIAL:00079B15]);;;;
498453;;DialogueOldHroldanSkuliTopic "You're awfully... mature for your age." [DIAL:00079B15];;You're awfully... mature for your age.;DialogueOldHroldan "DialogueOldHroldan" [QUST:0002C7E2];;
33643847;DialogueFollowerWaitTopic "Wait here." [DIAL:00075084];;[INFO:03015D47] ([G][R][RE]'I will remain on guard here.' in GRUP Topic Children of DialogueFollowerWaitTopic "Wait here." [DIAL:00075084]);;;BYOH_TIF__01015D47;
378939;DialogueFollowerWaitTopic "Wait here." [DIAL:00075084];;[INFO:0005C83B] ([G][R]'As you wish, my Thane.' in GRUP Topic Children of DialogueFollowerWaitTopic "Wait here." [DIAL:00075084]);;;TIF__0005C83B;
33643846;DialogueFollowerWaitTopic "Wait here." [DIAL:00075084];;[INFO:03015D46] ([G]'Don't be long. My place is by your side.' in GRUP Topic Children of DialogueFollowerWaitTopic "Wait here." [DIAL:00075084]);;;BYOH_TIF__01015D46;
33643845;DialogueFollowerWaitTopic "Wait here." [DIAL:00075084];;[INFO:03015D45] ([G]'I'm yours to command, Thane. I'll wait here until you need me.' in GRUP Topic Children of DialogueFollowerWaitTopic "Wait here." [DIAL:00075084]);;;BYOH_TIF__01015D45;
33643844;DialogueFollowerWaitTopic "Wait here." [DIAL:00075084];;[INFO:03015D44] ([G]'Yes, Thane. Be careful.' in GRUP Topic Children of DialogueFollowerWaitTopic "Wait here." [DIAL:00075084]);;;BYOH_TIF__01015D44;
987568;DialogueFollowerWaitTopic "Wait here." [DIAL:00075084];;[INFO:000F11B0] ([G]'I'll be right here. Be careful now!' in GRUP Topic Children of DialogueFollowerWaitTopic "Wait here." [DIAL:00075084]);;;TIF__000F11B0;
479364;;DialogueFollowerWaitTopic "Wait here." [DIAL:00075084];;Wait here.;DialogueFollower [QUST:000750BA];;
33643835;DialogueFollowerFollowTopic "Follow me." [DIAL:00075083];;[INFO:03015D3B] ([G][R][RE]'As you command, my Thane.' in GRUP Topic Children of DialogueFollowerFollowTopic "Follow me." [DIAL:00075083]);;;BYOH_TIF__01015D3B;
378936;DialogueFollowerFollowTopic "Follow me." [DIAL:00075083];;[INFO:0005C838] ([G][R]'As you will, my Thane. I will protect you with my life.' in GRUP Topic Children of DialogueFollowerFollowTopic "Follow me." [DIAL:00075083]);;;TIF__0005C838;
33643834;DialogueFollowerFollowTopic "Follow me." [DIAL:00075083];;[INFO:03015D3A] ([G]'I'm with you, Thane.' in GRUP Topic Children of DialogueFollowerFollowTopic "Follow me." [DIAL:00075083]);;;BYOH_TIF__01015D3A;
33643833;DialogueFollowerFollowTopic "Follow me." [DIAL:00075083];;[INFO:03015D39] ([G]'Lead on, Thane.' in GRUP Topic Children of DialogueFollowerFollowTopic "Follow me." [DIAL:00075083]);;;BYOH_TIF__01015D39;
33643832;DialogueFollowerFollowTopic "Follow me." [DIAL:00075083];;[INFO:03015D38] ([G]'My blade is yours to command, Thane.' in GRUP Topic Children of DialogueFollowerFollowTopic "Follow me." [DIAL:00075083]);;;BYOH_TIF__01015D38;
987569;DialogueFollowerFollowTopic "Follow me." [DIAL:00075083];;[INFO:000F11B1] ([G]'Great! Let's go!' in GRUP Topic Children of DialogueFollowerFollowTopic "Follow me." [DIAL:00075083]);;;TIF__000F11B1;
479363;;DialogueFollowerFollowTopic "Follow me." [DIAL:00075083];;Follow me.;DialogueFollower [QUST:000750BA];;
593400;Favor154QuestFinishTopic "I've killed the leader of <Alias=BanditCamp>." [DIAL:0006B54D];;[INFO:00090DF8] ('Teach them to stop paying me.' in GRUP Topic Children of Favor154QuestFinishTopic "I've killed the leader of <Alias=BanditCamp>." [DIAL:0006B54D]);;;TIF__00090DF8;
439629;;Favor154QuestFinishTopic "I've killed the leader of <Alias=BanditCamp>." [DIAL:0006B54D];;I've killed the leader of <Alias=BanditCamp>.;Favor154 "Kill the Bandit Leader (Jarl)" [QUST:0007172A];;
412073;DialogueStonehillsPacturLocationBranchTopic "You're out in the middle of nowhere, aren't you?" [DIAL:000649A8];;[INFO:000649A9] ('Don't have to tell me twice. But then, I'm not the one that buried iron under these mountains.' in GRUP Topic Children of DialogueStonehillsPacturLocationBranchTopic "You're out in the middle of nowhere, aren't you?" [DIAL:000649A8]);;;;
412072;;DialogueStonehillsPacturLocationBranchTopic "You're out in the middle of nowhere, aren't you?" [DIAL:000649A8];;You're out in the middle of nowhere, aren't you?;DialogueStonehills "Stonehills Dialogue" [QUST:0002A395];;
33643858;DialogueFollowerTradeTopic "I need to trade some things with you." [DIAL:00060020];;[INFO:03015D52] ([R][RE]'How can I serve you, my Thane?' in GRUP Topic Children of DialogueFollowerTradeTopic "I need to trade some things with you." [DIAL:00060020]);;;BYOH_TIF__01015D52;
33643857;DialogueFollowerTradeTopic "I need to trade some things with you." [DIAL:00060020];;[INFO:03015D51] ([R]'I am at your command.' in GRUP Topic Children of DialogueFollowerTradeTopic "I need to trade some things with you." [DIAL:00060020]);;;BYOH_TIF__01015D51;
393251;DialogueFollowerTradeTopic "I need to trade some things with you." [DIAL:00060020];;[INFO:00060023] ([R]'I am sworn to carry your burdens.' in GRUP Topic Children of DialogueFollowerTradeTopic "I need to trade some things with you." [DIAL:00060020]);;;TIF__00060023;
33643856;DialogueFollowerTradeTopic "I need to trade some things with you." [DIAL:00060020];;[INFO:03015D50] ('What's mine is yours, Thane.' in GRUP Topic Children of DialogueFollowerTradeTopic "I need to trade some things with you." [DIAL:00060020]);;;BYOH_TIF__01015D50;
33643855;DialogueFollowerTradeTopic "I need to trade some things with you." [DIAL:00060020];;[INFO:03015D4F] ('Do you need something from me, Thane? Or can I carry something for you?' in GRUP Topic Children of DialogueFollowerTradeTopic "I need to trade some things with you." [DIAL:00060020]);;;BYOH_TIF__01015D4F;
33643854;DialogueFollowerTradeTopic "I need to trade some things with you." [DIAL:00060020];;[INFO:03015D4E] ('Of course, Thane. How can I be of service?' in GRUP Topic Children of DialogueFollowerTradeTopic "I need to trade some things with you." [DIAL:00060020]);;;BYOH_TIF__01015D4E;
183493;DialogueFollowerTradeTopic "I need to trade some things with you." [DIAL:00060020];;[INFO:0002CCC5] ('(bark)' in GRUP Topic Children of DialogueFollowerTradeTopic "I need to trade some things with you." [DIAL:00060020]);;;TIF__0002CCC5;Give me everything you're carrying, dog.
393248;;DialogueFollowerTradeTopic "I need to trade some things with you." [DIAL:00060020];;I need to trade some things with you.;DialogueFollower [QUST:000750BA];;
33643864;DialogueFollowerDismissTopic "It's time for us to part ways." [DIAL:0005C80C];;[INFO:03015D58] ([G]'As you command, Thane. I'll wait at the White Hall in Dawnstar until you need me again.' in GRUP Topic Children of DialogueFollowerDismissTopic "It's time for us to part ways." [DIAL:0005C80C]);;;BYOH_TIF__01015D58;
33643863;DialogueFollowerDismissTopic "It's time for us to part ways." [DIAL:0005C80C];;[INFO:03015D57] ([G]'I'll return to Highmoon Hall in Morthal until you need me again, Thane.' in GRUP Topic Children of DialogueFollowerDismissTopic "It's time for us to part ways." [DIAL:0005C80C]);;;BYOH_TIF__01015D57;
33643862;DialogueFollowerDismissTopic "It's time for us to part ways." [DIAL:0005C80C];;[INFO:03015D56] ([G]'I'll wait for you at the Jarl's Longhouse in Falkreath until you need me again, Thane.' in GRUP Topic Children of DialogueFollowerDismissTopic "It's time for us to part ways." [DIAL:0005C80C]);;;BYOH_TIF__01015D56;
33643861;DialogueFollowerDismissTopic "It's time for us to part ways." [DIAL:0005C80C];;[INFO:03015D55] ([G]'As you command, Thane. I'll guard Heljarchen House until you return.' in GRUP Topic Children of DialogueFollowerDismissTopic "It's time for us to part ways." [DIAL:0005C80C]);;;BYOH_TIF__01015D55;
33643860;DialogueFollowerDismissTopic "It's time for us to part ways." [DIAL:0005C80C];;[INFO:03015D54] ([G]'I'll return to Windstad Manor and remain on guard, my Thane.' in GRUP Topic Children of DialogueFollowerDismissTopic "It's time for us to part ways." [DIAL:0005C80C]);;;BYOH_TIF__01015D54;
33643859;DialogueFollowerDismissTopic "It's time for us to part ways." [DIAL:0005C80C];;[INFO:03015D53] ([G]'I'll keep watch at Lakeview Manor until you return, Thane. Good hunting.' in GRUP Topic Children of DialogueFollowerDismissTopic "It's time for us to part ways." [DIAL:0005C80C]);;;BYOH_TIF__01015D53;
378918;DialogueFollowerDismissTopic "It's time for us to part ways." [DIAL:0005C80C];;[INFO:0005C826] ([G]'I will be back at your house if you need me, Thane.' in GRUP Topic Children of DialogueFollowerDismissTopic "It's time for us to part ways." [DIAL:0005C80C]);;;TIF__0005C826;
378892;;DialogueFollowerDismissTopic "It's time for us to part ways." [DIAL:0005C80C];;It's time for us to part ways.;DialogueFollower [QUST:000750BA];;
310507;WIChangeLocation08ForceGreetTopic "Hello." [DIAL:0004BCEA];;[INFO:0004BCEB] ('Hey. You wanna play a game?' in GRUP Topic Children of WIChangeLocation08ForceGreetTopic "Hello." [DIAL:0004BCEA]);;;;Hello.
310506;;WIChangeLocation08ForceGreetTopic "Hello." [DIAL:0004BCEA];;Hello.;WIChangeLocation08 "Kid Games" [QUST:0004BCF1];;
33570299;WIChangeLocation08No "Actually, I can't stop to play games right now." [DIAL:0004BB58];;[INFO:03003DFB] ([G] in GRUP Topic Children of WIChangeLocation08No "Actually, I can't stop to play games right now." [DIAL:0004BB58]);;;BYOH_TIF__01003DFB;
310508;WIChangeLocation08No "Actually, I can't stop to play games right now." [DIAL:0004BB58];;[INFO:0004BCEC] ([G]'Figures. You elders are always so boring.' in GRUP Topic Children of WIChangeLocation08No "Actually, I can't stop to play games right now." [DIAL:0004BB58]);;;TIF__0004BCEC;
310104;;WIChangeLocation08No "Actually, I can't stop to play games right now." [DIAL:0004BB58];;Actually, I can't stop to play games right now.;WIChangeLocation08 "Kid Games" [QUST:0004BCF1];;
310511;WIChangeLocation08HideAndSeek "How about hide-and-seek?" [DIAL:0004BB56];;[INFO:0004BCEF] ([G]'I know all the good spots! You don't stand a chance!' in GRUP Topic Children of WIChangeLocation08HideAndSeek "How about hide-and-seek?" [DIAL:0004BB56]);;;TIF__0004BCEF;
310102;;WIChangeLocation08HideAndSeek "How about hide-and-seek?" [DIAL:0004BB56];;How about hide-and-seek?;WIChangeLocation08 "Kid Games" [QUST:0004BCF1];;
593399;Favor154QuestGiverBranchTopic "Do you have any more work?" [DIAL:0004B73B];;[INFO:00090DF7] ('You've proven reliable. There's a group of bandits in my Hold that I... may have had a few discreet dealings with.' in GRUP Topic Children of Favor154QuestGiverBranchTopic "Do you have any more work?" [DIAL:0004B73B]);;;TIF__0004B73C;
33644847;Favor154QuestGiverBranchTopic "Do you have any more work?" [DIAL:0004B73B];;[INFO:0301612F] ('There's that group of bandits that need to be taught a lesson, remember?' in GRUP Topic Children of Favor154QuestGiverBranchTopic "Do you have any more work?" [DIAL:0004B73B]);;;BYOH_TIF__0101612F;Do you have any work you need done?
33644846;Favor154QuestGiverBranchTopic "Do you have any more work?" [DIAL:0004B73B];;[INFO:0301612E] ([SO]'Ah, it's you. Yes, well, now we'll see if the stories about you are true.' in GRUP Topic Children of Favor154QuestGiverBranchTopic "Do you have any more work?" [DIAL:0004B73B]);;;BYOH_TIF__0101612E;I got your letter. I'm <Alias=Player>.
33644845;Favor154QuestGiverBranchTopic "Do you have any more work?" [DIAL:0004B73B];;[INFO:0301612D] ([SO]'Oh. For some reason I didn't realize you were the same person all the stories were about...' in GRUP Topic Children of Favor154QuestGiverBranchTopic "Do you have any more work?" [DIAL:0004B73B]);;;BYOH_TIF__0101612D;I got your letter. I'm <Alias=Player>.
309051;;Favor154QuestGiverBranchTopic "Do you have any more work?" [DIAL:0004B73B];;Do you have any more work?;Favor154 "Kill the Bandit Leader (Jarl)" [QUST:0007172A];;
283769;[DIAL:000453E9];;[INFO:00045479] ('Ain't nothin' a boy can do that I can't do better.' in GRUP Topic Children of [DIAL:000453E9]);;;;
283768;[DIAL:000453E9];;[INFO:00045478] ('Papa may have wanted a son, but he got me. He's a lucky man.' in GRUP Topic Children of [DIAL:000453E9]);;;;
283767;[DIAL:000453E9];;[INFO:00045477] ('Mama doesn't think I'm girlish enough. But that's just stupid girl talk.' in GRUP Topic Children of [DIAL:000453E9]);;;;
283766;[DIAL:000453E9];;[INFO:00045476] ('Papa says I'm not ready for weapons. So I make lots of horseshoes and hobnails.' in GRUP Topic Children of [DIAL:000453E9]);;;;
283765;[DIAL:000453E9];;[INFO:00045475] ('Some day I'm going to forge my own sword!' in GRUP Topic Children of [DIAL:000453E9]);;;;
283764;[DIAL:000453E9];;[INFO:00045474] ('My father is Alvor, the blacksmith. I'm his assistant. I mean, apprentice.' in GRUP Topic Children of [DIAL:000453E9]);;;;
283763;[DIAL:000453E9];;[INFO:00045473] ('Papa says I'm too friendly with strangers, but you seem all right.' in GRUP Topic Children of [DIAL:000453E9]);;;;
283695;[DIAL:000453E9];;[INFO:0004542F] ('You gotta have better things to do than talk to me all day...' in GRUP Topic Children of [DIAL:000453E9]);;;;
283694;[DIAL:000453E9];;[INFO:0004542E] ('Mother wants me to work at the mill. But I ain't nobody's slave.' in GRUP Topic Children of [DIAL:000453E9]);;;;
283693;[DIAL:000453E9];;[INFO:0004542D] ('My friend Dorthe doesn't like my pranking. "You're being mean, Frodnar!" So what if I am?' in GRUP Topic Children of [DIAL:000453E9]);;;;
284858;[DIAL:000453E9];;[INFO:000458BA] ('So I like to have a little fun, so what?' in GRUP Topic Children of [DIAL:000453E9]);;;;
283692;[DIAL:000453E9];;[INFO:0004542C] ('Ah, everybody around here's so serious.' in GRUP Topic Children of [DIAL:000453E9]);;;;
283691;[DIAL:000453E9];;[INFO:0004542B] ('Get me mad, and I'll prank ya. And not a little. A lot.' in GRUP Topic Children of [DIAL:000453E9]);;;;
283690;[DIAL:000453E9];;[INFO:0004542A] ('You're new around here, so I'll go easy on ya. But don't get on my bad side.' in GRUP Topic Children of [DIAL:000453E9]);;;TIF__0004542A;
283625;;[DIAL:000453E9];;;DialogueRiverwood_Revised "Riverwood dialogue" [QUST:00045486];;
33571521;DialogueRiftenHellos [DIAL:00040760];;[INFO:030042C1] ('You came to visit! It's so much better here with Grelod gone. Thanks to you.' in GRUP Topic Children of DialogueRiftenHellos [DIAL:00040760]);;;;
894561;DialogueRiftenHellos [DIAL:00040760];;[INFO:000DA661] ([R]'By the gods, a dragon's been sighted just south of the city, flying around Lost Tongue Overlook.' in GRUP Topic Children of DialogueRiftenHellos [DIAL:00040760]);;;TIF__000DA661;
671791;DialogueRiftenHellos [DIAL:00040760];;[INFO:000A402F] ('My only concern is for the children. The poor darlings have no one else.' in GRUP Topic Children of DialogueRiftenHellos [DIAL:00040760]);;;;
671790;DialogueRiftenHellos [DIAL:00040760];;[INFO:000A402E] ('I'm sorry, but the children aren't up for adoption right now. You should go.' in GRUP Topic Children of DialogueRiftenHellos [DIAL:00040760]);;;;
671789;DialogueRiftenHellos [DIAL:00040760];;[INFO:000A402D] ('You really shouldn't be in here.' in GRUP Topic Children of DialogueRiftenHellos [DIAL:00040760]);;;;
853402;DialogueRiftenHellos [DIAL:00040760];;[INFO:000D059A] ('I can't believe Grelod is dead. I had no love for the woman, but to be murdered, in cold blood...' in GRUP Topic Children of DialogueRiftenHellos [DIAL:00040760]);;;;
671788;DialogueRiftenHellos [DIAL:00040760];;[INFO:000A402C] ([G]'Grelod... murdered. Here. I... I need... air... You... you... Get out of here! Get out!' in GRUP Topic Children of DialogueRiftenHellos [DIAL:00040760]);;;;
572382;DialogueRiftenHellos [DIAL:00040760];;[INFO:0008BBDE] ('Why's someone like you want to hang around a place like this?' in GRUP Topic Children of DialogueRiftenHellos [DIAL:00040760]);;;;
572381;DialogueRiftenHellos [DIAL:00040760];;[INFO:0008BBDD] ('Constance don't care much for strangers in the orphanage. Afraid someone might hurt one of us kids. Which, I gotta admit, is kind of nice.' in GRUP Topic Children of DialogueRiftenHellos [DIAL:00040760]);;;;
572384;DialogueRiftenHellos [DIAL:00040760];;[INFO:0008BBE0] ('Grelod ain't going to like some stranger just hangin' around. Not that I care.' in GRUP Topic Children of DialogueRiftenHellos [DIAL:00040760]);;;;
572379;DialogueRiftenHellos [DIAL:00040760];;[INFO:0008BBDB] ([SO]'Come to get yourself a kid? You're out of luck. No way Grelod will let any of us get adopted. Especially not since Aventus took off.' in GRUP Topic Children of DialogueRiftenHellos [DIAL:00040760]);;;;
93348;DialogueRiftenHellos [DIAL:00040760];;[INFO:00016CA4] ([G]'When Aventus took off, when he said those things, about killing Grelod... I never imagined he was serious...' in GRUP Topic Children of DialogueRiftenHellos [DIAL:00040760]);;;;
572378;DialogueRiftenHellos [DIAL:00040760];;[INFO:0008BBDA] ('I'm strong, and quick, and can do any chore you want. Come on, adopt me. Please?' in GRUP Topic Children of DialogueRiftenHellos [DIAL:00040760]);;;;
853401;DialogueRiftenHellos [DIAL:00040760];;[INFO:000D0599] ('Things are much better now that Grelod is dead, but still. I'm sick of this place.' in GRUP Topic Children of DialogueRiftenHellos [DIAL:00040760]);;;;
572376;DialogueRiftenHellos [DIAL:00040760];;[INFO:0008BBD8] ('I hate it here. Grelod the Kind is the meanest person in all of Skyrim.' in GRUP Topic Children of DialogueRiftenHellos [DIAL:00040760]);;;;
93347;DialogueRiftenHellos [DIAL:00040760];;[INFO:00016CA3] ([SO]'When Aventus escaped, Grelod was so mad. I got double the beatings that day. But that won't happen ever again.' in GRUP Topic Children of DialogueRiftenHellos [DIAL:00040760]);;;TIF__00016CA3;
572377;DialogueRiftenHellos [DIAL:00040760];;[INFO:0008BBD9] ([G]'Kill one person, and you can solve so many problems. I wonder at the possibilities.' in GRUP Topic Children of DialogueRiftenHellos [DIAL:00040760]);;;;
572375;DialogueRiftenHellos [DIAL:00040760];;[INFO:0008BBD7] ([SO]'I'm really afraid of Grelod. When Aventus escaped, she was so mad. I got double the beatings that day.' in GRUP Topic Children of DialogueRiftenHellos [DIAL:00040760]);;;TIF__0008BBD7;
572374;DialogueRiftenHellos [DIAL:00040760];;[INFO:0008BBD6] ('Constance Michel says we have to be careful of people we don't know.' in GRUP Topic Children of DialogueRiftenHellos [DIAL:00040760]);;;;
572373;DialogueRiftenHellos [DIAL:00040760];;[INFO:0008BBD5] ('You look kind of scary. But nobody is scarier than old Grelod.' in GRUP Topic Children of DialogueRiftenHellos [DIAL:00040760]);;;;
572372;DialogueRiftenHellos [DIAL:00040760];;[INFO:0008BBD4] ('My parents dropped me off here a year ago. But they're coming back to get me. They said so.' in GRUP Topic Children of DialogueRiftenHellos [DIAL:00040760]);;;;
93346;DialogueRiftenHellos [DIAL:00040760];;[INFO:00016CA2] ([SO]'I do hope mummy and father come to get me soon. Ever since that Aventus boy left, this place has gone mad.' in GRUP Topic Children of DialogueRiftenHellos [DIAL:00040760]);;;TIF__00016CA2;
853400;DialogueRiftenHellos [DIAL:00040760];;[INFO:000D0598] ([SO]'I do hope mummy and father come to get me soon. Ever since that Aventus boy left, Grelod has been so angry.' in GRUP Topic Children of DialogueRiftenHellos [DIAL:00040760]);;;TIF__000D0598;
572371;DialogueRiftenHellos [DIAL:00040760];;[INFO:0008BBD3] ([G]'I can't believe it! Grelod is dead! She's really dead!' in GRUP Topic Children of DialogueRiftenHellos [DIAL:00040760]);;;TIF__0008BBD3;
572370;DialogueRiftenHellos [DIAL:00040760];;[INFO:0008BBD2] ('I was named after the sound a lion makes. You know: rrroooaaaarr! Really.' in GRUP Topic Children of DialogueRiftenHellos [DIAL:00040760]);;;;
572369;DialogueRiftenHellos [DIAL:00040760];;[INFO:0008BBD1] ('It's too bad the orphanage ain't letting us kids get adopted. I'd be the best son ever.' in GRUP Topic Children of DialogueRiftenHellos [DIAL:00040760]);;;;
572368;DialogueRiftenHellos [DIAL:00040760];;[INFO:0008BBD0] ('I used to hate it here, but it's not so bad anymore. Constance is real good to us.' in GRUP Topic Children of DialogueRiftenHellos [DIAL:00040760]);;;;
572367;DialogueRiftenHellos [DIAL:00040760];;[INFO:0008BBCF] ([SO]'Please, lady. You got to get me out of here. Ever since Aventus left, Grelod's been even meaner than usual. I swear, she's going to kill one of us.' in GRUP Topic Children of DialogueRiftenHellos [DIAL:00040760]);;;TIF__0008BBCF;
572366;DialogueRiftenHellos [DIAL:00040760];;[INFO:0008BBCE] ([SO]'Please, mister. You got to get me out of here. Ever since Aventus left, Grelod's been even meaner than usual. I swear, she's going to kill one of us.' in GRUP Topic Children of DialogueRiftenHellos [DIAL:00040760]);;;TIF__0008BBCE;
264032;;DialogueRiftenHellos [DIAL:00040760];;;DialogueRiften "Riften Dialogue" [QUST:000368D8];;
33650447;WICourierDeliveries "(Invisible Continues Linked to Self)" [DIAL:00039F6C];;[INFO:0301770F] ('Ah, a letter from the Jarl! Moving up in the world, eh?' in GRUP Topic Children of WICourierDeliveries "(Invisible Continues Linked to Self)" [DIAL:00039F6C]);;;;
33570278;WICourierDeliveries "(Invisible Continues Linked to Self)" [DIAL:00039F6C];;[INFO:03003DE6] ('There's a new lady in charge of the Orphanage in Riften. She asked me to hand out these notices to everyone I met.' in GRUP Topic Children of WICourierDeliveries "(Invisible Continues Linked to Self)" [DIAL:00039F6C]);;;TIF__0119B154;
33570277;WICourierDeliveries "(Invisible Continues Linked to Self)" [DIAL:00039F6C];;[INFO:03003DE5] ('Here's a letter from the Jarl's steward. Looks like official business.' in GRUP Topic Children of WICourierDeliveries "(Invisible Continues Linked to Self)" [DIAL:00039F6C]);;;;
609664;WICourierDeliveries "(Invisible Continues Linked to Self)" [DIAL:00039F6C];;[INFO:00094D80] ('There's a new museum opening up in Dawnstar. The owner is asking me to hand out invitations to travelers.' in GRUP Topic Children of WICourierDeliveries "(Invisible Continues Linked to Self)" [DIAL:00039F6C]);;;;
237420;;WICourierDeliveries "(Invisible Continues Linked to Self)" [DIAL:00039F6C];;(Invisible Continues Linked to Self);WICourier "Courier" [QUST:00039F82];;
231226;[DIAL:00038731];;[INFO:0003873A] ('Some day soon I'll stop being afraid. Jouane is teaching me magic. He says I'm real good.' in GRUP Topic Children of [DIAL:00038731]);;;;
414868;[DIAL:00038731];;[INFO:00065494] ('Most days, I do all I can to stay away from my sister and my father. The beating's the same from either one.' in GRUP Topic Children of [DIAL:00038731]);;;;
414746;[DIAL:00038731];;[INFO:0006541A] ('I had a dream that there was a good dragon. He was old and gray, but he wasn't scary.' in GRUP Topic Children of [DIAL:00038731]);;;;
231225;[DIAL:00038731];;[INFO:00038739] ('I wish I could be an adventurer like you, and go wherever I want.' in GRUP Topic Children of [DIAL:00038731]);;;;
231222;[DIAL:00038731];;[INFO:00038736] ('I'm the older sister, by nearly five minutes. Sissel's barely worthy to walk in my shadow.' in GRUP Topic Children of [DIAL:00038731]);;;;
414717;[DIAL:00038731];;[INFO:000653FD] ('Sissel thinks she's so special. No way she's more special than me.' in GRUP Topic Children of [DIAL:00038731]);;;;
414714;[DIAL:00038731];;[INFO:000653FA] ('Are you new around here? You should go to the inn if you need a place to stay.' in GRUP Topic Children of [DIAL:00038731]);;;;
231221;[DIAL:00038731];;[INFO:00038735] ('If you beat up my sister Sissel, I won't tell.' in GRUP Topic Children of [DIAL:00038731]);;;;
231217;;[DIAL:00038731];;;DialogueRorikstead "Rorikstead dialogue" [QUST:0003867C];;
197292;HeartwoodMillHellos [DIAL:0003029D];;[INFO:000302AC] ('Millwork sure is boring, but at least I don't have to work in a nasty mine.' in GRUP Topic Children of HeartwoodMillHellos [DIAL:0003029D]);;;;
197291;HeartwoodMillHellos [DIAL:0003029D];;[INFO:000302AB] ('I'm not afraid of anyone. Put a sword in my hand and I could defend this place if I had to!' in GRUP Topic Children of HeartwoodMillHellos [DIAL:0003029D]);;;;
933519;HeartwoodMillHellos [DIAL:0003029D];;[INFO:000E3E8F] ('Someday I'll take over the mill... when I'm old enough.' in GRUP Topic Children of HeartwoodMillHellos [DIAL:0003029D]);;;;
197290;HeartwoodMillHellos [DIAL:0003029D];;[INFO:000302AA] ('My mother taught me the millwork trade... you know, which trees to cut and which ones to pass up.' in GRUP Topic Children of HeartwoodMillHellos [DIAL:0003029D]);;;;
197288;HeartwoodMillHellos [DIAL:0003029D];;[INFO:000302A8] ('I hope you're not here to start some trouble. I'll fight you if I have to.' in GRUP Topic Children of HeartwoodMillHellos [DIAL:0003029D]);;;;
197289;HeartwoodMillHellos [DIAL:0003029D];;[INFO:000302A9] ('It's just me and my mother at the mill here. My father is gone. We don't know what happened to him.' in GRUP Topic Children of HeartwoodMillHellos [DIAL:0003029D]);;;;
933518;HeartwoodMillHellos [DIAL:0003029D];;[INFO:000E3E8E] ('I knew it! I knew my father was a hero and he didn't just run away.' in GRUP Topic Children of HeartwoodMillHellos [DIAL:0003029D]);;;;
441254;HeartwoodMillHellos [DIAL:0003029D];;[INFO:0006BBA6] ('I can't believe my mother's gone. Now what'll I do?' in GRUP Topic Children of HeartwoodMillHellos [DIAL:0003029D]);;;;
197277;;HeartwoodMillHellos [DIAL:0003029D];;;DialogueHeartwoodMill "Dialogue Heartwood Mill" [QUST:000302C0];;
196857;DarkwaterCrossingHellos [DIAL:000300E6];;[INFO:000300F9] ('The Stormcloaks are named after Ulfric. He's a bad man, but don't tell the soldiers that.' in GRUP Topic Children of DarkwaterCrossingHellos [DIAL:000300E6]);;;;
196856;DarkwaterCrossingHellos [DIAL:000300E6];;[INFO:000300F8] ('Mom says the Empire is mean, but I don't think they're that bad.' in GRUP Topic Children of DarkwaterCrossingHellos [DIAL:000300E6]);;;;
217154;DarkwaterCrossingHellos [DIAL:000300E6];;[INFO:00035042] ('Derkeethus used to take me diving way down deep in the river. I miss him.' in GRUP Topic Children of DarkwaterCrossingHellos [DIAL:000300E6]);;;;
196854;DarkwaterCrossingHellos [DIAL:000300E6];;[INFO:000300F6] ('Sondas takes care of me when mom's not around.' in GRUP Topic Children of DarkwaterCrossingHellos [DIAL:000300E6]);;;;
196853;DarkwaterCrossingHellos [DIAL:000300E6];;[INFO:000300F5] ([SO]'Hi! I've never seen you around here before. Are you a miner too?' in GRUP Topic Children of DarkwaterCrossingHellos [DIAL:000300E6]);;;;
196838;;DarkwaterCrossingHellos [DIAL:000300E6];;;DialogueDarkwaterCrossing [QUST:0003010C];;
191563;[DIAL:0002EC23];;[INFO:0002EC4B] ('Have you met Torom? He's the best dog in the Reach.' in GRUP Topic Children of [DIAL:0002EC23]);;;;
191562;[DIAL:0002EC23];;[INFO:0002EC4A] ('Why do they call it Left Hand Mine? Can the miners use their right hands too?' in GRUP Topic Children of [DIAL:0002EC23]);;;;
418400;[DIAL:0002EC23];;[INFO:00066260] ('What'cha doing in Left Hand? Do you dig up rocks too, like my mom?' in GRUP Topic Children of [DIAL:0002EC23]);;;;
418399;[DIAL:0002EC23];;[INFO:0006625F] ([SO]'Hope Pavo will be able to go back to his mine soon. Everyone needs a home.' in GRUP Topic Children of [DIAL:0002EC23]);;;;
191561;[DIAL:0002EC23];;[INFO:0002EC49] ([SO]'Why is everyone so upset? If there's Forsworn, the Jarl will take care of them, right?' in GRUP Topic Children of [DIAL:0002EC23]);;;;
191523;;[DIAL:0002EC23];;;DialogueLeftHandMine "DialogueLeftHandMine" [QUST:0002EC60];;
189602;[DIAL:0002E470];;[INFO:0002E4A2] ('Changed the linens myself. They're fresh.' in GRUP Topic Children of [DIAL:0002E470]);;;;
189601;[DIAL:0002E470];;[INFO:0002E4A1] ('If you drink too much, you're out. No drunks.' in GRUP Topic Children of [DIAL:0002E470]);;;;
189600;[DIAL:0002E470];;[INFO:0002E4A0] ('My mother's dead, but I won't close the inn. I've hired Leontius to run things.' in GRUP Topic Children of [DIAL:0002E470]);;;;
189599;[DIAL:0002E470];;[INFO:0002E49F] ([SO]'This is the Old Hroldan Inn. Clean beds and strong drink.' in GRUP Topic Children of [DIAL:0002E470]);;;;
189552;;[DIAL:0002E470];;;DialogueOldHroldan "DialogueOldHroldan" [QUST:0002C7E2];;
197358;[DIAL:0002E13B];;[INFO:000302EE] ('Father says I don't have the knack for reading, but mama says I won't need it to work the farm.' in GRUP Topic Children of [DIAL:0002E13B]);;;;
188841;[DIAL:0002E13B];;[INFO:0002E1A9] ('Mama said I could help with the goats!' in GRUP Topic Children of [DIAL:0002E13B]);;;;
197357;[DIAL:0002E13B];;[INFO:000302ED] ('You're a guest. And father says we have to be polite to guests.' in GRUP Topic Children of [DIAL:0002E13B]);;;;
790448;[DIAL:0002E13B];;[INFO:000C0FB0] ('Mother says I shouldn't talk to people...' in GRUP Topic Children of [DIAL:0002E13B]);;;;
188793;[DIAL:0002E13B];;[INFO:0002E179] ('Pardon me.' in GRUP Topic Children of [DIAL:0002E13B]);;;;
188794;[DIAL:0002E13B];;[INFO:0002E17A] ('I don't have anything to say.' in GRUP Topic Children of [DIAL:0002E13B]);;;;
194541;[DIAL:0002E13B];;[INFO:0002F7ED] ('I... I don't want to talk.' in GRUP Topic Children of [DIAL:0002E13B]);;;;
793928;[DIAL:0002E13B];;[INFO:000C1D48] ('Papa used to say I was greg-gare-ree-yus, just like him. I miss him...' in GRUP Topic Children of [DIAL:0002E13B]);;;;
194536;[DIAL:0002E13B];;[INFO:0002F7E8] ('My papa says I'm greg-gare-ree-yus, just like him! He says it means "smart," but my brother says he's wrong.' in GRUP Topic Children of [DIAL:0002E13B]);;;;
188790;[DIAL:0002E13B];;[INFO:0002E176] ('Papa says I won't see Roggvir any more, but he wouldn't tell me why not.' in GRUP Topic Children of [DIAL:0002E13B]);;;;
732552;[DIAL:0002E13B];;[INFO:000B2D88] ([SO]'Hiya! What's your name? Are you visiting? What do you do?' in GRUP Topic Children of [DIAL:0002E13B]);;;;
733135;[DIAL:0002E13B];;[INFO:000B2FCF] ('Hey! Wanna play tag?' in GRUP Topic Children of [DIAL:0002E13B]);;;;
188731;;[DIAL:0002E13B];;;DialogueSolitude "Solitude Dialogue" [QUST:0002E1AD];;
33570399;RelationshipMarriagePostWeddingLoveInterestBlockingTopic "RelationshipMarriagePostWeddingLoveInterestBlockingTopic" [DIAL:0002E118];;[INFO:03003E5F] ('We face the world together now. Where should we live? My home is yours.' in GRUP Topic Children of RelationshipMarriagePostWeddingLoveInterestBlockingTopic "RelationshipMarriagePostWeddingLoveInterestBlockingTopic" [DIAL:0002E118]);;;BYOH_TIF__01003E5F;
841228;RelationshipMarriagePostWeddingLoveInterestBlockingTopic "RelationshipMarriagePostWeddingLoveInterestBlockingTopic" [DIAL:0002E118];;[INFO:000CD60C] ('I guess we have our entire lives together, now. Where should we live? You could stay with me....' in GRUP Topic Children of RelationshipMarriagePostWeddingLoveInterestBlockingTopic "RelationshipMarriagePostWeddingLoveInterestBlockingTopic" [DIAL:0002E118]);;;TIF__0002E11A;
188698;RelationshipMarriagePostWeddingLoveInterestBlockingTopic "RelationshipMarriagePostWeddingLoveInterestBlockingTopic" [DIAL:0002E118];;[INFO:0002E11A] ('We're married. I guess we'll need to decide where we're living, won't we? You can always stay with me.' in GRUP Topic Children of RelationshipMarriagePostWeddingLoveInterestBlockingTopic "RelationshipMarriagePostWeddingLoveInterestBlockingTopic" [DIAL:0002E118]);;;TIF__0002E11A;
33570402;RelationshipMarriagePostWeddingLoveInterestBlockingTopic "RelationshipMarriagePostWeddingLoveInterestBlockingTopic" [DIAL:0002E118];;[INFO:03003E62] ('This is the happiest day of my life. Where should we live? My home is your home now, of course.' in GRUP Topic Children of RelationshipMarriagePostWeddingLoveInterestBlockingTopic "RelationshipMarriagePostWeddingLoveInterestBlockingTopic" [DIAL:0002E118]);;;BYOH_TIF__01003E62;
841233;RelationshipMarriagePostWeddingLoveInterestBlockingTopic "RelationshipMarriagePostWeddingLoveInterestBlockingTopic" [DIAL:0002E118];;[INFO:000CD611] ('Married. It doesn't feel like I thought it would, but I'm happy. Where should we live? You could stay with me....' in GRUP Topic Children of RelationshipMarriagePostWeddingLoveInterestBlockingTopic "RelationshipMarriagePostWeddingLoveInterestBlockingTopic" [DIAL:0002E118]);;;TIF__000CD611;
841231;RelationshipMarriagePostWeddingLoveInterestBlockingTopic "RelationshipMarriagePostWeddingLoveInterestBlockingTopic" [DIAL:0002E118];;[INFO:000CD60F] ('I'm a married man! Hey, where should we live? I guess you could always stay with me.' in GRUP Topic Children of RelationshipMarriagePostWeddingLoveInterestBlockingTopic "RelationshipMarriagePostWeddingLoveInterestBlockingTopic" [DIAL:0002E118]);;;TIF__000CD60F;
841230;RelationshipMarriagePostWeddingLoveInterestBlockingTopic "RelationshipMarriagePostWeddingLoveInterestBlockingTopic" [DIAL:0002E118];;[INFO:000CD60E] ('We're united, but where should we live? My home is yours, of course.' in GRUP Topic Children of RelationshipMarriagePostWeddingLoveInterestBlockingTopic "RelationshipMarriagePostWeddingLoveInterestBlockingTopic" [DIAL:0002E118]);;;TIF__000CD60E;
188696;;RelationshipMarriagePostWeddingLoveInterestBlockingTopic "RelationshipMarriagePostWeddingLoveInterestBlockingTopic" [DIAL:0002E118];;RelationshipMarriagePostWeddingLoveInterestBlockingTopic;RelationshipMarriageFIN [QUST:00021382];;
174026;[DIAL:0002707A];;[INFO:0002A7CA] ('Stupid Lars Battle-Born. I fight him almost every day, but it's not much of a fight, 'cause he don't fight back.' in GRUP Topic Children of [DIAL:0002707A]);;;;
603383;[DIAL:0002707A];;[INFO:000934F7] ('I don't fight Lars no more, if that's what you're worried about.' in GRUP Topic Children of [DIAL:0002707A]);;;;
174025;[DIAL:0002707A];;[INFO:0002A7C9] ('Boys, girls, dogs, elders - there's nobody I won't fight!' in GRUP Topic Children of [DIAL:0002707A]);;;;
174024;[DIAL:0002707A];;[INFO:0002A7C8] ('What're you lookin' at? I'm not afraid of you, ya know. Even if you are my elder.' in GRUP Topic Children of [DIAL:0002707A]);;;;
159866;;[DIAL:0002707A];;;DialogueWhiterun "Whiterun City Dialogue" [QUST:000270A4];;
33643793;DialogueFollowerFavorStateTopic "I need you to do something." [DIAL:00026E0E];;[INFO:03015D11] ([G][R][RE]'As you command.' in GRUP Topic Children of DialogueFollowerFavorStateTopic "I need you to do something." [DIAL:00026E0E]);;;BYOH_TIF__01015D11;
910606;DialogueFollowerFavorStateTopic "I need you to do something." [DIAL:00026E0E];;[INFO:000DE50E] ([G][R]'Yes, Thane. What is it?' in GRUP Topic Children of DialogueFollowerFavorStateTopic "I need you to do something." [DIAL:00026E0E]);;;TIF__000DE50E;
159246;;DialogueFollowerFavorStateTopic "I need you to do something." [DIAL:00026E0E];;I need you to do something.;DialogueFollower [QUST:000750BA];;
181977;[DIAL:00024313];;[INFO:0002C6D9] ('Assur always wants to play "Hunt the Elf" and he makes me be the Elf.' in GRUP Topic Children of [DIAL:00024313]);;;;
181976;[DIAL:00024313];;[INFO:0002C6D8] ('There's not many people left in Winterhold, so I only have Assur to play with, and sometimes he's mean.' in GRUP Topic Children of [DIAL:00024313]);;;;
181973;[DIAL:00024313];;[INFO:0002C6D5] ('Assur and I are playing a game. Don't tell him where I am!' in GRUP Topic Children of [DIAL:00024313]);;;;
181975;[DIAL:00024313];;[INFO:0002C6D7] ('Assur says his pa says the College made lots of bad things happen, but the mages I've seen look nice.' in GRUP Topic Children of [DIAL:00024313]);;;;
920830;[DIAL:00024313];;[INFO:000E0CFE] ('The mages don't let us go in the College. They said it's not safe in there.' in GRUP Topic Children of [DIAL:00024313]);;;;
181974;[DIAL:00024313];;[INFO:0002C6D6] ('Assur had to move away because of the Empire. But we get to stay.' in GRUP Topic Children of [DIAL:00024313]);;;;
148243;;[DIAL:00024313];;;DialogueWinterhold [QUST:0002430E];;
839007;[DIAL:0002137B];;[INFO:000CCD5F] ([SO]'A good house. You chose well. I don't like sitting still, so I've decided to open a store. Buy and sell whatever is needed.' in GRUP Topic Children of [DIAL:0002137B]);;;BYOH_TIF__000CCD5F;
839006;[DIAL:0002137B];;[INFO:000CCD5E] ([SO]'I've seen bigger houses, but it's yours, so I like it. Now, I think I need something to do if you're ever away, so I'll be opening a store.' in GRUP Topic Children of [DIAL:0002137B]);;;BYOH_TIF__000CCD5E;
839005;[DIAL:0002137B];;[INFO:000CCD5D] ([SO]'This house is huge. I'll be tripping my feet all over this place. Hey, I think I'll start a little business here. Something to do, you know?' in GRUP Topic Children of [DIAL:0002137B]);;;BYOH_TIF__000CCD5D;
839004;[DIAL:0002137B];;[INFO:000CCD5C] ([SO]'This house of yours is wondrous, at least to these eyes. I've thought about starting a store. Something to do here when you're out.' in GRUP Topic Children of [DIAL:0002137B]);;;BYOH_TIF__000CCD5C;
839003;[DIAL:0002137B];;[INFO:000CCD5B] ([SO]'Strange house, but strong. Solid. I think I'll open a store. A task to tend to whenever you're away.' in GRUP Topic Children of [DIAL:0002137B]);;;BYOH_TIF__000CCD5B;
839002;[DIAL:0002137B];;[INFO:000CCD5A] ([SO]'You have quite a house. I'm thinking of setting up a small store here. Sell odds and ends.' in GRUP Topic Children of [DIAL:0002137B]);;;BYOH_TIF__000CCD5A;
293365;[DIAL:0002137B];;[INFO:000479F5] ([SO]'It's a wonderful house, my love. If you don't mind, I'm going to start a small store. Something to do whenever you're on the road.' in GRUP Topic Children of [DIAL:0002137B]);;;BYOH_TIF__000479F5;
136059;;[DIAL:0002137B];;;RelationshipMarriageFIN [QUST:00021382];;
135796;[DIAL:0002124F];;[INFO:00021274] ('Have you met Lucky? He's my pet goat, and he helps me patrol the town.' in GRUP Topic Children of [DIAL:0002124F]);;;;
135795;[DIAL:0002124F];;[INFO:00021273] ('I wish I was a soldier! They get to travel and stay up late and have fun!' in GRUP Topic Children of [DIAL:0002124F]);;;;
135794;[DIAL:0002124F];;[INFO:00021272] ('Pa says I'm too young to fight in the war, but I can still help by patrolling the town.' in GRUP Topic Children of [DIAL:0002124F]);;;;
135793;[DIAL:0002124F];;[INFO:00021271] ('Are you a soldier? One day, I'm going to be a soldier!' in GRUP Topic Children of [DIAL:0002124F]);;;;
135759;;[DIAL:0002124F];;;DialogueDragonBridge "Dragon Bridge Dialogue" [QUST:000212AB];;
331181;[DIAL:0001FED2];;[INFO:00050DAD] ('Goodbye, assassin.' in GRUP Topic Children of [DIAL:0001FED2]);;;;
130770;;[DIAL:0001FED2];;;DarkBrotherhood "Dark Brotherhood" [QUST:0001EA5C];;
584763;MG01InitialBranchTopic "Where can I learn more about magic?" [DIAL:0001F80E];;[INFO:0008EC3B] ([SO]'Magic? That's dangerous. You want to learn that, go to that College in Winterhold. They teach that stuff there.' in GRUP Topic Children of MG01InitialBranchTopic "Where can I learn more about magic?" [DIAL:0001F80E]);;;TIF__0008EC3B;
129038;;MG01InitialBranchTopic "Where can I learn more about magic?" [DIAL:0001F80E];;Where can I learn more about magic?;MG01 "First Lessons" [QUST:0001F251];;
97966;[DIAL:00017EA9];;[INFO:00017EAE] ('Yeah! Get her! Kill her!' in GRUP Topic Children of [DIAL:00017EA9]);;;;
97964;[DIAL:00017EA9];;[INFO:00017EAC] ('Whoa! They killed Grelod! Ha ha ha ha ha!' in GRUP Topic Children of [DIAL:00017EA9]);;;;
97963;[DIAL:00017EA9];;[INFO:00017EAB] ('Oh my goodness!' in GRUP Topic Children of [DIAL:00017EA9]);;;;
97962;[DIAL:00017EA9];;[INFO:00017EAA] ('Did you see that?' in GRUP Topic Children of [DIAL:00017EA9]);;;;
97961;;[DIAL:00017EA9];;;DialogueRiften "Riften Dialogue" [QUST:000368D8];;
695107;DialogueGenericHello "DialogueGenericHello" [DIAL:000142B5];;[INFO:000A9B43] ([R]'Hi there.' in GRUP Topic Children of DialogueGenericHello "DialogueGenericHello" [DIAL:000142B5]);;;;
82613;;DialogueGenericHello "DialogueGenericHello" [DIAL:000142B5];;DialogueGenericHello;DialogueGeneric "Generic dialogue" [QUST:00013EB3];;
